"replicate","k","edges","bridges","components_before","graph_seconds","xg_error","xg_profiled_error","fitted_scale","mean_pair_relative_bias","fraction_shorter","coarse_error","sources32_error","sources64_error","fine16_error","fine128_error","medium16_error"
1,3,1865,3,4,0.981,0.734819915626304,0.216641475100293,1.64287267547833,0.743549174735743,0.00354088722608231,0.734689969666715,0.707779182750018,0.751715740127892,0.645163596076287,NA,0.645130174577183
1,4,2431,1,2,0.603,0.374365935919545,0.133025909452945,1.32992586882328,0.365402286520462,0.00471004810261892,0.3742634866531,0.370261200060334,0.38002853176337,0.32225986462318,NA,0.322233022720107
1,5,3005,0,1,0.167,0.216938559096091,0.0880318343077404,1.18997019283715,0.208171724382631,0.00597942276857296,0.216848485288142,0.225421966049295,0.220201863132648,0.199034627714819,NA,0.199010662148453
1,6,3543,0,1,0.171,0.149138719718224,0.063066690580891,1.13097643019659,0.142434225798839,0.00719869053981828,0.149054104847352,0.15119479077563,0.14948573292081,0.131634417439531,NA,0.13161153681223
1,7,4089,0,1,0.181,0.106494159149593,0.0418184396786682,1.09612421624526,0.103417572723869,0.00845136290753608,0.106411795816512,0.103084162886699,0.103350961708786,0.0994046409851565,NA,0.0993823300292881
1,8,4625,0,1,0.187,0.0815104452217867,0.0305086297033953,1.07462621509939,0.0799179211072005,0.00966227952966328,0.0814286926048648,0.0793473405492365,0.0799799145355421,0.0765716353792276,NA,0.0765493844029102
1,9,5164,0,1,0.21,0.0656933142346101,0.0244776750135159,1.06034862310324,0.0643378421817876,0.0111404329235703,0.0656128159326659,0.0644991457910587,0.0649796519345083,0.0627183591360873,NA,0.0626964314297304
1,10,5719,0,1,0.203,0.0563895563393409,0.0222191823860607,1.05132361478415,0.0546775719720265,0.0126770443613041,0.0563100803283895,0.0553620010499137,0.0556264463450487,0.0529951421408482,NA,0.0529736668240444
1,11,6277,0,1,0.213,0.0490033029763779,0.0205628246234292,1.0440502212176,0.0473107378292416,0.0142220069481561,0.0489260169662577,0.0477867938185297,0.0484323868093337,0.0457125138951064,NA,0.0456915346301576
1,12,6837,0,1,0.222,0.0410351669561426,0.0172551840242549,1.03692894471689,0.0395543221672897,0.0155999465526456,0.0409582746771964,0.0401961506974572,0.0407538242588414,0.0390158025671064,NA,0.0389949758315338
1,13,7389,0,1,0.24,0.0348718170024339,0.0145477485121996,1.03147813611281,0.0334316738784618,0.0171532602886157,0.0347949152027566,0.0344809547282958,0.0349811402261579,0.0338859058414296,NA,0.0338651833992126
1,14,7958,0,1,0.235,0.0308839184282312,0.01310084109571,1.02779408357959,0.0294594710343375,0.0189404061998931,0.0308076323506268,0.030598801122729,0.0312807061365012,0.0300698593066103,NA,0.0300493200546263
1,15,8507,0,1,0.257,0.0272939991837895,0.011720396092235,1.02451077726095,0.0257950890695872,0.0208277659005879,0.0272181725729266,0.0271307487291994,0.0274035755417495,0.0270679205346273,NA,0.0270475918720538
1,16,9077,0,1,0.248,0.0243786861696402,0.0106220604554696,1.02182916666349,0.022996232450653,0.0231159807589524,0.0243034942616276,0.0241562188486399,0.0245071642227791,0.0238253542860287,NA,0.0238050981518142
1,17,9609,0,1,0.256,0.0227516864003509,0.01018351806363,1.02024091346554,0.0212884992629751,0.0251119053981828,0.0226769785011044,0.0224514995303041,0.0228736007171205,0.0222437863052754,NA,0.0222236918147027
1,18,10157,0,1,0.265000000000001,0.0204285110264402,0.00941262853354873,1.01804163953779,0.018933547997246,0.0271746392303581,0.0203541544566569,0.020091090765444,0.0204743858085185,0.020062142057432,NA,0.0200421142592066
1,19,10704,0,1,0.289,0.0189972861400375,0.00906284597973461,1.01661354628524,0.017408055768613,0.0294545029396045,0.0189237024401511,0.0187752326228306,0.0191096738684966,0.0187710203794785,NA,0.0187511756047645
1,20,11256,0,1,0.277,0.016801511513514,0.00813297242832736,1.01463541099732,0.0152951412774924,0.0320517103153394,0.0167284186832921,0.0165497464678777,0.0169242983283422,0.0163542590105202,NA,0.0163345342924388
1,21,11820,0,1,0.428,0.0156482272933909,0.00776346156832784,1.01352605589604,0.0141612513860867,0.0348911010154997,0.0155758435670679,0.0154287229277997,0.0157152910902722,0.0153295681593765,NA,0.0153100170420013
1,22,12365,0,1,0.307,0.0143259457839408,0.00720003975847571,1.01233310804612,0.0128081755146802,0.0380394842330305,0.0142536283085759,0.0141810992008684,0.0142712553221382,0.0142564296965316,NA,0.0142369383794349
1,23,12929,0,1,0.315,0.0129599366907608,0.00666663465067034,1.01106917245774,0.0115796049371346,0.0411962185996793,0.012888622012711,0.0130028045136873,0.0130891623569132,0.0130281935570207,NA,0.0130089609379737
1,24,13474,0,1,0.32,0.0122154592997966,0.00645835261418006,1.01032672346523,0.0107903830999241,0.0451045563869588,0.0121448575823391,0.0122218819873203,0.0123051689556614,0.0124460117100447,NA,0.0124270174098124
1,25,14010,0,1,0.326,0.0115299497867825,0.00614166541671209,1.00972022782955,0.0100938927339634,0.0485201763762694,0.0114593219066202,0.0115689529440166,0.0115450911001202,0.0115819315625193,NA,0.0115629322344757
1,26,14565,0,1,0.341,0.0108505173891614,0.00589622429856804,1.00907383557726,0.00944872816701865,0.0524786210582576,0.01078061403989,0.0109762290513801,0.0109218024710981,0.0110288076726935,NA,0.0110099363495583
1,27,15104,0,1,0.36,0.0101555797427995,0.00561519131816161,1.00843039491708,0.00879126448513438,0.0571719668626403,0.010086252214903,0.01030205811975,0.0102593673771182,0.0102431342796913,NA,0.0102244675927395
1,28,15652,0,1,0.349,0.00961972152743973,0.0054120103795222,1.00792358414632,0.0082593414563908,0.0629175574559059,0.00955089329712082,0.00973610759244862,0.00972239257822791,0.0097954674551954,NA,0.00977690437434121
1,29,16209,0,1,0.356,0.00909180921310033,0.00524819436181522,1.0073965188539,0.00775920307122729,0.0680117584179583,0.00902410632033569,0.00923667992832459,0.00922840251341404,0.00920628592336894,NA,0.00918806241570411
1,30,16771,0,1,0.362,0.00863297723035694,0.00506685284223237,1.00696394159734,0.00728557895862009,0.0747344334580438,0.00856575753262253,0.0088380120888384,0.00873333601290133,0.00878080120531091,NA,0.00876268598771607
1,31,17304,0,1,0.372,0.0081472266330698,0.0048646745348388,1.00651176148055,0.00678881461057724,0.0824592463923036,0.00808052855912473,0.00816842070181598,0.00822303028174371,0.00808203613750457,NA,0.00806410131297435
1,32,17865,0,1,0.393,0.00775999749795819,0.00471780268538814,1.0061388749931,0.00637968869331352,0.0899251737039017,0.00769385692138825,0.0077677554460022,0.0077918470252047,0.00774809325433409,NA,0.00773025264122071
1,33,18417,0,1,0.382,0.00741507487185967,0.00455949297858351,1.00582678192975,0.00601268995875139,0.0966729021913415,0.0073491731695646,0.00749103017972194,0.00748754873380936,0.0074615727775485,NA,0.00744384091213568
1,34,18981,0,1,0.397,0.00707487731824069,0.00441944486225145,1.00550515725134,0.00566138099071687,0.104673303046499,0.0070094304177509,0.00719683769562706,0.00716836650608333,0.00716488714755248,NA,0.00714726081068453
1,35,19516,0,1,0.404,0.00683451003007232,0.00434170676045327,1.00525940153438,0.00540401887717695,0.110502405130946,0.0067697353408167,0.00696205920218018,0.00695527310405434,0.006887253649438,NA,0.00686976756414384
1,36,20072,0,1,0.408,0.00645087784229163,0.00414757285941414,1.00492358130389,0.00504470486957432,0.120281600748263,0.00638639566950538,0.0066647407276613,0.00655769510441111,0.0065764478356569,NA,0.0065590221345843
1,37,20640,0,1,0.433,0.00608652889378966,0.00400708597253376,1.00456532069084,0.00467036112737355,0.132925240513095,0.00602321544935751,0.00630799906044863,0.00620947943878865,0.00626166160487176,NA,0.00624460489403614
1,38,21187,0,1,0.414,0.00585367637157681,0.00392715356033794,1.00432542315286,0.00441975590788425,0.143806787814003,0.00579132074266254,0.00607347935975928,0.00599811833806053,0.00602295827398807,NA,0.0060061483370052
1,39,21738,0,1,0.427,0.00562524153657636,0.00384434350641805,1.00409184205746,0.00417613461240504,0.157719802244789,0.00556382048150221,0.00590497303352227,0.00574842328340111,0.00585836956007421,NA,0.00584176585520409
1,40,22279,0,1,0.436,0.00529998378616274,0.00365735583563095,1.00382244959251,0.00388879154615396,0.169069013896312,0.00523932261682145,0.0054987251578861,0.00536404065388654,0.00552975416913542,NA,0.00551327410595034
1,41,22839,0,1,0.578,0.00506156055169456,0.00353787230048752,1.00360726917113,0.00364490231918068,0.180318011758418,0.00500148156300865,0.00521193783468811,0.00509477448339858,0.00531656400304928,NA,0.00530026561119595
1,42,23399,0,1,0.451,0.00476225473212992,0.00337440387349423,1.00334904054008,0.00337390446510067,0.191775788348477,0.00470332642955998,0.00491697429536228,0.00485233442797682,0.00507153166258688,NA,0.00505541397157491
1,43,23957,0,1,0.452,0.004396809842727,0.00318480018183748,1.00302119254448,0.00306651358985787,0.206340192410476,0.00433933191934891,0.00435669815303699,0.00439795469996726,0.00435413997012135,NA,0.00433830192370945
1,44,24517,0,1,0.462,0.004235511393678,0.0031377764159266,1.00283513831814,0.00288591692385158,0.220679115446285,0.00417954683699394,0.00420081329968798,0.00424209904532425,0.00417476001379549,NA,0.00415927341117992
1,45,25059,0,1,0.466,0.00405036041318713,0.00305441193718771,1.00265074738617,0.00271220634332169,0.23468399251737,0.00399580754992042,0.00398392729856871,0.0040452405022406,0.00399686538426109,NA,0.0039817909169734
1,46,25628,0,1,0.475,0.00391297611268588,0.00300332272619208,1.00249925828257,0.00255988543459912,0.248095938001069,0.00385977420376722,0.00386619415641892,0.0039299119836656,0.00387621345016427,NA,0.00386149733493293
1,47,26171,0,1,0.486,0.00378267705507683,0.00294824978282326,1.00236122259232,0.00241578176880189,0.259887760555852,0.0037306480565673,0.00372743221789024,0.00380277635442729,0.00374143518047839,NA,0.00372707141859596
1,48,26739,0,1,0.497,0.00359423244880823,0.00285378708909602,1.00217690369697,0.00222904002031462,0.275972073757349,0.00354358289482106,0.00354297880291259,0.00360264495053197,0.00354847725340682,NA,0.00353455852673642
1,49,27304,0,1,0.496,0.00345258270574836,0.00279474109632773,1.00201944833431,0.0020681694252843,0.292223409941208,0.00340372972131443,0.00341566898040486,0.00349009097151596,0.00339738114115792,NA,0.00338384321264994
1,50,27875,0,1,0.499,0.00333515285679583,0.00273768428469375,1.00189733014984,0.00193896838742945,0.304583110636024,0.003287383976844,0.00329842724926878,0.00338026778259205,0.00325338469843965,NA,0.00324008746989051
1,51,28434,0,1,0.502000000000001,0.00322339112010709,0.00270532010686564,1.00174525783328,0.00179039220999639,0.321853287012293,0.00317785731525788,0.00315902511258721,0.00325748511977906,0.00310905248083076,NA,0.00309657335878391
1,52,29014,0,1,0.521,0.00313033918788823,0.00268555980517469,1.00160114888795,0.00163726405374445,0.341578701229289,0.00308731539153915,0.00306280045095874,0.00316020622004774,0.00302278811429073,NA,0.00301096780162019
1,53,29571,0,1,0.515000000000001,0.00303049260294719,0.00264872216406173,1.00146546193378,0.00149253188796787,0.360477351683592,0.00298976438254173,0.00296594554586621,0.00308262386733665,0.00289756273157292,NA,0.00288647925565247
1,54,30137,0,1,0.521,0.00297036697816448,0.00263259117367241,1.00136877973292,0.00138550459722646,0.374540686798503,0.0029314892157569,0.0029171902931007,0.003019964415009,0.00284702015545534,NA,0.0028363501934963
1,55,30711,0,1,0.53,0.00288523361262815,0.00259734857585795,1.00124959304676,0.00126127629839351,0.391760756280064,0.00284845769234819,0.00284808546407095,0.00293628095993671,0.00278407458770019,NA,0.00277390639950641
1,56,31282,0,1,0.529999999999999,0.00279345934569504,0.00254932729015313,1.00113559520868,0.00113312133748685,0.405414885088188,0.00275882485162229,0.00274858914777876,0.00282411473105905,0.0026846690820244,NA,0.00267514484690664
1,57,31837,0,1,0.534000000000001,0.00272162464651596,0.00251985277708688,1.00102205511814,0.00102140554378586,0.421265366114377,0.00268978792433142,0.00268500944316169,0.0027669789850646,0.00262214084815021,NA,0.00261343070982872
1,58,32397,0,1,0.542,0.00267146442084199,0.00249952324339679,1.00093669419437,0.00092731024209032,0.435620991448423,0.00264154803056195,0.00264441692913128,0.00272401030323126,0.00258372010759778,NA,0.0025756333100772
1,59,32976,0,1,0.545,0.00255047336393001,0.00242030843206863,1.00079853756538,0.000795094966298097,0.453500801710315,0.00252395837674537,0.00252239118777546,0.00257872085223625,0.00248630830101283,NA,0.00247909040002395
1,60,33539,0,1,0.555,0.00247218568419474,0.00237009036946352,1.00069752029618,0.000697084293964241,0.465701830571887,0.00244825025140219,0.00245127806166292,0.00249510337461993,0.0024103007507434,NA,0.00240396131992073
1,61,34102,0,1,0.56,0.00237047159559707,0.00229568042896878,1.00058550300694,0.00057836024853574,0.479556386958846,0.00234966659234484,0.00238128238193288,0.00240214882260292,0.00235053095396948,NA,0.00234480560433983
1,62,34687,0,1,0.593999999999999,0.0023353053140451,0.0022790816085806,1.00050418147421,0.000494446858804109,0.491022514698022,0.00231695251610174,0.00234946931982726,0.00236761542271228,0.00231894595888405,NA,0.002313928051604
1,63,35262,0,1,0.583,0.00228922666054181,0.00225611228591893,1.00038290637343,0.000382419740652936,0.508843866916088,0.00227496763897129,0.00231225618571659,0.00232609707345622,0.00227640909774255,NA,0.00227276977428414
1,64,35839,0,1,0.58,0.00226309406913401,0.0022400792004444,1.00031695194632,0.000312134944058149,0.521153460716195,0.00225102603263396,0.00227590105275232,0.00229645129748253,0.00225855410165246,NA,0.0022555013648743
1,65,36426,0,1,0.587999999999999,0.00223192644916746,0.00222013735303857,1.00022422128024,0.000219462315823304,0.533964123463389,0.00222315010020181,0.00225564656013475,0.00226888894693743,0.00222985085087828,NA,0.00222767530249337
1,66,36991,0,1,0.593999999999999,0.0022118976362733,0.00220636221218743,1.00015159451038,0.000140289370725914,0.546048236237306,0.00220568939580611,0.00224185846186261,0.00225375697944334,0.00221430847926969,NA,0.0022128395608731
1,67,37560,0,1,0.600000000000001,0.00221862020290161,0.00221721460203653,1.00007419877234,7.02491231491396e-05,0.558274318546232,0.00221537942015756,0.00225744456827145,0.00226795527704332,0.00223608409902457,NA,0.00223525401462528
1,68,38128,0,1,0.607999999999999,0.00220278469457852,0.0022027825416054,0.999989400674837,-1.84166313956566e-05,0.569748797434527,0.00220271493085066,0.00221789144663757,0.00224584705609397,0.00222214706040521,NA,0.00222202133612368
1,69,38697,0,1,0.624,0.00220829422355042,0.00220723441724396,0.999926547404153,-8.04388128346525e-05,0.579152191341529,0.00221061514673119,0.00222495464111344,0.00224834352360363,0.00223449221054547,NA,0.00223492214677198
1,70,39297,0,1,0.631,0.00220389909526618,0.00219877902083077,0.999844947871562,-0.00016097266323985,0.590409540352753,0.00220922440424931,0.00221337364765179,0.00224574899783765,0.00222411493509776,NA,0.00222544995618913
1,71,39874,0,1,0.663,0.0021673854259394,0.00215581133374525,0.999771615053422,-0.000239255820518795,0.600372461250668,0.00217551151171335,0.00218639331622218,0.0022197274791647,0.00218453133846823,NA,0.00218670227205634
1,72,40459,0,1,0.646999999999998,0.00217682573299419,0.00215861589426723,0.999714326099019,-0.000297266383205835,0.609625534473544,0.0021870175659716,0.00220022376203339,0.00223204619108137,0.00219577314450177,NA,0.00219835741619754
1,73,41036,0,1,0.658000000000001,0.00219648437085921,0.00216446970497564,0.999621636377956,-0.000387462804905582,0.621425708177445,0.00220997657349125,0.00222451779160808,0.00225338530305012,0.00221758563799474,NA,0.00222119941624259
1,74,41609,0,1,0.661999999999999,0.00221200230976871,0.0021675476564157,0.999554039326695,-0.00045154056775667,0.630837453233565,0.00222782873360238,0.00222776982200845,0.00226032209597357,0.00220920495657127,NA,0.00221347151453824
1,75,42179,0,1,0.673000000000002,0.00221879835871276,0.00216154918311993,0.999494536409078,-0.000512450894600771,0.639497594869054,0.00223672618285489,0.00222997659554665,0.00227328239339226,0.00220901699771022,NA,0.00221384916607516
1,76,42758,0,1,0.677999999999997,0.0021891885745556,0.00210989986035676,0.999411692628986,-0.000590462749295922,0.647957308925708,0.00221075931464416,0.0022266832321279,0.00220836415946085,0.00218024619610908,NA,0.00218622204413152
1,77,43334,0,1,0.696000000000002,0.00222236703339089,0.00212546125207565,0.999346369037944,-0.0006538227118289,0.657043359166221,0.00224604174116459,0.00224731910277643,0.0022357617340135,0.00220457621627659,NA,0.00221108595296631
1,78,43906,0,1,0.683999999999997,0.00224010573867832,0.00212068719705912,0.999273853610999,-0.000724775969866203,0.665945684126136,0.00226618141164659,0.00226306415094774,0.00225407486251475,0.00222976144741,NA,0.00223701351747508
1,79,44505,0,1,0.690000000000001,0.00227231055628102,0.00213178227447903,0.999208742465402,-0.00079170268866791,0.673269641902726,0.00230037520409427,0.00228302196394367,0.00228404056287738,0.00226716734918324,NA,0.00227480754411133
1,80,45078,0,1,0.696000000000002,0.0023146020371499,0.00215174174813989,0.999142487792835,-0.000853222235501404,0.679883752004276,0.00234442946896163,0.00232633387047903,0.00233010355597662,0.00231710995486988,NA,0.00232531883774111
2,3,1890,2,3,0.613,0.621800408287093,0.217414468144795,1.52590422995242,0.653222517648994,0.00364110101549973,0.62168570948203,0.592352993508777,0.603388302298941,0.607001235027144,NA,0.60697009090963
2,4,2446,0,1,0.151000000000002,0.233411564916492,0.0754245105356093,1.21467965407985,0.247206945385327,0.00475180384820951,0.233318987115924,0.233571304685552,0.230496905526339,0.253150960734574,NA,0.253125564865799
2,5,3016,0,1,0.161999999999999,0.158894148674725,0.0550474117377995,1.14583840222915,0.16529055168683,0.0059543693212186,0.158807579123253,0.165252067704054,0.162039526757894,0.17885037384308,NA,0.178826569919445
2,6,3579,0,1,0.169,0.11323403797833,0.0378819693964861,1.10520959301603,0.116161967283717,0.00726549973276323,0.113149781863228,0.116376397272616,0.115436065379322,0.119114185613077,NA,0.119091238863002
2,7,4134,0,1,0.175000000000001,0.0901605576990077,0.0330692673874207,1.08274590135114,0.0918990895321796,0.00860168359166221,0.0900795970982756,0.0933134746684025,0.0915107029511046,0.0943652227894462,NA,0.0943436966242003
2,8,4715,0,1,0.185,0.0713045418867545,0.0292374029539413,1.0641584341934,0.0709146848302754,0.00998797434526991,0.0712266724794672,0.0760246565013355,0.0726126460324494,0.0791441049556828,NA,0.079123394147214
2,9,5269,0,1,0.193999999999999,0.05997895202087,0.0257857253452784,1.05347483981029,0.0581721529277511,0.0114243719935863,0.0599024630359105,0.0638704537018657,0.061030375504081,0.0667649684056386,NA,0.0667450969052683
2,10,5836,0,1,0.206000000000001,0.0476704037095498,0.0189872394668508,1.04335909504917,0.0474650660346017,0.0127856092998397,0.0475932868285905,0.0462449321529902,0.0472527964653844,0.0454992429478509,NA,0.0454785532682187
2,11,6381,0,1,0.213999999999999,0.0419355749557408,0.0180884778241552,1.03750197968593,0.0410419732251597,0.0143890299305184,0.0418594731483736,0.0402352278518163,0.0413511697641673,0.0395421238152631,NA,0.0395217336532516
2,12,6939,0,1,0.221,0.0369551669346129,0.0167754875391801,1.03264344748331,0.035374003383664,0.0158922367717798,0.0368801072626884,0.0355716483044744,0.0365809676007422,0.0348848466985955,NA,0.0348648294865215
2,13,7496,0,1,0.229000000000001,0.0334915635089139,0.0158735497389581,1.02923639013005,0.0316428384966894,0.0175290619989311,0.0334175562986949,0.0324078545343182,0.0333528686498781,0.0313265058364742,NA,0.031306898119923
2,14,8032,0,1,0.233000000000001,0.0283981076505359,0.0130350186974074,1.02505830631688,0.0271672133347076,0.0191491849278461,0.0283238090079537,0.0273001555810472,0.0285748618225847,0.026851590303006,NA,0.0268317076200731
2,15,8568,0,1,0.243,0.0260939951977886,0.0121547204915364,1.02294129538033,0.0246905243678337,0.0210031400320684,0.0260202017766916,0.0250194911524105,0.0262155450093348,0.0244865270053501,NA,0.0244667886974795
2,16,9133,0,1,0.247999999999999,0.0232834622140147,0.0109681012434439,1.02041709815602,0.0218674232614637,0.0230324692677712,0.0232094250170997,0.0224548020527945,0.0234142374913503,0.0222817085379799,NA,0.0222620715163229
2,17,9658,0,1,0.276,0.0219073368946963,0.0106697577185084,1.01901883672344,0.0203066935552273,0.0253624398717263,0.021833906200277,0.0211894298600491,0.0220758915151506,0.0210496921175484,NA,0.0210302882862336
2,18,10176,0,1,0.261000000000001,0.0206192782669511,0.0102716065174016,1.01777259639413,0.0187837904045236,0.0273416622127205,0.0205461996527224,0.0197370477701157,0.0207881457015123,0.0196272788901365,NA,0.01960799723887
2,19,10746,0,1,0.273999999999999,0.0191346701678469,0.00974257218142884,1.01637327748753,0.0172216434094586,0.0295046098343132,0.0190621181442215,0.0182275120220826,0.0192666540286796,0.0182085949332208,NA,0.0181893628501198
2,20,11293,0,1,0.279,0.0174117255809954,0.0089247900386453,1.01487043312228,0.0155921049170205,0.0323272982362373,0.0173395885494295,0.0167368531179663,0.0175798001525327,0.0167256807517049,NA,0.0167065819139547
2,21,11853,0,1,0.303000000000003,0.0162145746516746,0.00858813703125913,1.01367935161819,0.0143661832546911,0.0351833912346339,0.0161433862967673,0.0157569186671161,0.0165503512268829,0.0157826380736512,NA,0.0157637872038536
2,22,12384,0,1,0.323,0.0152576858689204,0.00828141151939034,1.01274581494231,0.013297522151424,0.0383067210048103,0.0151869527097796,0.014833638149528,0.0155003391379529,0.0148385828133493,NA,0.0148198618472551
2,23,12911,0,1,0.312000000000001,0.0143990796452526,0.00807132257044888,1.01185887693701,0.0123760513318759,0.041455104222341,0.0143295898340578,0.0140108148565659,0.014657290041511,0.0140116040870624,NA,0.0139930473855884
2,24,13476,0,1,0.32,0.0132282510205139,0.00737092041629903,1.01092986812158,0.0112898256231576,0.0452047701763763,0.0131586058717725,0.0130748689591731,0.0135362953581481,0.0130938261802116,NA,0.0130753356681733
2,25,14032,0,1,0.329999999999998,0.0122473395003928,0.0068546368972963,1.01010233364797,0.0103736977445264,0.0490212453233565,0.0121777998438739,0.0122482429620761,0.0126869120672708,0.0122872601301482,NA,0.0122688271226861
2,26,14557,0,1,0.334,0.0110650044334045,0.00607993494949283,1.00920786789164,0.00942080465817523,0.0531634152859433,0.0109951198722902,0.0114027011971696,0.0111851214443336,0.0114847225249009,NA,0.0114663242831101
2,27,15099,0,1,0.345000000000002,0.0105521913802015,0.0058737700458762,1.00873169117163,0.00889301632644761,0.0577648984500267,0.0104825576440011,0.0107166392020055,0.0106068547694833,0.0110250449166099,NA,0.0110066245372496
2,28,15667,0,1,0.351999999999997,0.00974465934590562,0.00554779839243848,1.00798042071269,0.00815541059571152,0.0621659540352753,0.00967621800769463,0.00978111522028953,0.00974837894171186,0.00990828464341448,NA,0.00989006891413131
2,29,16222,0,1,0.357000000000003,0.00895290750950565,0.00510728617304212,1.00732710954864,0.00750871533942095,0.0674856360235168,0.0088846827469025,0.00885321141462217,0.00886496939951676,0.0089836097782803,NA,0.00896558899950913
2,30,16769,0,1,0.363,0.00835399699316523,0.00480116553314429,1.00681343449587,0.00695684587644766,0.0734734099412079,0.00828603565823268,0.00823924596990528,0.00824878153699198,0.0084377282572255,NA,0.00841989547456418
2,31,17312,0,1,0.372,0.0078746236874023,0.00464941216359911,1.00633387388511,0.00651292001695416,0.079252405130946,0.0078078422253106,0.00764487763533099,0.00772778488365498,0.0078897582718252,NA,0.00787227145265158
2,32,17870,0,1,0.378,0.0073431223941501,0.00443661991380592,1.00583160414986,0.00602798306521994,0.0874365312667023,0.00727731683461935,0.00715384373444881,0.0072290396210749,0.0074108714138882,NA,0.00739360031423658
2,33,18426,0,1,0.382999999999999,0.00696344397127053,0.00430946430851959,1.0054511508469,0.00562694645307224,0.0978754676643506,0.00689875363000849,0.00670260654991493,0.00680166394495714,0.00691020575911489,NA,0.00689335831814144
2,34,19007,0,1,0.391999999999999,0.00657154450249048,0.0041439211854981,1.00508311864844,0.00522992389769437,0.106243319080706,0.00650777263919184,0.00640495176919423,0.00644623946890433,0.00663100613307752,NA,0.00661441191836158
2,35,19543,0,1,0.402000000000001,0.00628030233940436,0.00400560729009906,1.00482101953313,0.00493538661857334,0.112364711384286,0.00621675138246811,0.00615427339779237,0.00617745198426135,0.00638541380694873,NA,0.0063688592807241
2,36,20110,0,1,0.407,0.00604044670434274,0.00393187839664783,1.0045700877126,0.00468266131365589,0.122043693212186,0.00597781573727648,0.0059235057637087,0.0059585862300602,0.00619709772058743,NA,0.0061808369915198
2,37,20683,0,1,0.412999999999997,0.00569445108146194,0.00375986800614872,1.00426255705538,0.00437333401950499,0.13276656867985,0.00563264749441143,0.00550973271496768,0.0055894496588794,0.00565958329845528,NA,0.00564340654828365
2,38,21217,0,1,0.421000000000003,0.00542357691970618,0.00364406677400515,1.0040036757721,0.0041129501984861,0.142570817744522,0.00536267008857493,0.00529554614089694,0.00535196634573002,0.00548358328039384,NA,0.00546762753102302
2,39,21786,0,1,0.425999999999998,0.00520952320516981,0.00355486755245609,1.00379551553394,0.00387468847838176,0.154061998931053,0.0051491099033283,0.00505959359400423,0.00514888174877922,0.00521399115534631,NA,0.00519826839234448
2,40,22366,0,1,0.432000000000002,0.00487097811854447,0.00336062098415193,1.00351470147164,0.00357697231877755,0.16739043292357,0.00481115204882736,0.00478515351415291,0.00484275540996239,0.00490628986425385,NA,0.00489083253975973
2,41,22921,0,1,0.448,0.00466428698738134,0.00326296080368804,1.00332231809297,0.00335672219981297,0.181052912880812,0.00460513192870013,0.00454323203928925,0.00462719346385749,0.00453733270655261,NA,0.00452170148560025
2,42,23469,0,1,0.438000000000002,0.00448349299401043,0.0031981818312948,1.00313195983371,0.00316097565826117,0.19428948423303,0.0044255107053271,0.00434182302252051,0.00444397874474233,0.00433635090221366,NA,0.00432101846688458
2,43,24025,0,1,0.442999999999998,0.00429174728348095,0.00314205014959636,1.00291358938326,0.00294160224135825,0.209563735970069,0.00423556810814347,0.00418071084848683,0.00424007277338461,0.00419510596011833,NA,0.0041801090463979
2,44,24577,0,1,0.447000000000003,0.00412662288785448,0.00308238878168074,1.00273420350986,0.00275062822957424,0.228136691608765,0.00407175336407427,0.00405082156297161,0.00409018278850613,0.00408137063644496,NA,0.00406665278228473
2,45,25144,0,1,0.453999999999994,0.00387492432690938,0.00293933873421155,1.00251630509602,0.00253048663321632,0.243586317477285,0.0038210774459026,0.00379386135429836,0.00384912912821114,0.00381723403110726,NA,0.00380265889109569
2,46,25735,0,1,0.464000000000006,0.0037266129769076,0.00287010422177644,1.00236877063613,0.00235696291005105,0.256931453768038,0.00367389233981467,0.0036751888682912,0.00370440057862114,0.00367787448287046,NA,0.00366356627379422
2,47,26296,0,1,0.480999999999995,0.00350894845392169,0.00275301985185595,1.00216810991356,0.00216078413755507,0.273358164083378,0.00345796029645221,0.00352292817109132,0.00350961722885604,0.00352595660217675,NA,0.00351208194999883
2,48,26855,0,1,0.485000000000007,0.00333731319842026,0.00266852309606225,1.00199704119826,0.00198060723377264,0.289893439337253,0.00328783092469253,0.00340426651573305,0.00334744774211244,0.0033918402947492,NA,0.00337843700410312
2,49,27418,0,1,0.491999999999997,0.00317430572088382,0.00259309844166505,1.00182414451984,0.00182872321900252,0.303965125601283,0.00312716017287802,0.00326594104314642,0.0031941086309243,0.00327388984475766,NA,0.00326086353819653
2,50,27997,0,1,0.509,0.00305063117606082,0.00253909564364549,1.00168451933082,0.00168577966320769,0.321402324959914,0.00300532619641774,0.00306538955371148,0.00302697115653067,0.00309283230101691,NA,0.00308043870955561
2,51,28564,0,1,0.5,0.00293098062008255,0.00248861906934425,1.00154217564256,0.00154115539174537,0.338530531801176,0.00288775025401736,0.00294765049875617,0.00291284209759718,0.00297328657686615,NA,0.00296135430031987
2,52,29130,0,1,0.506,0.00276663931242676,0.00238608254961576,1.00139463674701,0.00139497339559967,0.353946753073223,0.00272501871299728,0.00277170029778358,0.00274241311567716,0.00272279196113343,NA,0.00271091391011276
2,53,29705,0,1,0.510999999999996,0.00263469282305762,0.00232838124625748,1.00122757023257,0.00124451561396148,0.371885021378942,0.00259664021989903,0.00261423186422822,0.00260842079249431,0.00257278785243015,NA,0.00256177546237706
2,54,30261,0,1,0.541000000000004,0.00255691695979852,0.0022909590343147,1.001130247823,0.0011406866769386,0.384102752538749,0.00252078478233305,0.00253503300060731,0.00252114007337274,0.0025162077542845,NA,0.00250562264538192
2,55,30828,0,1,0.549999999999997,0.00250206537480516,0.00228181002075641,1.00102129022442,0.00103724095930769,0.401197554783538,0.00246910365378523,0.00247979157828693,0.00245766995541294,0.00244902499410521,NA,0.00243933686530739
2,56,31421,0,1,0.527999999999999,0.00240230948370644,0.00222746478208239,1.0008947673294,0.000905257216709751,0.415945684126136,0.00237233784945976,0.00239836066295752,0.00237639656722647,0.00235427275113977,NA,0.00234537312091141
2,57,32006,0,1,0.539000000000001,0.00232603223533236,0.0021878960210477,1.0007848693187,0.000797839893527336,0.431144775521112,0.00229932868946721,0.00231698324900873,0.00230141453857263,0.00225213837753789,NA,0.00224439549272265
2,58,32564,0,1,0.541000000000004,0.00227484518948057,0.0021684336997123,1.00068292849583,0.00069690569028514,0.448247928915019,0.00225141669408502,0.00222319995166462,0.00223591681882935,0.00220676591022757,NA,0.00219958212657616
2,59,33134,0,1,0.542999999999999,0.00222832633430023,0.00214678018117221,1.00059271262744,0.000606659425104238,0.462110836451096,0.00220784240671353,0.00217936086397953,0.00218541268870611,0.00216416459698701,NA,0.00215793468119161
2,60,33707,0,1,0.556000000000004,0.0021802295418932,0.00212133771557224,1.00049883508571,0.000510242533898407,0.476925774986638,0.0021630416296767,0.00212171575968352,0.00214469172959418,0.00213073890466924,NA,0.00212527173543831
2,61,34282,0,1,0.564,0.00214609025647928,0.0021059389770475,1.00040877603474,0.000418884923225771,0.491106026189204,0.00213212512772298,0.00208992629055994,0.0021125337847161,0.00211385241830176,NA,0.00210911220889254
2,62,34857,0,1,0.564,0.00209354617255006,0.00206936280330069,1.00031303632049,0.000321064494937799,0.50266401656868,0.00208303027161714,0.00204938874940672,0.00207261655967917,0.00205296658970436,NA,0.00204928689362853
2,63,35425,0,1,0.578999999999994,0.00206775739810167,0.00205656001234042,1.00021071072332,0.000222265920181813,0.519249398717263,0.00206122268101667,0.00201943342945862,0.00204343186345102,0.00201625237443738,NA,0.00201361629655343
2,64,35973,0,1,0.581000000000003,0.00206587404813228,0.00206026512729784,1.00014794306169,0.000157541618925409,0.531341862640299,0.0020616681627886,0.00201247700564251,0.0020430477425174,0.0020149390206533,NA,0.002013050111679
2,65,36525,0,1,0.582000000000001,0.00206092940511671,0.00205895590450945,1.00008602994476,9.30704597178072e-05,0.540803714591128,0.00205913152733978,0.00198506789572955,0.00203075792417412,0.0020007444056565,NA,0.00199949250114511
2,66,37101,0,1,0.593000000000004,0.00206536374730772,0.00206534848932865,1.00000474666702,1.43878679750056e-05,0.551083979155532,0.00206699210773579,0.00197589600532984,0.00202978576302199,0.00199231140609778,NA,0.00199193997657254
2,67,37677,0,1,0.595999999999997,0.00205911343362245,0.00205813639996425,0.999932198240504,-5.88228616404208e-05,0.562575160342063,0.00206358711646138,0.00195788734492958,0.00201363161190652,0.00199334649719863,NA,0.0019940800540701
2,68,38255,0,1,0.606000000000002,0.00204983829757432,0.00204532182899336,0.999859753878586,-0.000132299927560785,0.572588188134687,0.00205718348122282,0.00195936491490843,0.00200509173647791,0.00199000830818746,NA,0.00199154135685455
2,69,38817,0,1,0.609999999999999,0.00205544558305976,0.002044035379012,0.999779504635055,-0.000209189269470522,0.584421766435061,0.0020659413556298,0.00197913472537173,0.00202080139379177,0.00200597556567746,NA,0.00200813722633339
2,70,39409,0,1,0.616999999999997,0.00204721002303402,0.00202614193123888,0.999702919931428,-0.000282921039791295,0.594743786745056,0.00206084625618973,0.00198312445511194,0.00200805266211436,0.00200868361353672,NA,0.00201176550878987
2,71,39996,0,1,0.623000000000005,0.00206466543008596,0.0020323077585809,0.999631747476931,-0.000351395618151507,0.607487640299305,0.00208087412465752,0.00200281231514863,0.00202410069033988,0.00201746983115589,NA,0.00202117082366254
2,72,40577,0,1,0.638999999999996,0.00208070506867868,0.00203596299479584,0.999566664138913,-0.00041737228633545,0.616556988241582,0.0020993708648796,0.00202167328287513,0.00204289063487671,0.00203471962707609,NA,0.00203907241455342
2,73,41161,0,1,0.641000000000005,0.00209613075811434,0.00203256714811579,0.999483569042084,-0.00049429224198686,0.626085649385355,0.00211804162219004,0.00204143511278162,0.00206883461350718,0.00204133037247203,NA,0.00204636764179679
2,74,41731,0,1,0.652000000000001,0.00210558016987272,0.0020286730990535,0.999431997157499,-0.000547196204701606,0.632599545697488,0.00212941731336604,0.00205071169230199,0.00208053229676197,0.002047180001761,NA,0.00205269844810659
2,75,42301,0,1,0.645999999999994,0.00210375027136822,0.00200988869942136,0.999374568877522,-0.000602085651278214,0.641510221806521,0.00212989261225619,0.00205177204690996,0.0020789791730081,0.0020605249751681,NA,0.00206659033596323
2,76,42870,0,1,0.657000000000004,0.00214726467933706,0.0020318652184873,0.999301404557985,-0.000671661903160599,0.649218332442544,0.00217576947264952,0.00209730131984033,0.00211532411965751,0.00209192103465683,NA,0.00209845608215328
2,77,43431,0,1,0.659999999999997,0.00217243642693556,0.00203338983942703,0.99923112978894,-0.000741871182679421,0.65895577231427,0.00220312890036998,0.00213562249173795,0.0021509176680447,0.0021189194048226,NA,0.00212606411920475
2,78,44003,0,1,0.664999999999999,0.002199531041392,0.00203192957550062,0.999153723358439,-0.000819455373066486,0.67058892303581,0.00223251089316125,0.00216108559572296,0.00217867110168726,0.0021603713440426,NA,0.00216843944202779
2,79,44587,0,1,0.676000000000002,0.00223646685984005,0.00204201336690664,0.999083701182341,-0.000884153197453235,0.678906667557456,0.00227138590226612,0.00219697975099032,0.0022125184467847,0.00218351965937245,NA,0.00219202147693866
2,80,45188,0,1,0.679000000000002,0.00229168523395202,0.00206912454345599,0.999010549208724,-0.000956901522325719,0.686940473009086,0.00232834511061239,0.00223801762361139,0.00226532583707763,0.00223689056288081,NA,0.00224611633191838
3,3,1866,3,4,0.884,0.947336776021688,0.355725071706803,1.72249722327683,0.889315803199846,0.00369120791020844,0.947199107347381,0.984286547793397,0.978765769376782,0.986683681739072,NA,0.986647043477304
3,4,2416,0,1,0.149999999999999,0.307756913856873,0.118836452948513,1.26832240783673,0.317140890773684,0.00500233832175307,0.307662071097984,0.306158647458486,0.31806028577434,0.282027967171254,NA,0.282003403856845
3,5,2985,0,1,0.161999999999999,0.194849433624304,0.0765291948286552,1.17294126488767,0.197161209897308,0.00612139230358097,0.194763109282803,0.196306920919898,0.200914913871725,0.18359307951617,NA,0.183570431442331
3,6,3530,0,1,0.173000000000002,0.12612882578595,0.0493163701714092,1.11354606188464,0.129810493070045,0.00740746926777125,0.126047241537359,0.129009210306443,0.127896281612725,0.129412764499766,NA,0.129391409334235
3,7,4074,0,1,0.18,0.089964381696474,0.0332698226378785,1.08244197255087,0.0916426546838424,0.00884386691608765,0.0898845805930441,0.0895839849654619,0.0910488149421382,0.0896312298398917,NA,0.0896102714956828
3,8,4627,0,1,0.189,0.0709530646673216,0.0278582746221048,1.06445911881565,0.0724565205607731,0.0102635622661678,0.0708756620087242,0.0727292817122998,0.0725706805010984,0.0711899274229763,NA,0.0711695835097189
3,9,5188,0,1,0.196999999999999,0.0604250886161461,0.025248507517595,1.05424634182341,0.0603730553957727,0.0117250133618386,0.0603487288428302,0.063442133759813,0.0624191749354463,0.0615142788306069,NA,0.0614940267144576
3,10,5716,0,1,0.202000000000002,0.0505763035578049,0.0211755303571892,1.04547363116958,0.050337753266487,0.0127689070016034,0.0505009381632614,0.051722205755028,0.0514371042126436,0.0510669782015201,NA,0.0510467759159222
3,11,6256,0,1,0.212,0.0422343849190388,0.0175961416321571,1.03808003526184,0.0415199543201249,0.0143138695884554,0.042158767798586,0.0425634272521858,0.0427016003048038,0.0422322700367443,NA,0.0422121431026697
3,12,6794,0,1,0.216999999999999,0.0365941674084164,0.015623729318635,1.03284409086895,0.0355628120143587,0.0157920229823624,0.0365188572522194,0.037215564696371,0.0369128500222,0.0371096665186575,NA,0.0370897756741826
3,13,7340,0,1,0.227999999999998,0.0313974558637832,0.0135681417037323,1.02812834096108,0.0305053665696678,0.0174455505077499,0.0313229174377101,0.0319720632375946,0.0315839153415416,0.0320983618393528,NA,0.0320787173624313
3,14,7879,0,1,0.233000000000001,0.028159991781089,0.0125885533573576,1.02502960675891,0.0271393723555213,0.0190155665419562,0.0280864871900029,0.02838913069515,0.0281655477159169,0.0281549014847722,NA,0.0281355704435155
3,15,8428,0,1,0.246000000000002,0.0246294819732154,0.0109589290777488,1.02193596429849,0.0236472684051638,0.0207943613041154,0.0245557483157367,0.0246740207335615,0.0244900021192198,0.0242755522943508,NA,0.0242561174216677
3,16,8970,0,1,0.254999999999999,0.0218805733997664,0.0100835701389189,1.01931618726089,0.0209013517819687,0.0226483164083378,0.0218078722694686,0.0219874314266392,0.0219290000991433,0.021613744399114,NA,0.0215945608194206
3,17,9518,0,1,0.271999999999998,0.0194438202598713,0.00936137732135348,1.01695376279262,0.0184588647925267,0.0250785008017103,0.0193723041986365,0.0195488282946053,0.0195615601601179,0.0193178216050404,NA,0.0192989200425183
3,18,10057,0,1,0.262,0.017851102229482,0.0089678358346429,1.01535419094963,0.0167053135093201,0.027517036344201,0.0177806966734361,0.01771425136372,0.0179135646821701,0.0178630686666643,NA,0.0178443650069116
3,19,10623,0,1,0.276,0.0164191753070436,0.0083842757971541,1.01404651336496,0.0152409961427512,0.0296465793693212,0.0163492968423996,0.0163264297594066,0.0164867861345906,0.0164553092427061,NA,0.0164367579042306
3,20,11178,0,1,0.280000000000001,0.0150220729714037,0.00751078946718416,1.01295298600832,0.0138412618673702,0.0321853287012293,0.0149512695975206,0.0149077149028553,0.0151437743380164,0.0152922651454964,NA,0.015273337266421
3,21,11716,0,1,0.307000000000002,0.0138481561851392,0.00697700436610561,1.01191327361891,0.0125866308567825,0.0348660475681454,0.0137773928877489,0.0137704815258602,0.013992667750916,0.0140605434903273,NA,0.0140416769409065
3,22,12282,0,1,0.306999999999999,0.0128832209795296,0.00660993651526819,1.01101446095588,0.0115783934986875,0.0380895911277392,0.0128129723023691,0.0126896840637072,0.0129677621130762,0.0130171975471773,NA,0.0129984273774747
3,23,12817,0,1,0.314,0.0120473363350943,0.0062605143463346,1.01025360384713,0.0107416586576116,0.0412379743452699,0.0119774109880586,0.0118493628697715,0.0119978244727692,0.0120768903297844,NA,0.0120580989913715
3,24,13363,0,1,0.322000000000003,0.0111402920151737,0.00594772968005541,1.00938421866267,0.00986910118259393,0.0449959914484233,0.011071511655311,0.0109719925984312,0.0110910171818765,0.0111424926282215,NA,0.0111239334011874
3,25,13917,0,1,0.326999999999998,0.010536560797905,0.00576740640876903,1.008784598233,0.00919032552788679,0.0495974746125067,0.0104684002704552,0.010379768037331,0.0104485297529238,0.01049797871225,NA,0.0104796580059742
3,26,14467,0,1,0.335000000000001,0.00991189072183347,0.00548729649826248,1.00822422327858,0.00856672549241633,0.0536895376803848,0.00984386100415054,0.00984998058310251,0.00986282739904527,0.00996414323640943,NA,0.00994588091398294
3,27,15008,0,1,0.344999999999999,0.00937800321364631,0.00528062072737273,1.00772202496736,0.00803611723626426,0.0573807455905933,0.00931057956179847,0.00928501747521222,0.00927384061613117,0.00936703115427867,NA,0.00934902003353085
3,28,15552,0,1,0.350999999999999,0.00889684158664362,0.00513505607510668,1.00723891184498,0.00750255884388866,0.062291221272047,0.00883023666033284,0.00884650928996514,0.00882592059055562,0.00888815620557877,NA,0.00887043694695925
3,29,16096,0,1,0.355000000000004,0.00851341430554588,0.0050311633823547,1.00684237068705,0.00708479786413411,0.0683708578300374,0.00844763632338637,0.00854675575493726,0.00848263560330315,0.00865313802643139,NA,0.0086356107814512
3,30,16611,0,1,0.367999999999995,0.00808967984182365,0.00486597173880989,1.00643889285651,0.00667510426985817,0.0752772581507215,0.00802463686156657,0.00806804369317704,0.00807242212280836,0.00814446047131659,NA,0.00812721338542155
3,31,17171,0,1,0.372,0.00757399892514412,0.00466096601289299,1.00594824682381,0.00620894279609368,0.08305217797969,0.00751005470869678,0.00756339261135624,0.00759702063036863,0.00758499500724688,NA,0.00756807550540857
3,32,17711,0,1,0.374000000000002,0.00700880041578622,0.00441937580983342,1.00542034120748,0.00567069336812366,0.0916288081239979,0.00694621273483266,0.00711000492104488,0.00708030499871118,0.00710118478775361,NA,0.00708462907646836
3,33,18249,0,1,0.383000000000003,0.0066559852313702,0.00423526196267561,1.00511670447598,0.00532603150819091,0.0985686130411545,0.00659367133046653,0.00678209851948679,0.00673779578087284,0.00677465725304454,NA,0.00675820042024525
3,34,18792,0,1,0.393999999999998,0.00635919348363435,0.00411331636127935,1.00483280859716,0.00502395819254625,0.10795530464992,0.00629751516389101,0.00638295844909013,0.00641278116844618,0.00633757307619383,NA,0.00632124789829629
3,35,19332,0,1,0.396999999999998,0.00610396239794013,0.00405489373226236,1.00454602694034,0.00472852998425342,0.118853554249065,0.0060435249743876,0.00614870965848298,0.0061650202854387,0.00611228792917382,NA,0.00609626516598329
3,36,19845,0,1,0.421999999999997,0.00585207612335765,0.00393783329417934,1.00431349056246,0.00447151259855004,0.127613909673971,0.00579197475221291,0.00590063943447512,0.00587854984549202,0.00585434943453547,NA,0.00583842913929237
3,37,20385,0,1,0.413000000000004,0.00551725668790025,0.00378301302599961,1.0040017701654,0.00413828401656077,0.140741916087654,0.00545795538552189,0.00558757345093253,0.00555792909358033,0.00551229035528947,NA,0.00549666062529746
3,38,20937,0,1,0.423000000000002,0.00528414464631513,0.00370007487384671,1.00375879199393,0.00388637678797241,0.151940807055051,0.00522598232741637,0.00531379254318428,0.00530800056894038,0.00525517484281363,NA,0.00523985401234889
3,39,21488,0,1,0.427,0.00486586563498346,0.00343916155897147,1.00343038321042,0.00355164214526242,0.164801576696954,0.00480838160071077,0.00495360587395856,0.00494159269694316,0.00503577215469445,NA,0.00502057246095456
3,40,22031,0,1,0.430999999999997,0.00459853421854109,0.0033093718444635,1.00318194392433,0.00327819888198203,0.178923369855692,0.0045420034315262,0.00466710639931026,0.00465672432213575,0.00480202582674689,NA,0.00478715414733847
3,41,22593,0,1,0.427999999999997,0.00434454157838528,0.00315462501888793,1.00297725327874,0.00304661578894648,0.190130611972207,0.00428832334808173,0.00436511049354785,0.00436890929415463,0.00445455056380889,NA,0.00443978237821713
3,42,23151,0,1,0.427999999999997,0.00415671513756329,0.00308277249245882,1.00277883139784,0.00283610140178868,0.206331841261358,0.00410186676172081,0.00413833072589144,0.00417016015888126,0.00417721891850919,NA,0.00416283948683239
3,43,23710,0,1,0.438000000000002,0.00398526889778823,0.00301925434218701,1.00259213250606,0.00264143408166747,0.221297100481026,0.00393210620530887,0.00398773845453582,0.0040089403197078,0.00402477562466737,NA,0.00401067689844901
3,44,24268,0,1,0.459000000000003,0.00384071664041594,0.0029551974851936,1.00244441503445,0.00248449981466826,0.233539885088188,0.00378855591318692,0.00381252215181857,0.00384687787315303,0.00387466001546976,NA,0.00386079480393871
3,45,24823,0,1,0.447999999999993,0.0036937590721551,0.00290581570768201,1.00227193314892,0.00231006303201205,0.250584580438268,0.00364342556643507,0.00367610374262193,0.00370191853536008,0.00375134984232365,NA,0.0037380022016726
3,46,25403,0,1,0.459000000000003,0.00356883558530507,0.00286301524882356,1.00212247472379,0.00215689734221223,0.267336985569214,0.00352037349118314,0.0035603927695151,0.00358151671274168,0.00362992372502002,NA,0.00361702906776235
3,47,25956,0,1,0.459999999999994,0.0034098443974216,0.00278505302634787,1.00195961452569,0.00198679670444674,0.285175040085516,0.00336305863066326,0.00341045024353895,0.00341913037953392,0.00348347753358226,NA,0.00347092094243803
3,48,26502,0,1,0.478999999999999,0.00329885500828425,0.00273307547535701,1.00183989959596,0.00186333260963199,0.297267504008552,0.00325356481872746,0.00329489216824086,0.00330417785706907,0.00338607737829701,NA,0.00337383859241362
3,49,27046,0,1,0.477000000000004,0.0032356128914957,0.00272511683806732,1.00173698244777,0.00176365940354164,0.311280732228755,0.00319206652807243,0.0031932873905393,0.00322464446736527,0.00324596136911983,NA,0.00323398554012448
3,50,27599,0,1,0.483000000000004,0.00314779182197669,0.00270241061047877,1.00160688554208,0.00162878536722086,0.331582375734901,0.00310635288099263,0.003099087623309,0.00313462700159005,0.00314919780224149,NA,0.00313782650587567
3,51,28127,0,1,0.491,0.00306024804252906,0.00267525798611804,1.00147882696512,0.00149429039642167,0.34814270443613,0.00302121003617436,0.00303003874388756,0.00303688300455521,0.00307140603687655,NA,0.00306071106550032
3,52,28676,0,1,0.497,0.00296798005194419,0.00263907909029109,1.00135104959818,0.00137577088753366,0.362940940673437,0.00293156392418013,0.00295397050204187,0.00296425526846572,0.00302828567120463,NA,0.00301809714389935
3,53,29257,0,1,0.501000000000005,0.00289427198873783,0.002612273844362,1.00123931879104,0.0012611156749746,0.379183925708177,0.00286013525567931,0.00288731240731681,0.0028839275595069,0.00296019045753306,NA,0.00295054971726564
3,54,29812,0,1,0.501999999999995,0.00277267954217225,0.00255057103749972,1.00108086478495,0.00110763188318245,0.398500133618386,0.00274181777239221,0.00276720771292379,0.00277863944428803,0.00281775278632876,NA,0.00280902727454218
3,55,30365,0,1,0.512,0.00268678248520052,0.0025087361965282,1.00095551531113,0.000977545346784553,0.414743118653127,0.00265887375038901,0.00268732697713439,0.0026817472915576,0.00271816603845691,NA,0.00271041452807082
3,56,30942,0,1,0.515000000000001,0.00262585750842992,0.0024866990339076,1.00083731468107,0.000858527212173987,0.43186297434527,0.00260103627813978,0.00260811046981838,0.00261493521841936,0.00265555592078954,NA,0.00264857331138214
3,57,31502,0,1,0.528000000000006,0.00252196676783531,0.00241241440855362,1.0007294379478,0.000749565414135463,0.444949225013362,0.00249976013725578,0.00251256289749366,0.00253911988685283,0.00254399996928449,NA,0.00253762112860975
3,58,32061,0,1,0.528999999999996,0.00243251029817163,0.0023527439571768,1.00061230825572,0.000632896873444915,0.460941675574559,0.00241321104525115,0.00241569709397819,0.00244615737253237,0.00238939509505634,NA,0.00238357827459774
3,59,32624,0,1,0.536000000000001,0.00234746812802061,0.00229401609667417,1.00049285713035,0.000518343669038656,0.475706507215393,0.00233193420354182,0.00235464355269565,0.00238009615793843,0.00232006278857268,NA,0.00231540959575974
3,60,33189,0,1,0.549999999999997,0.00232430293238266,0.00228730061539836,1.00040788629835,0.00042867338526965,0.488233230892571,0.00231176406896431,0.00234788318455558,0.00236255036455898,0.00231381492492482,NA,0.00230964762235437
3,61,33759,0,1,0.551000000000002,0.00230048651760502,0.00227655461261151,1.00032582126231,0.000347176196361521,0.500342397113843,0.00229064543424579,0.00232060001889452,0.00233736113193373,0.00229413078769259,NA,0.00229078244216603
3,62,34319,0,1,0.569999999999993,0.00221546133314776,0.00220682036483097,1.0001906710813,0.000225605636954146,0.516176175841796,0.00221015579762292,0.00216148838589121,0.00222017473939643,0.00204419301734804,NA,0.00204277080816549
3,63,34867,0,1,0.569000000000003,0.00216943643212537,0.00216737159629533,1.00009004860853,0.000128108077451093,0.529003540887226,0.00216802356324974,0.00211266401662887,0.00216102195101182,0.0020134081657915,NA,0.00201302804087296
3,64,35429,0,1,0.567999999999998,0.0021644815142118,0.0021642968076314,1.0000239775132,5.40961559837881e-05,0.539358965793693,0.00216542330051808,0.00211480407612854,0.00215502344353252,0.00202756046704448,NA,0.00202777594424547
3,65,35996,0,1,0.576000000000008,0.00214547888470949,0.00214427461088846,0.999923380203233,-4.94191976316426e-05,0.552996392303581,0.00215013024821774,0.00207381828127154,0.00212265548844077,0.00199524640654105,NA,0.00199658757232031
3,66,36573,0,1,0.581999999999994,0.00213144804919177,0.00212527758896266,0.999833352900803,-0.000135973913892618,0.566132749866382,0.00213969331685077,0.00206305630348398,0.00210933592323701,0.00199723773915231,NA,0.00199943401583194
3,67,37152,0,1,0.588999999999999,0.00212539219729216,0.00211009504162143,0.999740968564879,-0.000224944511229078,0.579728420630679,0.0021371401156271,0.00205424686045636,0.0021092448248121,0.00200124611621489,NA,0.00200427639223238
3,68,37725,0,1,0.597000000000008,0.00214059970290539,0.0021122547141715,0.999648311559688,-0.000312027452286461,0.594844000534474,0.00215585842462853,0.00207341086832672,0.00211938613038098,0.00202268899230092,NA,0.00202658843829506
3,69,38278,0,1,0.60799999999999,0.00216191582796351,0.00212123240116426,0.999578040682901,-0.000382810092364398,0.603771378941742,0.00217977108225923,0.00209342017440985,0.00214013643491845,0.00205733841433984,NA,0.00206203034489713
3,70,38832,0,1,0.606000000000009,0.00218561560166184,0.00212804691897312,0.999497122912006,-0.000457590974946637,0.614945216461785,0.00220631753350637,0.00212258894738619,0.00216453924172623,0.00207868771407605,NA,0.00208439288901277
3,71,39402,0,1,0.608000000000004,0.0022009390243936,0.00212340816927564,0.999416449576035,-0.000535809694325011,0.62597708444682,0.00222459880174073,0.00213814302206508,0.00217402478920754,0.00209658698702105,NA,0.0021032117490659
3,72,39966,0,1,0.617999999999995,0.00221872948067198,0.00212388819927724,0.999353711965124,-0.000599675940480996,0.634812600213789,0.00224447994712089,0.00216068616659738,0.00219333896502885,0.00211370564020315,NA,0.00212095561536973
3,73,40518,0,1,0.623999999999995,0.00222250733390852,0.00210592893315263,0.999285199255824,-0.000668648094967079,0.64346439070016,0.00225079276127199,0.00218895003271757,0.0022194131590277,0.00214285403116934,NA,0.00215071982694424
3,74,41088,0,1,0.638000000000005,0.00224492656958454,0.00210869667252474,0.999225416559518,-0.00072792210017685,0.65172367717798,0.00227512949283879,0.00221645745464593,0.00224823898283054,0.00215537241088534,NA,0.00216360318846272
3,75,41649,0,1,0.638000000000005,0.00226354049327516,0.00210515505238059,0.999163730410929,-0.000784022593754033,0.65793693212186,0.00229588156825627,0.00224178767747905,0.00226846470353846,0.0021819745384996,NA,0.00219068536024004
3,76,42230,0,1,0.641999999999996,0.00229827659827627,0.00211400510683289,0.999093824803625,-0.000851999408607076,0.66796666221272,0.00233265991117892,0.00228334226738298,0.00230507007319227,0.00220375994616967,NA,0.00221285677208705
3,77,42810,0,1,0.656999999999996,0.00232813487707936,0.00211484257185475,0.999022044709459,-0.000924185827359534,0.677319949225013,0.00236454028481418,0.0023081002032639,0.00233141575513124,0.00222960234416499,NA,0.00223911055275776
3,78,43365,0,1,0.659999999999997,0.00235997843001007,0.00212074650501792,0.998960153306413,-0.00098843997762606,0.684192944949225,0.00239795939881404,0.00233869885121409,0.00236257810847159,0.00226340069346811,NA,0.00227338700177747
3,79,43938,0,1,0.665999999999997,0.00239337082622762,0.00212443246700425,0.998893204860228,-0.0010551078102009,0.693554583110636,0.00243316117169239,0.00238012428029136,0.00239701046632242,0.0023229826850288,NA,0.00233330799951508
3,80,44490,0,1,0.665999999999997,0.0024307681325254,0.00213764739950284,0.998838230384683,-0.00110847288261256,0.699834647247461,0.00247184780775908,0.00242030608063506,0.00243579681282876,0.00236059767779195,NA,0.00237119968816209
4,3,1872,1,2,0.581,0.632681518888638,0.18174679782169,1.56512837439114,0.67568084252556,0.00352418492784607,0.632557820755728,0.639256295491285,0.640733968728776,0.673365292335145,NA,0.673329390097225
4,4,2460,0,1,0.149999999999999,0.294076126415224,0.100689129774212,1.26505795420712,0.298223727070761,0.00477685729556387,0.293979467311086,0.286924009167088,0.28802218492405,0.286175362861285,NA,0.286147666938762
4,5,3025,0,1,0.164999999999999,0.156218240360258,0.0535551153090897,1.14370940711968,0.160095436943143,0.00607128540887226,0.156133284124717,0.15331084635405,0.158852863409061,0.158427469497063,NA,0.158403098663442
4,6,3587,0,1,0.177,0.11757500310239,0.0447207165320762,1.10665174917168,0.11829346054746,0.00729055318011758,0.117493287188768,0.114805481262534,0.119777637167816,0.11721405707996,NA,0.117190316122351
4,7,4121,0,1,0.184000000000001,0.095743262173202,0.0380264130539765,1.08637237046139,0.093805930393633,0.00851817210048103,0.095662535003381,0.0935682633536165,0.0980515158199314,0.0939322427379547,NA,0.0939088879153796
4,8,4668,0,1,0.195,0.0747558151032252,0.0283207706111117,1.06835905836763,0.0744033106643569,0.00974579102084447,0.0746758027966835,0.0760159754034137,0.0737562899670117,0.0765636129539022,NA,0.076540837131874
4,9,5207,0,1,0.202000000000002,0.0621555797316773,0.0241938931625658,1.05665481131464,0.061740098505289,0.0112155932656334,0.0620770420736018,0.0630593393382453,0.0611985987976302,0.062839190201148,NA,0.0628169313838879
4,10,5765,0,1,0.204999999999998,0.0518668336313946,0.0219570050219243,1.04649925200706,0.0507610903300268,0.0127689070016034,0.0517911661599604,0.0522177071577908,0.0510890604571498,0.0525088921183565,NA,0.0524874693431018
4,11,6276,0,1,0.212,0.0459852310613766,0.0198819678231926,1.04106358502893,0.0440795557224306,0.0140215793693212,0.0459102176988801,0.0464645056179267,0.0455143740414782,0.0464864561132685,NA,0.0464652435341067
4,12,6821,0,1,0.221,0.0387731454872514,0.0163367707401854,1.03489293102432,0.0374664216560884,0.0155331373597007,0.0386978035075379,0.0393225683438117,0.0388002110308115,0.0404936827506096,NA,0.0404722820268662
4,13,7352,0,1,0.228000000000002,0.0346319931306171,0.0155150198120863,1.0307187722493,0.032904461173077,0.0171532602886157,0.0345575112868055,0.0353845096767302,0.0345229170768526,0.0363410213176408,NA,0.0363201319909056
4,14,7884,0,1,0.233000000000001,0.0305096956333592,0.0138423911763667,1.02699527499278,0.028982715116704,0.0187065740245858,0.0304357178883794,0.0321572162208897,0.0306338215088021,0.0327316985604867,NA,0.0327110910040021
4,15,8418,0,1,0.247999999999998,0.0273999667066304,0.0128742433301465,1.02401986689792,0.025808488338615,0.0203016435061464,0.0273267240495505,0.0286404276907765,0.0274283618810705,0.0297326188730972,NA,0.0297121299337087
4,16,8973,0,1,0.27,0.0253461273488965,0.0121169715206379,1.02211424204547,0.023606793200051,0.0223727284874399,0.0252728153031636,0.0264081304696824,0.0254290385087203,0.027584955597819,NA,0.0275643362103829
4,17,9507,0,1,0.259,0.0233387078935041,0.0114423207366442,1.02020948259878,0.021559211156615,0.0240596606092998,0.023266021597406,0.0245227325839144,0.0234111373085519,0.0256978157242246,NA,0.0256774361014757
4,18,10067,0,1,0.27,0.021552079234085,0.010808524457101,1.018528321566,0.0195838337832344,0.0264981961517905,0.0214796059873049,0.0226794161707138,0.0218122176742483,0.0238853110663276,NA,0.0238651991828518
4,19,10619,0,1,0.286000000000001,0.0201020258409259,0.0104865311548546,1.01703950121705,0.0180802779496819,0.0289534339925174,0.0200303791838699,0.0212990470134485,0.0203535856581714,0.0225777526803273,NA,0.0225579028870067
4,20,11154,0,1,0.276,0.0185519134796326,0.0100210174884006,1.01551170987751,0.0164278947235361,0.0319932522715126,0.0184812060998362,0.0198066397218636,0.0187653336013826,0.0212211753721544,NA,0.0212017331883803
4,21,11684,0,1,0.299999999999997,0.0165291613959622,0.00888628081755316,1.01385797271637,0.014630481495434,0.0346405665419562,0.0164586212599984,0.0176387807978815,0.0166967095221482,0.0188151534962971,NA,0.0187955558598429
4,22,12227,0,1,0.308,0.0151729576357563,0.00812051965265777,1.01275082084069,0.0133217647146659,0.0378975146980224,0.0151022465984969,0.0159061754318741,0.0152446187935822,0.0167312265293485,NA,0.016711343392604
4,23,12784,0,1,0.315999999999995,0.0142290023394638,0.00773239972427389,1.01188464936571,0.0123971604706874,0.0410041421699626,0.0141584941436108,0.014953887674029,0.0144001393513931,0.0158908876595755,NA,0.0158710515034093
4,24,13331,0,1,0.337000000000003,0.0134955818449511,0.00751914441187748,1.01115012852329,0.0115553146001218,0.0447287546766435,0.0134255758624856,0.0141575400951692,0.0135986455028831,0.0150814057471524,NA,0.0150617072415123
4,25,13872,0,1,0.331000000000003,0.0126128680459854,0.00714629553585883,1.01034181487736,0.0107354208108166,0.0488542223409941,0.0125436084057435,0.0133037754863964,0.0127261489912485,0.0142087650118417,NA,0.0141892498897541
4,26,14437,0,1,0.333999999999996,0.0116363600535432,0.00667286683384503,1.00948834741246,0.00987979649538284,0.0534390032068413,0.0115678792457112,0.0123127858685373,0.0118053106640926,0.0132553066105588,NA,0.0132359521018887
4,27,14979,0,1,0.340000000000003,0.0109374522994109,0.00644485895239921,1.00879532794237,0.00916422452475302,0.0576062266167825,0.010870031880961,0.0115356406219134,0.0111518424647241,0.0125093226677452,NA,0.0124903358089836
4,28,15550,0,1,0.348999999999997,0.0103323490931526,0.00616590021116401,1.00825281808424,0.00859135824751243,0.0628089925173704,0.0102654564570449,0.0109636907734568,0.0105389982470855,0.0117776307245599,NA,0.011758908713618
4,29,16080,0,1,0.352000000000004,0.00962736109650739,0.00570548456701432,1.00772197168244,0.00801124325484681,0.0676526590058792,0.0095603078261155,0.0099680860273802,0.00966677674945394,0.0104258368774233,NA,0.0104072708825037
4,30,16636,0,1,0.359999999999999,0.00892120647895127,0.00532752900206053,1.00712736502159,0.00743411068968323,0.0737907536076964,0.00885495985946694,0.0092152135928516,0.00891051213548594,0.00951290379025671,NA,0.00949475518780049
4,31,17169,0,1,0.374000000000002,0.00858533524118557,0.00522659895977317,1.00678371295572,0.00708564464002976,0.078475748262961,0.00851983806402105,0.00893520756484905,0.00858601909880721,0.00922535194860994,NA,0.00920753245630758
4,32,17751,0,1,0.378,0.0081396073066725,0.00507673303974686,1.00633658626175,0.00664721416548508,0.0862840726884019,0.00807507653739746,0.00844413371880656,0.00813381700307268,0.00878954116483331,NA,0.00877208286905613
4,33,18318,0,1,0.381999999999998,0.00774579060448801,0.00493474613515608,1.00594601549867,0.00622031366050209,0.0946435729556387,0.0076820455815421,0.00800353828586909,0.00769308865130254,0.00830632495659921,NA,0.00828920590344037
4,34,18872,0,1,0.390999999999998,0.00734107272714711,0.00474396066229382,1.00557981505469,0.00583845202451784,0.101399652592197,0.00727799037530561,0.00759309533191409,0.00729413103872915,0.00787451140573345,NA,0.00785767110348604
4,35,19423,0,1,0.396000000000001,0.00692881200707912,0.0045305974389805,1.00522179991761,0.00543461480837809,0.110377137894174,0.00686642941159718,0.00718745378036879,0.00688985474001517,0.00746829173351781,NA,0.00745174506424758
4,36,19974,0,1,0.405000000000001,0.0065907620669928,0.00440628001641586,1.0048818860821,0.00509765963260582,0.120239845002672,0.00652974027461046,0.00687074011651986,0.00658928891347756,0.00718933993358331,NA,0.00717325030914076
4,37,20520,0,1,0.408000000000001,0.00633161723191649,0.00430498005000131,1.00462436179206,0.00481681188904783,0.129067009620524,0.00627135699796743,0.00665841353262891,0.00631798208250244,0.00697325308579164,NA,0.00695742733122837
4,38,21077,0,1,0.417999999999999,0.00598921323792657,0.00413501409422968,1.00431560376638,0.0045000138514753,0.139113442009621,0.00593010066182363,0.00633998293420506,0.00595748323721914,0.00672821365196487,NA,0.00671263738040173
4,39,21644,0,1,0.432000000000002,0.00574461121324155,0.00405932581749999,1.00404830149543,0.00422492291058735,0.149894775521112,0.00568688548134917,0.00611868797314194,0.00569592159380484,0.00647551730749046,NA,0.00646030006389545
4,40,22209,0,1,0.430999999999997,0.00547321512500555,0.00393759703420594,1.00378599918398,0.00394628081886797,0.161569681988242,0.0054165393698493,0.00584364044580499,0.00543235568678985,0.00615643108483707,NA,0.00614161231405754
4,41,22754,0,1,0.441000000000003,0.00531131686852423,0.00388753545129238,1.00360389067496,0.00374557387239697,0.175357429182255,0.00525565446770799,0.00569213575989964,0.00527085816976294,0.00602633026938254,NA,0.0060117899990735
4,42,23321,0,1,0.426000000000002,0.00483025901241054,0.00354366328333218,1.00326980076327,0.00339195200340822,0.189462520042758,0.00477477304440284,0.00509695807014136,0.0048073729905284,0.00530221966807416,NA,0.00528697958348371
4,43,23882,0,1,0.432000000000002,0.00462463982362969,0.00346645177798859,1.00304919886909,0.00316551131914848,0.205947688401924,0.00457055606774903,0.00493200737398808,0.00463496868246701,0.00515664745021563,NA,0.00514182919839675
4,44,24455,0,1,0.439000000000007,0.00444558177224855,0.00338783512232729,1.00286703049677,0.0029839071677882,0.218248931052913,0.00439287122907417,0.00470069352462358,0.00444750400671499,0.00495325147729706,NA,0.00493891481648149
4,45,25025,0,1,0.447999999999993,0.00418961188728681,0.0032350818303827,1.00265170051736,0.00275678680826791,0.231285074826296,0.00413785314240613,0.00442346242910509,0.00419077022268849,0.00479271364851442,NA,0.00477869818969739
4,46,25579,0,1,0.460999999999999,0.00399379986936061,0.00314121229684171,1.00245655945543,0.002547838201937,0.248989510956708,0.00394339118048178,0.00426233947987107,0.00402395705211358,0.00464203017245794,NA,0.00462849646315747
4,47,26174,0,1,0.461000000000013,0.00383904024977839,0.00307335951661285,1.00229114807082,0.00237135157635278,0.262777258150722,0.00379023439405658,0.00411536084936517,0.00387724100552945,0.00446719104922976,NA,0.0044539790247716
4,48,26718,0,1,0.465000000000003,0.00371918068755948,0.0030248496533522,1.00215478900725,0.00223178934669404,0.277684059326563,0.00367182930474698,0.00401638033109884,0.00374086050501392,0.00436015799248254,NA,0.00434747160581986
4,49,27280,0,1,0.475999999999999,0.00343527818971247,0.00284812273752166,1.00191266128054,0.00197718677922356,0.295346739711384,0.00338987967585804,0.0037316170622932,0.00347648561717069,0.00400087884029919,NA,0.00398868690898084
4,50,27842,0,1,0.488,0.00334771555725771,0.00282627446198286,1.00178628373394,0.00184262486410734,0.312316274719401,0.00330425321534492,0.00364513719898551,0.00339221910724704,0.00389798549327214,NA,0.00388642129664175
4,51,28397,0,1,0.484999999999999,0.00318774780118001,0.00273064681740882,1.0016373352299,0.00168458369560135,0.329494588455371,0.0031459611913645,0.00349317250774679,0.00321140444698626,0.0037562760178221,NA,0.0037450936021175
4,52,28943,0,1,0.494,0.00309528635107826,0.00269496927088249,1.00151522664747,0.00155389286179013,0.345345069481561,0.00305551458915806,0.00336399713006233,0.00311484384414725,0.00355814469121451,NA,0.00354730595832334
4,53,29499,0,1,0.498000000000005,0.0029793867951087,0.00262731989486541,1.00139807761756,0.00143507828972904,0.358940740245858,0.00294105660364089,0.00324615058058139,0.00301170801022254,0.0034236081170063,NA,0.00341309511026558
4,54,30090,0,1,0.506999999999991,0.00289989858262599,0.00259605393881538,1.00128552596413,0.00132216666550685,0.372920563869588,0.00286376688966503,0.00317480066616229,0.00293668642115856,0.00334652240432255,NA,0.00333660752316832
4,55,30651,0,1,0.515000000000001,0.00277478203105547,0.00251825874326063,1.00115891367575,0.00119112246221592,0.387927578834848,0.00274074518036832,0.00298983432201104,0.00279758263880358,0.00323597885598649,NA,0.00322643372941708
4,56,31202,0,1,0.515000000000001,0.00268131096929809,0.00247641315918045,1.00102189343985,0.0010532439221352,0.407753206841261,0.00265037244237002,0.0029135833072084,0.00270340067973627,0.00313798831506684,NA,0.00312914702509208
4,57,31767,0,1,0.529000000000011,0.00251235560553437,0.00235827885740303,1.00086074004404,0.000884282140261989,0.42795463655799,0.00248494395851349,0.00270535201187976,0.00257135176534602,0.00288129119549712,NA,0.00287305822839223
4,58,32318,0,1,0.530999999999992,0.00235885169608822,0.0022380980523429,1.00074005519607,0.000757928838319714,0.439846672902191,0.00233431519164533,0.00259877127604326,0.00236466571104329,0.00278243738667043,NA,0.00277485213430075
4,59,32909,0,1,0.537000000000006,0.00230677881167204,0.00221129328016519,1.00065194528088,0.000659942181164292,0.45268238909674,0.00228470025947369,0.002516822877811,0.00230219111994055,0.00265085704843694,NA,0.00264386762027053
4,60,33475,0,1,0.542000000000002,0.00223734899832509,0.00216602009995962,1.00055576177096,0.00056821463901826,0.465192410475681,0.00221810132066172,0.00234738602555604,0.00220152895744364,0.00236021424612375,NA,0.00235444634908699
4,61,34033,0,1,0.551000000000002,0.00219131294720392,0.00214146129284842,1.00046018938248,0.000471303257649478,0.47873797434527,0.00217529566547558,0.00229982958064543,0.00215349349293497,0.00229502394208524,NA,0.00229015165031484
4,62,34605,0,1,0.556999999999988,0.00217532719189853,0.00214119173171091,1.00037929903007,0.00038907984593457,0.493594668626403,0.00216217890812667,0.00229372754150531,0.00214092395628828,0.00229572620874542,NA,0.00229144527320833
4,63,35191,0,1,0.562000000000012,0.00215958661947088,0.00213678208476952,1.00030847904984,0.000318531808534841,0.50306487172635,0.00214902901308676,0.00227263310596267,0.00211960647276062,0.00226280889421309,NA,0.00225941819238516
4,64,35769,0,1,0.567999999999998,0.00212970721404368,0.00211858166143875,1.00021296161389,0.000224092144002819,0.516192878140032,0.00212270965155849,0.00222931546991656,0.00208703528740842,0.00220623322583447,NA,0.00220392637769072
4,65,36348,0,1,0.573999999999984,0.00210684746758846,0.0021026276918791,1.00012893004662,0.000138738892845594,0.527976349545697,0.00210314740283082,0.00219086327733029,0.00205997479074283,0.00214938311560726,NA,0.00214837900294156
4,66,36907,0,1,0.585000000000008,0.0021021509730768,0.00210113849539083,1.00006097031236,7.14067091945462e-05,0.538331774452165,0.0021010838479681,0.00217790947885268,0.00205239865237035,0.00215814128594621,NA,0.00215783162403053
4,67,37481,0,1,0.590000000000003,0.00208195477811295,0.00208180329871006,0.999970180756766,-1.70943954391219e-05,0.55220303313736,0.00208472235469258,0.00216098823032571,0.00203685765855601,0.00212641541126759,NA,0.00212730566998182
4,68,38035,0,1,0.59899999999999,0.00207573689667151,0.0020735884220716,0.999901184803301,-8.67740581282551e-05,0.561272381079637,0.00208133658850635,0.0021581725102429,0.00203527961230691,0.0021296559718117,NA,0.00213110899335208
4,69,38600,0,1,0.594999999999999,0.00206821120621205,0.00206030418650159,0.999815028485291,-0.000170743467218573,0.573824158204169,0.00207732119299538,0.00214228455982904,0.00202602163681721,0.0021061554042672,NA,0.00210863242454591
4,70,39163,0,1,0.611000000000018,0.00205168835813078,0.00203545862083034,0.999738271576364,-0.000252861560442938,0.586659874398717,0.00206377188095967,0.00210125704828195,0.0020074372712414,0.00212222901178463,NA,0.00212529893956708
4,71,39751,0,1,0.626999999999981,0.00203997750586838,0.00201105731299516,0.999653650842897,-0.000340059169371969,0.599336918760021,0.00205551869649363,0.00209671489369006,0.00200782796925375,0.0021154789818189,NA,0.00211938625728255
4,72,40296,0,1,0.622000000000014,0.00203231329713091,0.00198587289144438,0.999564059781155,-0.000425747208108265,0.611020176376269,0.00205151162266838,0.0020646505006825,0.00199394855400831,0.00208677375426899,NA,0.00209163893793262
4,73,40873,0,1,0.629999999999995,0.00204084272968345,0.00197883160303318,0.999496805870314,-0.000493465521061018,0.621375601282737,0.00206253876020731,0.00207493932178708,0.00200278020832521,0.00210467559790679,NA,0.00211020890767616
4,74,41453,0,1,0.631,0.00205618208855838,0.00197474846443181,0.999423154303805,-0.000568692333917786,0.63143873597007,0.00208064532510871,0.00208447246312517,0.00201930430434031,0.00210806055989654,NA,0.00211468470472336
4,75,42034,0,1,0.640000000000015,0.00207433467257818,0.00197427370074167,0.999359610858916,-0.000631619452007151,0.639230358097274,0.00210101370227006,0.00210904191955865,0.00202913897156589,0.00212551395326731,NA,0.00213264176405867
4,76,42616,0,1,0.64500000000001,0.00209225863075072,0.00197159601805101,0.99929584964259,-0.000699823182965177,0.647940606627472,0.00212119840006472,0.00213233511583376,0.00205568184930943,0.00214999452803376,NA,0.00215761695359592
4,77,43161,0,1,0.653999999999996,0.00212036261029374,0.00197915003512846,0.999235217806453,-0.000759326921492416,0.65736070283271,0.00215127194597221,0.00215970936125371,0.00208184783710871,0.00217993502538185,NA,0.00218806833328832
4,78,43729,0,1,0.658000000000015,0.00213536363728012,0.00197444775210092,0.999182869404404,-0.000813925394703032,0.665427912880812,0.0021679719131611,0.0021731139803224,0.00209679573653673,0.00219058217972415,NA,0.00219912320497937
4,79,44297,0,1,0.666999999999973,0.0021706970738173,0.00198104687947085,0.999108724715313,-0.00088274154066075,0.67440539818279,0.00220549889122072,0.00220609458751663,0.00213715577974153,0.00222514970042226,NA,0.00223435179437393
4,80,44857,0,1,0.671999999999997,0.00219522332371176,0.00198249856661906,0.999053351926463,-0.00093621301041568,0.68368352485302,0.00223160237013769,0.00222489689988476,0.00215850622203166,0.0022521923684343,NA,0.00226171368972422
5,3,1870,5,6,0.794000000000004,0.635441448674666,0.167053064804561,1.5781701763214,0.670806699618115,0.00355758952431855,0.635318696801209,0.624139430663429,0.629664771434836,0.606257333244418,0.635474432483783,0.606226263873095
5,4,2433,0,1,0.152000000000001,0.341619103119475,0.130959299249535,1.29644218540088,0.338389484461527,0.0048353153393907,0.341522997566321,0.354288295625972,0.34626646773093,0.334636560161737,0.341644920862211,0.334611445052237
5,5,2986,0,1,0.162999999999997,0.184146585019473,0.0711181648420719,1.16447371185757,0.1847881692939,0.00599612506680919,0.184061517651481,0.185317150898685,0.184131471644347,0.181001995009403,0.184169510513446,0.180980314566668
5,6,3552,0,1,0.173000000000002,0.115146249872815,0.0414694576378943,1.10562419125625,0.116373437543719,0.00736571352218065,0.115063367223454,0.113224973023132,0.115132363297139,0.108501633827214,0.115168492974041,0.108480432939787
5,7,4112,0,1,0.197000000000003,0.0906304117275976,0.03440150540731,1.08262422888934,0.0896380220173807,0.0087770577231427,0.0905494592974481,0.0894666012173763,0.0905290289263643,0.0859777089426249,0.0906521350059972,0.0859567474784245
5,8,4648,0,1,0.187999999999995,0.0713963806878078,0.0271823699763201,1.06526082335654,0.0696487638390072,0.00997962319615179,0.0713170528398053,0.0721351745059202,0.07219001259293,0.0688610366943878,0.0714176396619641,0.0688407873461199
5,9,5197,0,1,0.194000000000003,0.0565276817498529,0.0208539549013438,1.05209605784388,0.0558660081193519,0.0111738375200428,0.056449400133481,0.0553715496410219,0.0571601944539722,0.0548179107929178,0.0565486985847936,0.0547977885677818
5,10,5725,0,1,0.203000000000003,0.0470857569922391,0.0172045310919451,1.04352864784845,0.0463823057086147,0.0126102351683592,0.047007644696235,0.0451441036725121,0.0469409697513866,0.0434195211569891,0.0471066782590416,0.0433994995085669
5,11,6284,0,1,0.210000000000001,0.0419215831340704,0.0162410189333363,1.03837985068977,0.0406983671953341,0.0138879609834313,0.0418444556296012,0.0400720323291675,0.0415005288667764,0.03876732595171,0.0419422399504977,0.038747441151146
5,12,6828,0,1,0.218999999999994,0.0378051657324345,0.0155425881850295,1.03421759251765,0.0361778508661666,0.0152826028861571,0.037729146697869,0.0362611966769078,0.0374646539766698,0.0346485478408295,0.0378255512827999,0.0346289975723341
5,13,7402,0,1,0.225000000000001,0.0326903184197415,0.0136880100895692,1.02949710204569,0.0310219940422997,0.0169444815606627,0.0326147306892809,0.0314584028060615,0.0327091761249948,0.0303302345659776,0.0327105722554652,0.0303109594106963
5,14,7945,0,1,0.234000000000002,0.0287723840053701,0.0124571996155708,1.02577914315836,0.0272759101333652,0.0187065740245858,0.0286977004064652,0.0277981673505516,0.0289891491070526,0.0269564796851747,0.0287923910227117,0.0269373692302945
5,15,8490,0,1,0.243000000000002,0.0252207109014057,0.0111669157331126,1.02248805610766,0.0240394315359672,0.0204686664885088,0.0251470423575694,0.0242819966494013,0.0252333573872859,0.0231186461180807,0.0252404152221512,0.0230996717173522
5,16,9024,0,1,0.247999999999998,0.0225079610283285,0.0101719697160738,1.01997409978714,0.0213208240206542,0.0223059192944949,0.0224348738217626,0.021874256475359,0.0227442420024514,0.0207851055107939,0.0225275345755461,0.0207662698330441
5,17,9571,0,1,0.256,0.0195509973931681,0.00871870167838514,1.01742279687591,0.0185786630977025,0.0243352485301978,0.0194780718573688,0.0192941616275024,0.0198811696910036,0.0184965277663251,0.0195705622021272,0.0184776331368206
5,18,10120,0,1,0.261000000000003,0.0179752192037542,0.00823998148388785,1.01590704058579,0.0168714324562173,0.0266318145376804,0.0179029751396292,0.0178424571893518,0.0183610341160261,0.0172135446250751,0.0179946004462805,0.0171947713197749
5,19,10660,0,1,0.269999999999996,0.0164279873523839,0.00764538792553374,1.01448176708971,0.0153532275507024,0.0288949759486905,0.0163558858320941,0.0162399725828024,0.0166700659271243,0.0153314168033639,0.01644733174788,0.0153126363671116
5,20,11192,0,1,0.276000000000003,0.0150972757191805,0.00712665966767389,1.01325830940646,0.0139915158673818,0.0308909005879209,0.0150253657300792,0.0150202637914637,0.0153368314602135,0.0143749149819625,0.0151165670062132,0.0143560896516033
5,21,11738,0,1,0.299999999999997,0.014246738929016,0.00682562825570333,1.01245842212893,0.0130723042885767,0.0335465660074826,0.01417484018109,0.0141080266772854,0.0145079135959316,0.0135819594649055,0.0142660411452137,0.0135629858682139
5,22,12283,0,1,0.305,0.013372254574295,0.00646900062125014,1.01166136884569,0.0121926943692309,0.0360018038482095,0.0133004728578684,0.0132408136488439,0.0136108548988249,0.0128652931015221,0.0133915281038096,0.0128463593929714
5,23,12817,0,1,0.312000000000005,0.0124802813137346,0.00615513195047189,1.01081885296044,0.0112919732258982,0.039200293960449,0.0124089171127467,0.0124190159073521,0.0127117113827503,0.0119770759922946,0.0124994452642752,0.0119583903511688
5,24,13366,0,1,0.339999999999996,0.0116078500690846,0.00590581605994307,1.00995818281235,0.0104193847107586,0.0426827231427044,0.0115372803160152,0.0115946297567925,0.0118496861160329,0.0111154980938561,0.0116268004745973,0.0110970331853975
5,25,13918,0,1,0.328000000000003,0.0109368011286528,0.00567182398832425,1.00931888772157,0.00967477166931612,0.0466244655264564,0.0108663911336795,0.0108357693079121,0.011150989845709,0.0104472710856949,0.0109556878082064,0.0104287991231053
5,26,14483,0,1,0.333999999999996,0.0101247031316368,0.00535432681838823,1.00856432349997,0.00891135010324603,0.0505745590593266,0.0100549338481504,0.0101556240806608,0.0103995472446946,0.00984993763358959,0.0101434175140403,0.00983165179646447
5,27,15024,0,1,0.342000000000006,0.00943340719415288,0.00512573263400091,1.00789301280033,0.00822338686082216,0.0552762560128274,0.00936458984749591,0.00940630226020272,0.00971755969772414,0.00905275037679884,0.00945186787596758,0.00903449943050215
5,28,15559,0,1,0.344999999999999,0.00876003205864124,0.00481761093032633,1.00729308003854,0.00762557785671432,0.0591261357562801,0.00869191983998053,0.00871699921716983,0.00900151749415734,0.00839426651262153,0.00877829051367763,0.0083762016527828
5,29,16117,0,1,0.350999999999992,0.00827292855534237,0.00459291469355308,1.0068597432995,0.00713333916120399,0.0639865045430251,0.00820493371514072,0.00834844073361909,0.00852738804841487,0.00809111854597006,0.00829112833110608,0.00807301501004051
5,30,16655,0,1,0.364000000000004,0.00778493105642129,0.00442609639608765,1.00638465884207,0.00663604810583593,0.0699158204168894,0.00771767341585488,0.00774536563851534,0.00799768637659157,0.00748255213386194,0.00780291966867646,0.00746456648043218
5,31,17195,0,1,0.367000000000004,0.00733155765483926,0.00424635151846442,1.00595858303878,0.0061805001688691,0.0760539150187066,0.00726501172024759,0.00732060905042318,0.00749371362272488,0.00709357395350132,0.00734936606669555,0.00707573681583833
5,32,17745,0,1,0.372,0.00697193310061051,0.00407482367757815,1.00564055150892,0.00581616097062797,0.0840626670229824,0.00690572728188718,0.00698849084832022,0.00712088498783016,0.00676212037379309,0.0069896504492725,0.00674449328319062
5,33,18293,0,1,0.387999999999991,0.0066873546613536,0.00398893674048734,1.0053514800728,0.00550655342435961,0.0892403794762159,0.00662161441210481,0.00670871610775354,0.00685759808455164,0.00652913200018894,0.00670493677691405,0.00651168864799363
5,34,18845,0,1,0.387,0.00621287371310223,0.00375810820274196,1.00493322725358,0.00507712424161225,0.0970403527525387,0.0061479403818117,0.00616694558160028,0.00632166073725771,0.00609701482538456,0.00623025871257092,0.00607976828163515
5,35,19412,0,1,0.39800000000001,0.00584196650927707,0.00360324563282259,1.00458539559471,0.00470782363634321,0.106234967931587,0.00577795565771108,0.00581681367194638,0.00600184251262065,0.00579050158996275,0.00585912007850148,0.00577343154468388
5,36,19955,0,1,0.406999999999996,0.0054979274885871,0.00346736533336158,1.00425465187004,0.00437735720898916,0.117592530732229,0.00543507755981682,0.00549666127055091,0.00563583051517275,0.00554777542707516,0.00551475974126949,0.00553086138115041
5,37,20495,0,1,0.408000000000001,0.00518423576683272,0.00332523023305386,1.00396626514679,0.00408901311720969,0.127555451630144,0.0051220688687609,0.00513913314384492,0.005217700484067,0.00519610521520816,0.005200886981606,0.00517949610332235
5,38,21050,0,1,0.418999999999997,0.00494697313637753,0.00325176740600635,1.00371749757836,0.00382235094400272,0.141101015499733,0.0048860268947634,0.00489532697683436,0.00498619329661921,0.00488899419010771,0.00496328057191891,0.00487274034594915
5,39,21596,0,1,0.427999999999997,0.00472249376624633,0.00315009238234279,1.00350843472783,0.00360715616939565,0.150487707108498,0.00466211389610394,0.00473287360961983,0.0047738643126393,0.00471446922782127,0.00473864413625345,0.0046983574221431
5,40,22131,0,1,0.429000000000002,0.0045666456329349,0.00309155625343466,1.00335147132813,0.00343367474825612,0.159673971138429,0.0045068691437013,0.00458999814528413,0.00463283715215801,0.00454886320649037,0.00458264168956154,0.00453287296097923
5,41,22697,0,1,0.437000000000012,0.00437040022684442,0.00303814152131062,1.00313243945411,0.00321239353261171,0.176125734901122,0.00431220067601911,0.00437151697269882,0.00441500585408601,0.00439396341202209,0.00438599361679474,0.00437831097510547
5,42,23253,0,1,0.420999999999992,0.0041356369218635,0.00293142065803475,1.00290864293378,0.00296951867608221,0.190097207375735,0.00407865364406774,0.00408142322982172,0.00414505157630211,0.00420465055817583,0.00415090998058195,0.00418961701389269
5,43,23817,0,1,0.426999999999992,0.00393784511132949,0.00283694774734994,1.00272295094035,0.00276672119963171,0.203233564938536,0.00388189286627829,0.00388186261489774,0.00395720479227819,0.0040250714525801,0.00395284651902431,0.0040102868554866
5,44,24384,0,1,0.438000000000017,0.00378389552201514,0.00277741252550923,1.00256208244123,0.00259252931783678,0.216670563869588,0.00372891260974086,0.00370902420075535,0.00381149559763931,0.00386034593250099,0.0037986434737952,0.00384589775771633
5,45,24925,0,1,0.453000000000003,0.00362729994083279,0.00272073122719913,1.00239154299561,0.0024112773266384,0.229548035809727,0.00357360967899367,0.00354623881024888,0.00366592822005982,0.00367823013370643,0.00364170705290674,0.00366405436566485
5,46,25490,0,1,0.457999999999998,0.00349171207948115,0.00266684575508539,1.00224677383242,0.00226169197823794,0.243302378407269,0.00343901850206431,0.00339721582791823,0.00352231546491358,0.00352577507460548,0.00350584838451413,0.00351180444787595
5,47,26017,0,1,0.468999999999994,0.00336447938514664,0.00261403820089283,1.0021113127034,0.00212169269820205,0.256388629075361,0.00331290272500941,0.00324166190092328,0.00338708348523125,0.00333512020598566,0.0033783091657287,0.00332151672868449
5,48,26570,0,1,0.474999999999994,0.00322205092607315,0.00255187643551462,1.00196060668333,0.00196386243825748,0.271654529663282,0.00317207826728824,0.0030838824753969,0.00322255718304651,0.0031226683456525,0.00323545236760743,0.00310949157728557
5,49,27105,0,1,0.483000000000004,0.00314576567169545,0.00253138900177708,1.00186119220013,0.00186399042065213,0.284523650454303,0.0030971768132849,0.00301545589428081,0.0031537908985996,0.00307112147006437,0.00315881342750893,0.00305816396242793
5,50,27673,0,1,0.481999999999999,0.00303585506400749,0.00250337646523779,1.00171115651565,0.00171857852328264,0.301543292357028,0.00298976206426589,0.00289874312484487,0.00303318501858495,0.00299563534877669,0.00304825908693349,0.00298317024361498
5,51,28226,0,1,0.486999999999995,0.00291836190512263,0.00246191363842487,1.00156105078713,0.00157200869228053,0.3184460181721,0.00287469635970173,0.00279842812667941,0.00292761080992872,0.00292590797640794,0.00293013138763496,0.00291381606290792
5,52,28773,0,1,0.492000000000019,0.00281022306823909,0.00241302260590776,1.00143455835392,0.00144363046281793,0.337060729556387,0.00276863397553216,0.00270391087347271,0.00281916582737192,0.00284023053149311,0.00282146669230727,0.00282868429731356
5,53,29323,0,1,0.498999999999995,0.00270929090950318,0.00236571544311768,1.00131488410611,0.00132492177468214,0.352969668626403,0.00266990937625868,0.00259034505442306,0.00270689747570987,0.00272523322488724,0.00271995401001606,0.00271433925730218
5,54,29893,0,1,0.507000000000005,0.00261610020059617,0.0023276546325516,1.00118874527463,0.00119981367726691,0.369237707108498,0.00257942707480462,0.00252580881701337,0.00262614446545189,0.00264294700563966,0.00262605834175593,0.00263264020025195
5,55,30470,0,1,0.513999999999982,0.00255329139708049,0.00231823617010657,1.0010647196124,0.00107715023258153,0.390082175307322,0.00251991854505425,0.0024620046605051,0.00256023457450667,0.00257290139090992,0.00256239537198175,0.00256333728923834
5,56,30996,0,1,0.51600000000002,0.00249370208891762,0.00229743523688901,1.00096444566466,0.000968686994622192,0.406049572421165,0.00246267969377021,0.00239617694573997,0.00248934367257125,0.00250620098912375,0.00250218727140283,0.00249720885200782
5,57,31559,0,1,0.526999999999987,0.00242053117403952,0.00226245568350524,1.00085528114403,0.000859134400763839,0.421039885088188,0.0023923937295673,0.00234927206799275,0.00242675685629862,0.00246040221081024,0.00242827537130978,0.00245181897937766
5,58,32136,0,1,0.533999999999992,0.00236138934414346,0.00223452490434911,1.00075860374503,0.000757361490913546,0.437274518973811,0.00233592078878462,0.00230127112062243,0.00236296358963211,0.00240796317094612,0.00236846730225393,0.00239988732679774
5,59,32727,0,1,0.555000000000007,0.00233857196967467,0.00223414868339264,1.00068603758261,0.000681026874721855,0.449901456440406,0.00231527983340175,0.00228197113354441,0.00234333315087868,0.00237910078397244,0.00234506980278491,0.00237136455657689
5,60,33287,0,1,0.550000000000011,0.00228487326281134,0.00220822742168158,1.00058197942742,0.000580893225066521,0.464273784072688,0.00226500778251311,0.00222031841682737,0.00229305615783198,0.00228295053185508,0.00229048381532059,0.00227592685701578
5,61,33827,0,1,0.550999999999988,0.00223843090332669,0.00218464463998681,1.00048300019598,0.000485835075508828,0.477836050240513,0.00222184423496808,0.00216929792096702,0.00224986518824521,0.00222107139161251,0.00224318708148629,0.00221481154231959
5,62,34393,0,1,0.578000000000003,0.00220324639712107,0.00217050428668939,1.00037374282403,0.000379328257542025,0.49307689738108,0.00219068830166778,0.0021411580913158,0.00221700944904891,0.00219109020394646,0.00220693368967847,0.00218550885242891
5,63,34966,0,1,0.574000000000012,0.00215317167931196,0.00213699911557488,1.00025887888365,0.000269731708500353,0.508384553714591,0.00214474181385406,0.00210427500013461,0.00215459316174863,0.00215943613123075,0.00215575797470926,0.00215478462947076
5,64,35521,0,1,0.568999999999988,0.0021436828210895,0.00213612281501625,1.0001753704043,0.000186158367263469,0.521504208979156,0.00213829589878493,0.00210270692430188,0.0021442696643124,0.002148631080786,0.00214543861342696,0.00214457671949986
5,65,36084,0,1,0.573999999999984,0.00213065260650818,0.00212930413447272,1.00007139343712,9.13790980245218e-05,0.538548904329236,0.00212935561836505,0.00208818975307242,0.00213614459354084,0.00212794941100947,0.0021313061624226,0.00212539632159653
5,66,36636,0,1,0.573000000000008,0.00212886046578618,0.00212885979919614,1.00000030299233,1.89964969061012e-05,0.552177979690005,0.00213028248518337,0.00209311154092594,0.00213879348613023,0.00213472433040937,0.00212879329205066,0.00213280900652498
5,67,37215,0,1,0.585000000000008,0.00211762925832176,0.0021158071784018,0.999907582120535,-6.84773223205472e-05,0.564596138428648,0.00212272175123508,0.00206414832551605,0.00212173121508845,0.00209302174094762,0.00211657925401382,0.00209192251158298
5,68,37796,0,1,0.586999999999989,0.00211496457920301,0.00210798765483121,0.999823850749894,-0.000145340050779408,0.57639631213255,0.0021234832332481,0.00205406770744441,0.0021151621980388,0.00206833588291337,0.00211301457777577,0.00206869000700461
5,69,38354,0,1,0.598000000000013,0.00211904634140742,0.00210288236847972,0.999734307174994,-0.000229445617783653,0.588129676643506,0.00213105055742724,0.00207390958934689,0.00212929277743142,0.00209180523111431,0.00211616669453946,0.00209313029688378
5,70,38914,0,1,0.605999999999995,0.00211511100607899,0.00209124524953656,0.999678756769168,-0.000288003087461073,0.59685662747194,0.00212920592799952,0.00207224841926498,0.0021192733297537,0.00209241974194357,0.00211167435515213,0.00209417819372094
5,71,39477,0,1,0.617999999999995,0.00212014847746748,0.00208536316935963,0.99961314860802,-0.000354126020317716,0.60724545697488,0.00213668337576983,0.00207692783673365,0.00212203450922423,0.00209796415237237,0.00211603783974983,0.00210060866521221
5,72,40064,0,1,0.617999999999995,0.00212848238228172,0.00208096562584043,0.999548414414209,-0.00042203008608015,0.618669828968466,0.00214738068123124,0.00208406462640109,0.00212737664438183,0.00209997255986561,0.00212373497460803,0.00210335918258055
5,73,40625,0,1,0.624000000000024,0.00211089482590296,0.00204556023957748,0.99947468554015,-0.000495262423478425,0.62925908605024,0.00213284627115624,0.00207496898134844,0.00211585346734872,0.00206557363081128,0.00210533033403391,0.00206991170405313
5,74,41191,0,1,0.625,0.002146730263591,0.00206340828101841,0.999403447062753,-0.000564305441809776,0.638378540887226,0.00217104627904792,0.00211538662436713,0.00216012220944391,0.00209926732806525,0.00214051102007319,0.00210414704391022
5,75,41758,0,1,0.633999999999986,0.00217499939220379,0.00207440367243453,0.999341870868622,-0.000622110039145395,0.646253674505612,0.00220125460874441,0.00212587858343728,0.00218770662134583,0.0020904132851569,0.00216825315973108,0.002096164858223
5,76,42336,0,1,0.640000000000015,0.00219835920756279,0.00207243564451541,0.999262349834112,-0.000695895109447026,0.656082977017638,0.0022274665154739,0.00215377335722252,0.00220421325836409,0.00212881403206442,0.00219083024476768,0.00213512375906517
5,77,42911,0,1,0.645999999999987,0.00222094356296771,0.00207466571195781,0.999202998918565,-0.000753545733125757,0.666530264564404,0.00225194850156166,0.00217195913619955,0.00222192460457291,0.00214033734354498,0.00221289169932144,0.00214702345881623
5,78,43463,0,1,0.657000000000011,0.00225857969475516,0.00209221522250449,0.999144838491027,-0.000809215382386081,0.674046298770711,0.00229105414319425,0.00221869584060161,0.00225923178445855,0.00217942742472523,0.00225011065340714,0.00218669690985158
5,79,44058,0,1,0.659999999999997,0.00230300073455342,0.00210907892471256,0.999070557506843,-0.000879211473075723,0.68368352485302,0.00233753840950752,0.00225260383056928,0.00230215191735739,0.00220697160804355,0.00229397560856456,0.00221474558384318
5,80,44628,0,1,0.669999999999987,0.00233814608656609,0.00211825716107052,0.999005599142833,-0.000946537565389422,0.690573222875468,0.00237448069028017,0.00229644496574503,0.00233598230850865,0.00225160328657836,0.00232862488993363,0.00225981005614638
