"n","k","method","alignment","path_rel","edge_rel","stress1","coordinate_rmse","coordinate_relative_rmse","alignment_scale","surface_rms","surface_mc_se","surface_forward_rms","surface_reverse_rms","surface_area","reference_area","zero_area_faces","sample_size","surface_seed","subdivisions"
500,3,"Original saddle","rigid",0,4.72903347294826e-17,0.285562587651482,2.87678620804604e-16,3.08995697265083e-16,1,0.0256448911478696,0.00113350081595117,0.0350757157132009,0.00922036068594232,6.84589644493833,6.35828279568902,0,2000,1901,2
500,3,"Original saddle","rigid",0,4.72903347294826e-17,0.285562587651482,2.87678620804604e-16,3.08995697265083e-16,1,0.0247483276150048,0.000540537945252676,0.0338778531670904,0.00878922660239662,6.84589644493833,6.35828279568902,0,8000,1901,2
500,3,"Original saddle","similarity",0,4.72903347294826e-17,0.285562587651482,3.21169947754847e-16,3.44968742096775e-16,1,0.0256448911478696,0.00113350081595117,0.0350757157132009,0.00922036068594235,6.84589644493833,6.35828279568902,0,2000,1901,2
500,3,"Original saddle","similarity",0,4.72903347294826e-17,0.285562587651482,3.21169947754847e-16,3.44968742096775e-16,1,0.0247483276150048,0.000540537945252676,0.0338778531670904,0.00878922660239665,6.84589644493833,6.35828279568902,0,8000,1901,2
500,3,"Metric MDS","rigid",0.144189876818267,0.38737301297187,0.0884988372637809,1.20105429319231,1.29005279481734,1,0.74744198858416,0.00699094831028849,0.986157900111017,0.380567534934231,28.0275093162023,6.35828279568902,0,2000,1901,2
500,3,"Metric MDS","rigid",0.144189876818267,0.38737301297187,0.0884988372637809,1.20105429319231,1.29005279481734,1,0.746844992465071,0.00341870547858888,0.986718997845803,0.376749923464465,28.0275093162023,6.35828279568902,0,8000,1901,2
500,3,"Metric MDS","similarity",0.144189876818267,0.38737301297187,0.0884988372637809,0.549825805013055,0.590568070436278,0.413008535865622,0.297498008479805,0.00298126951154533,0.262659938914203,0.328663789591258,4.78082185005539,6.35828279568902,0,2000,1901,2
500,3,"Metric MDS","similarity",0.144189876818267,0.38737301297187,0.0884988372637809,0.549825805013055,0.590568070436278,0.413008535865622,0.297104520851506,0.00147478348665158,0.261262220708117,0.329065714791847,4.78082185005539,6.35828279568902,0,8000,1901,2
500,3,"MDS + edge-KK","rigid",0.000239567280154821,0.0018677321650009,0.0859768006323411,1.19687033989195,1.2855588092589,1,0.75670764629724,0.00762839122667996,1.00913263387444,0.356180082513123,40.8287300825973,6.35828279568902,0,2000,1901,2
500,3,"MDS + edge-KK","rigid",0.000239567280154821,0.0018677321650009,0.0859768006323411,1.19687033989195,1.2855588092589,1,0.755860633973602,0.00384087478046226,1.00920915267874,0.352345685558101,40.8287300825973,6.35828279568902,0,8000,1901,2
500,3,"MDS + edge-KK","similarity",0.000239567280154821,0.0018677321650009,0.0859768006323411,0.548905658327283,0.589579740591116,0.414188858049217,0.294577170776272,0.00311325354213436,0.274180948622152,0.313649846959572,7.00426704830312,6.35828279568902,0,2000,1901,2
500,3,"MDS + edge-KK","similarity",0.000239567280154821,0.0018677321650009,0.0859768006323411,0.548905658327283,0.589579740591116,0.414188858049217,0.294296422668246,0.00157013068263431,0.273154036863037,0.314018535975315,7.00426704830312,6.35828279568902,0,8000,1901,2
500,4,"Original saddle","rigid",0,4.49001482551004e-17,0.13817106776527,2.87678620804604e-16,3.08995697265083e-16,1,0.0256448911478696,0.00113350081595117,0.0350757157132009,0.00922036068594232,6.84589644493833,6.35828279568902,0,2000,1901,2
500,4,"Original saddle","rigid",0,4.49001482551004e-17,0.13817106776527,2.87678620804604e-16,3.08995697265083e-16,1,0.0247483276150048,0.000540537945252676,0.0338778531670904,0.00878922660239662,6.84589644493833,6.35828279568902,0,8000,1901,2
500,4,"Original saddle","similarity",0,4.49001482551004e-17,0.13817106776527,3.21169947754847e-16,3.44968742096775e-16,1,0.0256448911478696,0.00113350081595117,0.0350757157132009,0.00922036068594235,6.84589644493833,6.35828279568902,0,2000,1901,2
500,4,"Original saddle","similarity",0,4.49001482551004e-17,0.13817106776527,3.21169947754847e-16,3.44968742096775e-16,1,0.0247483276150048,0.000540537945252676,0.0338778531670904,0.00878922660239665,6.84589644493833,6.35828279568902,0,8000,1901,2
500,4,"Metric MDS","rigid",0.0715831077392405,0.337475982539567,0.0581128824907407,0.580755023059011,0.623789153286453,1,0.352271775891842,0.00324503309772783,0.40904603747603,0.284380286597265,11.9696187878584,6.35828279568902,0,2000,1901,2
500,4,"Metric MDS","rigid",0.0715831077392405,0.337475982539567,0.0581128824907407,0.580755023059011,0.623789153286453,1,0.345605041184506,0.00161608287710456,0.40027321850341,0.280476450942338,11.9696187878584,6.35828279568902,0,8000,1901,2
500,4,"Metric MDS","similarity",0.0715831077392405,0.337475982539567,0.0581128824907407,0.417129119851976,0.448038519086813,0.673185537343686,0.262966120095906,0.00261590264526114,0.224625869687024,0.296387549171582,5.42437709198528,6.35828279568902,0,2000,1901,2
500,4,"Metric MDS","similarity",0.0715831077392405,0.337475982539567,0.0581128824907407,0.417129119851976,0.448038519086813,0.673185537343686,0.258911636227359,0.00132109351007764,0.21989206078406,0.292776283793608,5.42437709198528,6.35828279568902,0,8000,1901,2
500,4,"MDS + edge-KK","rigid",0.000688416670279626,0.00486650466568629,0.0595745122148691,0.576171832734936,0.61886634711502,1,0.36793255236045,0.00364723003313847,0.439297145124411,0.278866893801492,14.427944563925,6.35828279568902,0,2000,1901,2
500,4,"MDS + edge-KK","rigid",0.000688416670279626,0.00486650466568629,0.0595745122148691,0.576171832734936,0.61886634711502,1,0.362769935243827,0.00178710305824295,0.433305345615051,0.274682597364743,14.427944563925,6.35828279568902,0,8000,1901,2
500,4,"MDS + edge-KK","similarity",0.000688416670279626,0.00486650466568629,0.0595745122148691,0.414847090259637,0.445587390382525,0.675798607896519,0.254772444418135,0.00263947817247813,0.223164183961059,0.282870542592504,6.58929650883454,6.35828279568902,0,2000,1901,2
500,4,"MDS + edge-KK","similarity",0.000688416670279626,0.00486650466568629,0.0595745122148691,0.414847090259637,0.445587390382525,0.675798607896519,0.251631432146808,0.00132583592506219,0.220866491887773,0.279024636994111,6.58929650883454,6.35828279568902,0,8000,1901,2
500,5,"Original saddle","rigid",0,4.71306365549031e-17,0.0792836612939248,2.87678620804604e-16,3.08995697265083e-16,1,0.0256448911478696,0.00113350081595117,0.0350757157132009,0.00922036068594232,6.84589644493833,6.35828279568902,0,2000,1901,2
500,5,"Original saddle","rigid",0,4.71306365549031e-17,0.0792836612939248,2.87678620804604e-16,3.08995697265083e-16,1,0.0247483276150048,0.000540537945252676,0.0338778531670904,0.00878922660239662,6.84589644493833,6.35828279568902,0,8000,1901,2
500,5,"Original saddle","similarity",0,4.71306365549031e-17,0.0792836612939248,3.21169947754847e-16,3.44968742096775e-16,1,0.0256448911478696,0.00113350081595117,0.0350757157132009,0.00922036068594235,6.84589644493833,6.35828279568902,0,2000,1901,2
500,5,"Original saddle","similarity",0,4.71306365549031e-17,0.0792836612939248,3.21169947754847e-16,3.44968742096775e-16,1,0.0247483276150048,0.000540537945252676,0.0338778531670904,0.00878922660239665,6.84589644493833,6.35828279568902,0,8000,1901,2
500,5,"Metric MDS","rigid",0.054784631361581,0.266453425952237,0.0464625223625807,0.304343252693439,0.326895183628562,1,0.23632386965545,0.0022627592603857,0.270155031659044,0.196759247831336,10.3139011745388,6.35828279568902,0,2000,1901,2
500,5,"Metric MDS","rigid",0.054784631361581,0.266453425952237,0.0464625223625807,0.304343252693439,0.326895183628562,1,0.232907430244973,0.00114030688624084,0.266490211739037,0.193583855664457,10.3139011745388,6.35828279568902,0,8000,1901,2
500,5,"Metric MDS","similarity",0.054784631361581,0.266453425952237,0.0464625223625807,0.219192255767503,0.235434470995983,0.810804175931546,0.183875545157062,0.0017662170146045,0.185125452976299,0.182617082645446,6.78039382016132,6.35828279568902,0,2000,1901,2
500,5,"Metric MDS","similarity",0.054784631361581,0.266453425952237,0.0464625223625807,0.219192255767503,0.235434470995983,0.810804175931546,0.181076258287585,0.000888786611556877,0.182515392448413,0.179625594363015,6.78039382016132,6.35828279568902,0,8000,1901,2
500,5,"MDS + edge-KK","rigid",0.000726837311748711,0.00360568125094994,0.048132652541949,0.296346831618101,0.318306225231555,1,0.231609936233627,0.00229921609751873,0.269941618349498,0.185520478134205,10.5943728935505,6.35828279568902,0,2000,1901,2
500,5,"MDS + edge-KK","rigid",0.000726837311748711,0.00360568125094994,0.048132652541949,0.296346831618101,0.318306225231555,1,0.231188959189045,0.00114146564694919,0.271083586358815,0.182785007341058,10.5943728935505,6.35828279568902,0,8000,1901,2
500,5,"MDS + edge-KK","similarity",0.000726837311748711,0.00360568125094994,0.048132652541949,0.21188979873507,0.227590899596156,0.813980241123237,0.178017145141371,0.00178920401500418,0.185618492795589,0.170076403598093,7.0194483119363,6.35828279568902,0,2000,1901,2
500,5,"MDS + edge-KK","similarity",0.000726837311748711,0.00360568125094994,0.048132652541949,0.21188979873507,0.227590899596156,0.813980241123237,0.177522665495771,0.000890657425977485,0.18642530649808,0.168149334303004,7.0194483119363,6.35828279568902,0,8000,1901,2
500,6,"Original saddle","rigid",0,2.18987229243836e-16,0.0700330670070394,2.87678620804604e-16,3.08995697265083e-16,1,0.0256448911478696,0.00113350081595117,0.0350757157132009,0.00922036068594232,6.84589644493833,6.35828279568902,0,2000,1901,2
500,6,"Original saddle","rigid",0,2.18987229243836e-16,0.0700330670070394,2.87678620804604e-16,3.08995697265083e-16,1,0.0247483276150048,0.000540537945252676,0.0338778531670904,0.00878922660239662,6.84589644493833,6.35828279568902,0,8000,1901,2
500,6,"Original saddle","similarity",0,2.18987229243836e-16,0.0700330670070394,3.21169947754847e-16,3.44968742096775e-16,1,0.0256448911478696,0.00113350081595117,0.0350757157132009,0.00922036068594235,6.84589644493833,6.35828279568902,0,2000,1901,2
500,6,"Original saddle","similarity",0,2.18987229243836e-16,0.0700330670070394,3.21169947754847e-16,3.44968742096775e-16,1,0.0247483276150048,0.000540537945252676,0.0338778531670904,0.00878922660239665,6.84589644493833,6.35828279568902,0,8000,1901,2
500,6,"Metric MDS","rigid",0.0469245765868838,0.232124032036634,0.042493780806412,0.36481023820315,0.391842791820071,1,0.270470028727128,0.00255300080141823,0.295725199168734,0.242599833998127,9.42926837130818,6.35828279568902,0,2000,1901,2
500,6,"Metric MDS","rigid",0.0469245765868838,0.232124032036634,0.042493780806412,0.36481023820315,0.391842791820071,1,0.270929190250223,0.00130212174010968,0.299175099306435,0.239373165192483,9.42926837130818,6.35828279568902,0,8000,1901,2
500,6,"Metric MDS","similarity",0.0469245765868838,0.232124032036634,0.042493780806412,0.306155862329602,0.32884210820999,0.815907108944034,0.230286238983331,0.00222740940905344,0.216227013836209,0.243535176550846,6.2771055418647,6.35828279568902,0,2000,1901,2
500,6,"Metric MDS","similarity",0.0469245765868838,0.232124032036634,0.042493780806412,0.306155862329602,0.32884210820999,0.815907108944034,0.230289309599402,0.00111824716143136,0.219392462549679,0.240693331041652,6.2771055418647,6.35828279568902,0,8000,1901,2
500,6,"MDS + edge-KK","rigid",0.00098048194576034,0.00299425390857671,0.045205338084004,0.361715719197753,0.388518967981169,1,0.277942360354957,0.00263278246521011,0.306619045603849,0.245944449484747,9.22034864537767,6.35828279568902,0,2000,1901,2
500,6,"MDS + edge-KK","rigid",0.00098048194576034,0.00299425390857671,0.045205338084004,0.361715719197753,0.388518967981169,1,0.277278077661229,0.00132053583774418,0.307781484876011,0.242974941651461,9.22034864537767,6.35828279568902,0,8000,1901,2
500,6,"MDS + edge-KK","similarity",0.00098048194576034,0.00299425390857671,0.045205338084004,0.304224467034041,0.326767595914369,0.818080433893135,0.234804863719538,0.0022252495887778,0.226551647688369,0.24277767397845,6.1707699309293,6.35828279568902,0,2000,1901,2
500,6,"MDS + edge-KK","similarity",0.00098048194576034,0.00299425390857671,0.045205338084004,0.304224467034041,0.326767595914369,0.818080433893135,0.233957271673752,0.00110731695202651,0.227594099709929,0.240151901335964,6.1707699309293,6.35828279568902,0,8000,1901,2
500,7,"Original saddle","rigid",0,4.55170778196148e-17,0.0647092028457769,2.87678620804604e-16,3.08995697265083e-16,1,0.0256448911478696,0.00113350081595117,0.0350757157132009,0.00922036068594232,6.84589644493833,6.35828279568902,0,2000,1901,2
500,7,"Original saddle","rigid",0,4.55170778196148e-17,0.0647092028457769,2.87678620804604e-16,3.08995697265083e-16,1,0.0247483276150048,0.000540537945252676,0.0338778531670904,0.00878922660239662,6.84589644493833,6.35828279568902,0,8000,1901,2
500,7,"Original saddle","similarity",0,4.55170778196148e-17,0.0647092028457769,3.21169947754847e-16,3.44968742096775e-16,1,0.0256448911478696,0.00113350081595117,0.0350757157132009,0.00922036068594235,6.84589644493833,6.35828279568902,0,2000,1901,2
500,7,"Original saddle","similarity",0,4.55170778196148e-17,0.0647092028457769,3.21169947754847e-16,3.44968742096775e-16,1,0.0247483276150048,0.000540537945252676,0.0338778531670904,0.00878922660239665,6.84589644493833,6.35828279568902,0,8000,1901,2
500,7,"Metric MDS","rigid",0.0446666946320885,0.202449686399102,0.0387406565125473,0.284509756628701,0.305592019255112,1,0.22970218929716,0.00231841043396298,0.249312915775722,0.208252878883402,8.71876310140113,6.35828279568902,0,2000,1901,2
500,7,"Metric MDS","rigid",0.0446666946320885,0.202449686399102,0.0387406565125473,0.284509756628701,0.305592019255112,1,0.229027428046461,0.0011516274049324,0.250422294283627,0.205416163241548,8.71876310140113,6.35828279568902,0,8000,1901,2
500,7,"Metric MDS","similarity",0.0446666946320885,0.202449686399102,0.0387406565125473,0.240477898011383,0.258297386038079,0.855400769189699,0.195308874563947,0.0019863367810659,0.189376095545089,0.201066674023739,6.37961029845001,6.35828279568902,0,2000,1901,2
500,7,"Metric MDS","similarity",0.0446666946320885,0.202449686399102,0.0387406565125473,0.240477898011383,0.258297386038079,0.855400769189699,0.194477246999422,0.000984040912134503,0.190140777151442,0.198719108455111,6.37961029845001,6.35828279568902,0,8000,1901,2
500,7,"MDS + edge-KK","rigid",0.00121937697708318,0.00369477222966227,0.0403775511690837,0.280191310656723,0.300953575075698,1,0.229368802543028,0.00221045160433758,0.250208745620744,0.206435652867761,8.54499845683594,6.35828279568902,0,2000,1901,2
500,7,"MDS + edge-KK","rigid",0.00121937697708318,0.00369477222966227,0.0403775511690837,0.280191310656723,0.300953575075698,1,0.229147168959658,0.00112643804795179,0.251734574204978,0.204074874088631,8.54499845683594,6.35828279568902,0,8000,1901,2
500,7,"MDS + edge-KK","similarity",0.00121937697708318,0.00369477222966227,0.0403775511690837,0.237249064150818,0.254829294570913,0.857944973990169,0.193921025863047,0.00187579074372862,0.191828280078799,0.195991427122624,6.28971341150909,6.35828279568902,0,2000,1901,2
500,7,"MDS + edge-KK","similarity",0.00121937697708318,0.00369477222966227,0.0403775511690837,0.237249064150818,0.254829294570913,0.857944973990169,0.193531478612217,0.000945768357277158,0.193551041354943,0.193511913891832,6.28971341150909,6.35828279568902,0,8000,1901,2
500,8,"Original saddle","rigid",0,4.56225358287962e-17,0.0638846585225508,2.87678620804604e-16,3.08995697265083e-16,1,0.0256448911478696,0.00113350081595117,0.0350757157132009,0.00922036068594232,6.84589644493833,6.35828279568902,0,2000,1901,2
500,8,"Original saddle","rigid",0,4.56225358287962e-17,0.0638846585225508,2.87678620804604e-16,3.08995697265083e-16,1,0.0247483276150048,0.000540537945252676,0.0338778531670904,0.00878922660239662,6.84589644493833,6.35828279568902,0,8000,1901,2
500,8,"Original saddle","similarity",0,4.56225358287962e-17,0.0638846585225508,3.21169947754847e-16,3.44968742096775e-16,1,0.0256448911478696,0.00113350081595117,0.0350757157132009,0.00922036068594235,6.84589644493833,6.35828279568902,0,2000,1901,2
500,8,"Original saddle","similarity",0,4.56225358287962e-17,0.0638846585225508,3.21169947754847e-16,3.44968742096775e-16,1,0.0247483276150048,0.000540537945252676,0.0338778531670904,0.00878922660239665,6.84589644493833,6.35828279568902,0,8000,1901,2
500,8,"Metric MDS","rigid",0.0440726103258353,0.189304577643292,0.037615477302757,0.319918507951086,0.343624570209177,1,0.251319669130265,0.00236710183540126,0.264242566721134,0.237695221062853,8.29987515515481,6.35828279568902,0,2000,1901,2
500,8,"Metric MDS","rigid",0.0440726103258353,0.189304577643292,0.037615477302757,0.319918507951086,0.343624570209177,1,0.251796125815733,0.00121657273441109,0.267125847252309,0.235470507030842,8.29987515515481,6.35828279568902,0,8000,1901,2
500,8,"Metric MDS","similarity",0.0440726103258353,0.189304577643292,0.037615477302757,0.282502152535054,0.30343565106545,0.855257238701141,0.22025574550987,0.0021319272681135,0.204280568220098,0.235148115680077,6.07106771848307,6.35828279568902,0,2000,1901,2
500,8,"Metric MDS","similarity",0.0440726103258353,0.189304577643292,0.037615477302757,0.282502152535054,0.30343565106545,0.855257238701141,0.220352984533931,0.00108036003413817,0.207021837360001,0.232922378577309,6.07106771848307,6.35828279568902,0,8000,1901,2
500,8,"MDS + edge-KK","rigid",0.00198331429857962,0.00468044134654911,0.0387212243794025,0.31811583634249,0.341688320066292,1,0.259593229804802,0.00246074352767791,0.279322597220214,0.238235548571434,8.23370468439047,6.35828279568902,0,2000,1901,2
500,8,"MDS + edge-KK","rigid",0.00198331429857962,0.00468044134654911,0.0387212243794025,0.31811583634249,0.341688320066292,1,0.258518571451189,0.00123466961388484,0.279425734230814,0.235764633946437,8.23370468439047,6.35828279568902,0,8000,1901,2
500,8,"MDS + edge-KK","similarity",0.00198331429857962,0.00468044134654911,0.0387212243794025,0.281917861391538,0.302808063764067,0.857562543728927,0.225688104987137,0.00213095446512397,0.219588571597441,0.231627072444404,6.05517771500296,6.35828279568902,0,2000,1901,2
500,8,"MDS + edge-KK","similarity",0.00198331429857962,0.00468044134654911,0.0387212243794025,0.281917861391538,0.302808063764067,0.857562543728927,0.224591294541633,0.00106548131263619,0.219764907192035,0.229316124018023,6.05517771500296,6.35828279568902,0,8000,1901,2
500,9,"Original saddle","rigid",0,4.52092593533175e-17,0.0608634506542405,2.87678620804604e-16,3.08995697265083e-16,1,0.0256448911478696,0.00113350081595117,0.0350757157132009,0.00922036068594232,6.84589644493833,6.35828279568902,0,2000,1901,2
500,9,"Original saddle","rigid",0,4.52092593533175e-17,0.0608634506542405,2.87678620804604e-16,3.08995697265083e-16,1,0.0247483276150048,0.000540537945252676,0.0338778531670904,0.00878922660239662,6.84589644493833,6.35828279568902,0,8000,1901,2
500,9,"Original saddle","similarity",0,4.52092593533175e-17,0.0608634506542405,3.21169947754847e-16,3.44968742096775e-16,1,0.0256448911478696,0.00113350081595117,0.0350757157132009,0.00922036068594235,6.84589644493833,6.35828279568902,0,2000,1901,2
500,9,"Original saddle","similarity",0,4.52092593533175e-17,0.0608634506542405,3.21169947754847e-16,3.44968742096775e-16,1,0.0247483276150048,0.000540537945252676,0.0338778531670904,0.00878922660239665,6.84589644493833,6.35828279568902,0,8000,1901,2
500,9,"Metric MDS","rigid",0.03502566282075,0.160590028976755,0.0361336072889133,0.234847111069433,0.252249356009248,1,0.206897788891668,0.00203174690055591,0.223217107926321,0.189175878022361,8.08474440662054,6.35828279568902,0,2000,1901,2
500,9,"Metric MDS","rigid",0.03502566282075,0.160590028976755,0.0361336072889133,0.234847111069433,0.252249356009248,1,0.206998096760188,0.00103248424452433,0.22607238390931,0.185977690485287,8.08474440662054,6.35828279568902,0,8000,1901,2
500,9,"Metric MDS","similarity",0.03502566282075,0.160590028976755,0.0361336072889133,0.20377443972536,0.218874189926357,0.886123655223037,0.181048871817776,0.00177953116569921,0.178981835744362,0.183092573433652,6.3482636492268,6.35828279568902,0,2000,1901,2
500,9,"Metric MDS","similarity",0.03502566282075,0.160590028976755,0.0361336072889133,0.20377443972536,0.218874189926357,0.886123655223037,0.180672329321932,0.000900871465160845,0.181045543739392,0.180298342358806,6.3482636492268,6.35828279568902,0,8000,1901,2
500,9,"MDS + edge-KK","rigid",0.00193402228148231,0.00471966466484178,0.0379145141414203,0.226370599825601,0.243144732610965,1,0.202247305086357,0.00202898905256579,0.22297892246597,0.179132199688674,8.13699374194552,6.35828279568902,0,2000,1901,2
500,9,"MDS + edge-KK","rigid",0.00193402228148231,0.00471966466484178,0.0379145141414203,0.226370599825601,0.243144732610965,1,0.200132823479535,0.00101412214268264,0.220876299642402,0.176974445398373,8.13699374194552,6.35828279568902,0,8000,1901,2
500,9,"MDS + edge-KK","similarity",0.00193402228148231,0.00471966466484178,0.0379145141414203,0.196453988504911,0.211011290963511,0.890006989699135,0.17605974012997,0.00175908666266972,0.180297413758961,0.171717520309068,6.44541398113844,6.35828279568902,0,2000,1901,2
500,9,"MDS + edge-KK","similarity",0.00193402228148231,0.00471966466484178,0.0379145141414203,0.196453988504911,0.211011290963511,0.890006989699135,0.174310996042084,0.000881533538708653,0.17857929094365,0.169935527563926,6.44541398113844,6.35828279568902,0,8000,1901,2
500,10,"Original saddle","rigid",0,4.50295942988274e-17,0.0600482144420988,2.87678620804604e-16,3.08995697265083e-16,1,0.0256448911478696,0.00113350081595117,0.0350757157132009,0.00922036068594232,6.84589644493833,6.35828279568902,0,2000,1901,2
500,10,"Original saddle","rigid",0,4.50295942988274e-17,0.0600482144420988,2.87678620804604e-16,3.08995697265083e-16,1,0.0247483276150048,0.000540537945252676,0.0338778531670904,0.00878922660239662,6.84589644493833,6.35828279568902,0,8000,1901,2
500,10,"Original saddle","similarity",0,4.50295942988274e-17,0.0600482144420988,3.21169947754847e-16,3.44968742096775e-16,1,0.0256448911478696,0.00113350081595117,0.0350757157132009,0.00922036068594235,6.84589644493833,6.35828279568902,0,2000,1901,2
500,10,"Original saddle","similarity",0,4.50295942988274e-17,0.0600482144420988,3.21169947754847e-16,3.44968742096775e-16,1,0.0247483276150048,0.000540537945252676,0.0338778531670904,0.00878922660239665,6.84589644493833,6.35828279568902,0,8000,1901,2
500,10,"Metric MDS","rigid",0.0351021492193872,0.136918155846433,0.0351830513798991,0.23305987106038,0.250329680952294,1,0.205615828482593,0.00193784919598053,0.218097056796784,0.19232631557264,7.81451347356734,6.35828279568902,0,2000,1901,2
500,10,"Metric MDS","rigid",0.0351021492193872,0.136918155846433,0.0351830513798991,0.23305987106038,0.250329680952294,1,0.204854516705465,0.000976820456719079,0.219807797395136,0.188720105536104,7.81451347356734,6.35828279568902,0,8000,1901,2
500,10,"Metric MDS","similarity",0.0351021492193872,0.136918155846433,0.0351830513798991,0.205107967926284,0.220306532987216,0.891373878929762,0.18146708347747,0.00171630702886898,0.176653238591262,0.186156488113783,6.20900130047101,6.35828279568902,0,2000,1901,2
500,10,"Metric MDS","similarity",0.0351021492193872,0.136918155846433,0.0351830513798991,0.205107967926284,0.220306532987216,0.891373878929762,0.180419469846169,0.000861356547628297,0.177816118707691,0.182985786679944,6.20900130047101,6.35828279568902,0,8000,1901,2
500,10,"MDS + edge-KK","rigid",0.00241346746944238,0.00558251746903606,0.0354391432285039,0.22504001882493,0.241715555138826,1,0.197453616936239,0.00194621710851581,0.215235528202561,0.177903145227314,7.97379853553948,6.35828279568902,0,2000,1901,2
500,10,"MDS + edge-KK","rigid",0.00241346746944238,0.00558251746903606,0.0354391432285039,0.22504001882493,0.241715555138826,1,0.195339568533646,0.000972853093925721,0.213266842230313,0.175591423694134,7.97379853553948,6.35828279568902,0,8000,1901,2
500,10,"MDS + edge-KK","similarity",0.00241346746944238,0.00558251746903606,0.0354391432285039,0.198313370588593,0.213008453845557,0.895305704753325,0.173194373637869,0.00169683132813354,0.17556543942615,0.170790393754245,6.39157607144974,6.35828279568902,0,2000,1901,2
500,10,"MDS + edge-KK","similarity",0.00241346746944238,0.00558251746903606,0.0354391432285039,0.198313370588593,0.213008453845557,0.895305704753325,0.171279939081996,0.000849444096855234,0.173843377997761,0.168677547380177,6.39157607144974,6.35828279568902,0,8000,1901,2
500,11,"Original saddle","rigid",0,4.41632671967437e-17,0.0585041669800281,2.87678620804604e-16,3.08995697265083e-16,1,0.0256448911478696,0.00113350081595117,0.0350757157132009,0.00922036068594232,6.84589644493833,6.35828279568902,0,2000,1901,2
500,11,"Original saddle","rigid",0,4.41632671967437e-17,0.0585041669800281,2.87678620804604e-16,3.08995697265083e-16,1,0.0247483276150048,0.000540537945252676,0.0338778531670904,0.00878922660239662,6.84589644493833,6.35828279568902,0,8000,1901,2
500,11,"Original saddle","similarity",0,4.41632671967437e-17,0.0585041669800281,3.21169947754847e-16,3.44968742096775e-16,1,0.0256448911478696,0.00113350081595117,0.0350757157132009,0.00922036068594235,6.84589644493833,6.35828279568902,0,2000,1901,2
500,11,"Original saddle","similarity",0,4.41632671967437e-17,0.0585041669800281,3.21169947754847e-16,3.44968742096775e-16,1,0.0247483276150048,0.000540537945252676,0.0338778531670904,0.00878922660239665,6.84589644493833,6.35828279568902,0,8000,1901,2
500,11,"Metric MDS","rigid",0.0313181856735263,0.115984829611815,0.0350972725777579,0.22514473756059,0.241828033565799,1,0.201253555518709,0.00187849484279704,0.2102809182708,0.191801779525201,7.5661120385325,6.35828279568902,0,2000,1901,2
500,11,"Metric MDS","rigid",0.0313181856735263,0.115984829611815,0.0350972725777579,0.22514473756059,0.241828033565799,1,0.200517432973273,0.000946452713776968,0.212231261919904,0.188075445809034,7.5661120385325,6.35828279568902,0,8000,1901,2
500,11,"Metric MDS","similarity",0.0313181856735263,0.115984829611815,0.0350972725777579,0.201617363205444,0.216557273356535,0.900702984980986,0.179533601853045,0.00168509963454324,0.173190187342318,0.185660408803246,6.1381284439218,6.35828279568902,0,2000,1901,2
500,11,"Metric MDS","similarity",0.0313181856735263,0.115984829611815,0.0350972725777579,0.201617363205444,0.216557273356535,0.900702984980986,0.1785749065475,0.000847060759441035,0.174722113319831,0.182346312312449,6.1381284439218,6.35828279568902,0,8000,1901,2
500,11,"MDS + edge-KK","rigid",0.00241217593400862,0.00562620819188462,0.0348823548953467,0.21718777791983,0.233281460708108,1,0.190601756267429,0.00181183504375399,0.207411029428797,0.172159007477807,7.90992167623684,6.35828279568902,0,2000,1901,2
500,11,"MDS + edge-KK","rigid",0.00241217593400862,0.00562620819188462,0.0348823548953467,0.21718777791983,0.233281460708108,1,0.188746157959258,0.000915513065092832,0.205973304842274,0.169779922196689,7.90992167623684,6.35828279568902,0,8000,1901,2
500,11,"MDS + edge-KK","similarity",0.00241217593400862,0.00562620819188462,0.0348823548953467,0.19502065486235,0.209471746846336,0.904974982581814,0.168726308859267,0.00159345306597951,0.172276756015667,0.165099527374441,6.47806543249916,6.35828279568902,0,2000,1901,2
500,11,"MDS + edge-KK","similarity",0.00241217593400862,0.00562620819188462,0.0348823548953467,0.19502065486235,0.209471746846336,0.904974982581814,0.166877624177795,0.000804026229301997,0.171072930810061,0.162574091559838,6.47806543249916,6.35828279568902,0,8000,1901,2
500,12,"Original saddle","rigid",0,4.56333592884008e-17,0.0585849769740771,2.87678620804604e-16,3.08995697265083e-16,1,0.0256448911478696,0.00113350081595117,0.0350757157132009,0.00922036068594232,6.84589644493833,6.35828279568902,0,2000,1901,2
500,12,"Original saddle","rigid",0,4.56333592884008e-17,0.0585849769740771,2.87678620804604e-16,3.08995697265083e-16,1,0.0247483276150048,0.000540537945252676,0.0338778531670904,0.00878922660239662,6.84589644493833,6.35828279568902,0,8000,1901,2
500,12,"Original saddle","similarity",0,4.56333592884008e-17,0.0585849769740771,3.21169947754847e-16,3.44968742096775e-16,1,0.0256448911478696,0.00113350081595117,0.0350757157132009,0.00922036068594235,6.84589644493833,6.35828279568902,0,2000,1901,2
500,12,"Original saddle","similarity",0,4.56333592884008e-17,0.0585849769740771,3.21169947754847e-16,3.44968742096775e-16,1,0.0247483276150048,0.000540537945252676,0.0338778531670904,0.00878922660239665,6.84589644493833,6.35828279568902,0,8000,1901,2
500,12,"Metric MDS","rigid",0.0307168253976109,0.108948198339338,0.0342757881806679,0.245394872593061,0.263578709985791,1,0.215418297163325,0.00197123004636132,0.220579729548535,0.210130122585478,7.33453991339735,6.35828279568902,0,2000,1901,2
500,12,"Metric MDS","rigid",0.0307168253976109,0.108948198339338,0.0342757881806679,0.245394872593061,0.263578709985791,1,0.213475220612036,0.000993798848848033,0.220529220306138,0.206180024788731,7.33453991339735,6.35828279568902,0,8000,1901,2
500,12,"Metric MDS","similarity",0.0307168253976109,0.108948198339338,0.0342757881806679,0.22397018432211,0.2405664455622,0.9001149387201,0.193698459342985,0.00178120466739299,0.183130508999833,0.203718931317525,5.94249486748209,6.35828279568902,0,2000,1901,2
500,12,"Metric MDS","similarity",0.0307168253976109,0.108948198339338,0.0342757881806679,0.22397018432211,0.2405664455622,0.9001149387201,0.191843657748087,0.000895506229181643,0.182959494088432,0.200334224632826,5.94249486748209,6.35828279568902,0,8000,1901,2
500,12,"MDS + edge-KK","rigid",0.0025919687869013,0.0060065837032616,0.0351710848591535,0.238695382448669,0.256382785510427,1,0.20100696206708,0.00184254006163727,0.215691923592345,0.185160988590759,7.88240037845416,6.35828279568902,0,2000,1901,2
500,12,"MDS + edge-KK","rigid",0.0025919687869013,0.0060065837032616,0.0351710848591535,0.238695382448669,0.256382785510427,1,0.201883422047994,0.000923026357027905,0.219287813350668,0.182829666934827,7.88240037845416,6.35828279568902,0,8000,1901,2
500,12,"MDS + edge-KK","similarity",0.0025919687869013,0.0060065837032616,0.0351710848591535,0.219206933907404,0.235450236790677,0.905468266009961,0.17912289764654,0.0016189926592182,0.181630641173273,0.17657954329302,6.46256551727661,6.35828279568902,0,2000,1901,2
500,12,"MDS + edge-KK","similarity",0.0025919687869013,0.0060065837032616,0.0351710848591535,0.219206933907404,0.235450236790677,0.905468266009961,0.179754875721232,0.000809009383508805,0.184598557319436,0.17477701029224,6.46256551727661,6.35828279568902,0,8000,1901,2
500,13,"Original saddle","rigid",0,4.58151054709404e-17,0.0584303337390964,2.87678620804604e-16,3.08995697265083e-16,1,0.0256448911478696,0.00113350081595117,0.0350757157132009,0.00922036068594232,6.84589644493833,6.35828279568902,0,2000,1901,2
500,13,"Original saddle","rigid",0,4.58151054709404e-17,0.0584303337390964,2.87678620804604e-16,3.08995697265083e-16,1,0.0247483276150048,0.000540537945252676,0.0338778531670904,0.00878922660239662,6.84589644493833,6.35828279568902,0,8000,1901,2
500,13,"Original saddle","similarity",0,4.58151054709404e-17,0.0584303337390964,3.21169947754847e-16,3.44968742096775e-16,1,0.0256448911478696,0.00113350081595117,0.0350757157132009,0.00922036068594235,6.84589644493833,6.35828279568902,0,2000,1901,2
500,13,"Original saddle","similarity",0,4.58151054709404e-17,0.0584303337390964,3.21169947754847e-16,3.44968742096775e-16,1,0.0247483276150048,0.000540537945252676,0.0338778531670904,0.00878922660239665,6.84589644493833,6.35828279568902,0,8000,1901,2
500,13,"Metric MDS","rigid",0.0308969834112988,0.100672863896104,0.0343216848471756,0.256661762710259,0.275680480211314,1,0.224261081883358,0.00205671051847084,0.226257352601205,0.222246880942979,7.20213689088845,6.35828279568902,0,2000,1901,2
500,13,"Metric MDS","rigid",0.0308969834112988,0.100672863896104,0.0343216848471756,0.256661762710259,0.275680480211314,1,0.222703631027784,0.00103182152666371,0.227128856369443,0.218188673285823,7.20213689088845,6.35828279568902,0,8000,1901,2
500,13,"Metric MDS","similarity",0.0308969834112988,0.100672863896104,0.0343216848471756,0.237007624970676,0.254569964671436,0.901383689802151,0.203260469156219,0.00188722761066984,0.189168921177709,0.216436493927605,5.85168261287801,6.35828279568902,0,2000,1901,2
500,13,"Metric MDS","similarity",0.0308969834112988,0.100672863896104,0.0343216848471756,0.237007624970676,0.254569964671436,0.901383689802151,0.201690527722652,0.000944251636792129,0.1897778413343,0.21293780520278,5.85168261287801,6.35828279568902,0,8000,1901,2
500,13,"MDS + edge-KK","rigid",0.00250074968462913,0.00590124791492476,0.0349333386297481,0.249507524108377,0.267996110274451,1,0.205942192997467,0.00189323281980522,0.221302265126982,0.18934012032023,7.77839858469045,6.35828279568902,0,2000,1901,2
500,13,"MDS + edge-KK","rigid",0.00250074968462913,0.00590124791492476,0.0349333386297481,0.249507524108377,0.267996110274451,1,0.206318368828899,0.000942020959628936,0.223657862512158,0.187381160122698,7.77839858469045,6.35828279568902,0,8000,1901,2
500,13,"MDS + edge-KK","similarity",0.00250074968462913,0.00590124791492476,0.0349333386297481,0.232400319329054,0.249621256229826,0.908501771956328,0.184688738876236,0.00167156909535438,0.188513353782502,0.180783229258309,6.42009938494655,6.35828279568902,0,2000,1901,2
500,13,"MDS + edge-KK","similarity",0.00250074968462913,0.00590124791492476,0.0349333386297481,0.232400319329054,0.249621256229826,0.908501771956328,0.184980069414047,0.000830748601019945,0.190225448713542,0.17958154365798,6.42009938494655,6.35828279568902,0,8000,1901,2
500,14,"Original saddle","rigid",0,2.22153683175632e-16,0.0585949422767685,2.87678620804604e-16,3.08995697265083e-16,1,0.0256448911478696,0.00113350081595117,0.0350757157132009,0.00922036068594232,6.84589644493833,6.35828279568902,0,2000,1901,2
500,14,"Original saddle","rigid",0,2.22153683175632e-16,0.0585949422767685,2.87678620804604e-16,3.08995697265083e-16,1,0.0247483276150048,0.000540537945252676,0.0338778531670904,0.00878922660239662,6.84589644493833,6.35828279568902,0,8000,1901,2
500,14,"Original saddle","similarity",0,2.22153683175632e-16,0.0585949422767685,3.21169947754847e-16,3.44968742096775e-16,1,0.0256448911478696,0.00113350081595117,0.0350757157132009,0.00922036068594235,6.84589644493833,6.35828279568902,0,2000,1901,2
500,14,"Original saddle","similarity",0,2.22153683175632e-16,0.0585949422767685,3.21169947754847e-16,3.44968742096775e-16,1,0.0247483276150048,0.000540537945252676,0.0338778531670904,0.00878922660239665,6.84589644493833,6.35828279568902,0,8000,1901,2
500,14,"Metric MDS","rigid",0.0311611188887974,0.0915065809812877,0.034700356589242,0.31936005709418,0.343024737967785,1,0.265820229591373,0.00237807972201258,0.264077489996072,0.267551617818683,6.97212375018756,6.35828279568902,0,2000,1901,2
500,14,"Metric MDS","rigid",0.0311611188887974,0.0915065809812877,0.034700356589242,0.31936005709418,0.343024737967785,1,0.264121071113567,0.00119476618957504,0.26450747227125,0.263734103833823,6.97212375018756,6.35828279568902,0,8000,1901,2
500,14,"Metric MDS","similarity",0.0311611188887974,0.0915065809812877,0.034700356589242,0.298615847241824,0.320743375628052,0.886213378296678,0.242688195458371,0.00221019857777436,0.219414211161914,0.263917646946687,5.47572577705025,6.35828279568902,0,2000,1901,2
500,14,"Metric MDS","similarity",0.0311611188887974,0.0915065809812877,0.034700356589242,0.298615847241824,0.320743375628052,0.886213378296678,0.240884694781631,0.00110624610127642,0.219586759346759,0.26044678435271,5.47572577705025,6.35828279568902,0,8000,1901,2
500,14,"MDS + edge-KK","rigid",0.00249905018755874,0.00588167306118077,0.0342886926396854,0.325019612833341,0.349103668570766,1,0.257855649512044,0.00221267391536598,0.276307282727171,0.237977640719633,7.66561720672553,6.35828279568902,0,2000,1901,2
500,14,"MDS + edge-KK","rigid",0.00249905018755874,0.00588167306118077,0.0342886926396854,0.325019612833341,0.349103668570766,1,0.257614362963489,0.00110525503348048,0.277116331125202,0.236509744056933,7.66561720672553,6.35828279568902,0,8000,1901,2
500,14,"MDS + edge-KK","similarity",0.00249905018755874,0.00588167306118077,0.0342886926396854,0.306374844630013,0.329077317167871,0.89014425952303,0.231244971429408,0.00196294035563443,0.233027512557429,0.22944858250613,6.0739039411169,6.35828279568902,0,2000,1901,2
500,14,"MDS + edge-KK","similarity",0.00249905018755874,0.00588167306118077,0.0342886926396854,0.306374844630013,0.329077317167871,0.89014425952303,0.231136121654816,0.000977903353566224,0.233583892659861,0.228662149375724,6.0739039411169,6.35828279568902,0,8000,1901,2
500,15,"Original saddle","rigid",0,4.67226417131039e-17,0.0587600369008156,2.87678620804604e-16,3.08995697265083e-16,1,0.0256448911478696,0.00113350081595117,0.0350757157132009,0.00922036068594232,6.84589644493833,6.35828279568902,0,2000,1901,2
500,15,"Original saddle","rigid",0,4.67226417131039e-17,0.0587600369008156,2.87678620804604e-16,3.08995697265083e-16,1,0.0247483276150048,0.000540537945252676,0.0338778531670904,0.00878922660239662,6.84589644493833,6.35828279568902,0,8000,1901,2
500,15,"Original saddle","similarity",0,4.67226417131039e-17,0.0587600369008156,3.21169947754847e-16,3.44968742096775e-16,1,0.0256448911478696,0.00113350081595117,0.0350757157132009,0.00922036068594235,6.84589644493833,6.35828279568902,0,2000,1901,2
500,15,"Original saddle","similarity",0,4.67226417131039e-17,0.0587600369008156,3.21169947754847e-16,3.44968742096775e-16,1,0.0247483276150048,0.000540537945252676,0.0338778531670904,0.00878922660239665,6.84589644493833,6.35828279568902,0,8000,1901,2
500,15,"Metric MDS","rigid",0.031686430936915,0.086278314278433,0.0346864050235221,0.340855515020895,0.366113016100934,1,0.283437597554398,0.00252755607703375,0.281100944163956,0.285755144494286,6.86953476598989,6.35828279568902,0,2000,1901,2
500,15,"Metric MDS","rigid",0.031686430936915,0.086278314278433,0.0346864050235221,0.340855515020895,0.366113016100934,1,0.281066516853501,0.0012643456548532,0.280306625882129,0.281824358916853,6.86953476598989,6.35828279568902,0,8000,1901,2
500,15,"Metric MDS","similarity",0.031686430936915,0.086278314278433,0.0346864050235221,0.319827619197739,0.343526946570564,0.881208251439079,0.258831072534962,0.00234561419927621,0.233078002728343,0.282244030695716,5.33438597189045,6.35828279568902,0,2000,1901,2
500,15,"Metric MDS","similarity",0.031686430936915,0.086278314278433,0.0346864050235221,0.319827619197739,0.343526946570564,0.881208251439079,0.256573907586279,0.00116964853171769,0.232360075581372,0.278691828699737,5.33438597189045,6.35828279568902,0,8000,1901,2
500,15,"MDS + edge-KK","rigid",0.00230847508645384,0.00563407141857774,0.0343149868335548,0.350053797081898,0.375992893761398,1,0.276208001390268,0.00233116283087433,0.292743962755965,0.258616883311874,7.58026264712978,6.35828279568902,0,2000,1901,2
500,15,"MDS + edge-KK","rigid",0.00230847508645384,0.00563407141857774,0.0343149868335548,0.350053797081898,0.375992893761398,1,0.276395961109871,0.00116041871907768,0.294552751959043,0.256959395525934,7.58026264712978,6.35828279568902,0,8000,1901,2
500,15,"MDS + edge-KK","similarity",0.00230847508645384,0.00563407141857774,0.0343149868335548,0.330781802709257,0.35529283853238,0.883686599567392,0.248664922755212,0.0020778143098217,0.245704906666532,0.251590115977758,5.91944230908334,6.35828279568902,0,2000,1901,2
500,15,"MDS + edge-KK","similarity",0.00230847508645384,0.00563407141857774,0.0343149868335548,0.330781802709257,0.35529283853238,0.883686599567392,0.248810147802676,0.00103209574970624,0.247227351562663,0.250382938593048,5.91944230908334,6.35828279568902,0,8000,1901,2
500,16,"Original saddle","rigid",0,4.8341658069753e-17,0.0579899379128449,2.87678620804604e-16,3.08995697265083e-16,1,0.0256448911478696,0.00113350081595117,0.0350757157132009,0.00922036068594232,6.84589644493833,6.35828279568902,0,2000,1901,2
500,16,"Original saddle","rigid",0,4.8341658069753e-17,0.0579899379128449,2.87678620804604e-16,3.08995697265083e-16,1,0.0247483276150048,0.000540537945252676,0.0338778531670904,0.00878922660239662,6.84589644493833,6.35828279568902,0,8000,1901,2
500,16,"Original saddle","similarity",0,4.8341658069753e-17,0.0579899379128449,3.21169947754847e-16,3.44968742096775e-16,1,0.0256448911478696,0.00113350081595117,0.0350757157132009,0.00922036068594235,6.84589644493833,6.35828279568902,0,2000,1901,2
500,16,"Original saddle","similarity",0,4.8341658069753e-17,0.0579899379128449,3.21169947754847e-16,3.44968742096775e-16,1,0.0247483276150048,0.000540537945252676,0.0338778531670904,0.00878922660239665,6.84589644493833,6.35828279568902,0,8000,1901,2
500,16,"Metric MDS","rigid",0.0304922944139453,0.0843882277501079,0.0340179080798533,0.288628320859413,0.310015770393242,1,0.247669974144737,0.0022416268887306,0.245449263044968,0.249870949604774,6.79906608426038,6.35828279568902,0,2000,1901,2
500,16,"Metric MDS","rigid",0.0304922944139453,0.0843882277501079,0.0340179080798533,0.288628320859413,0.310015770393242,1,0.244958762098412,0.00112852875434811,0.243672190809702,0.246238611276893,6.79906608426038,6.35828279568902,0,8000,1901,2
500,16,"Metric MDS","similarity",0.0304922944139453,0.0843882277501079,0.0340179080798533,0.271012730571993,0.291094859314158,0.89970584381709,0.226721142903776,0.00208376696421327,0.206784584876036,0.245040993992505,5.50364413937149,6.35828279568902,0,2000,1901,2
500,16,"Metric MDS","similarity",0.0304922944139453,0.0843882277501079,0.0340179080798533,0.271012730571993,0.291094859314158,0.89970584381709,0.224219948216356,0.00104629040984333,0.205313507008378,0.241651679481462,5.50364413937149,6.35828279568902,0,8000,1901,2
500,16,"MDS + edge-KK","rigid",0.00301850261109462,0.0066542755131397,0.0344394868151078,0.288837456576301,0.310240403132657,1,0.228320817499883,0.00204171646903034,0.242164001894242,0.213582273595436,7.51758704248551,6.35828279568902,0,2000,1901,2
500,16,"MDS + edge-KK","rigid",0.00301850261109462,0.0066542755131397,0.0344394868151078,0.288837456576301,0.310240403132657,1,0.227472767167143,0.00101935648845722,0.242243730252378,0.21167355706079,7.51758704248551,6.35828279568902,0,8000,1901,2
500,16,"MDS + edge-KK","similarity",0.00301850261109462,0.0066542755131397,0.0344394868151078,0.273698023208181,0.293979132980929,0.906038711673453,0.207740034594692,0.00186137405305186,0.208343644032188,0.207134666191336,6.17123341416646,6.35828279568902,0,2000,1901,2
500,16,"MDS + edge-KK","similarity",0.00301850261109462,0.0066542755131397,0.0344394868151078,0.273698023208181,0.293979132980929,0.906038711673453,0.207024532469447,0.000925980995626248,0.208466046562841,0.205572910469366,6.17123341416646,6.35828279568902,0,8000,1901,2
500,17,"Original saddle","rigid",0,2.22513863651187e-16,0.0579947134153115,2.87678620804604e-16,3.08995697265083e-16,1,0.0256448911478696,0.00113350081595117,0.0350757157132009,0.00922036068594232,6.84589644493833,6.35828279568902,0,2000,1901,2
500,17,"Original saddle","rigid",0,2.22513863651187e-16,0.0579947134153115,2.87678620804604e-16,3.08995697265083e-16,1,0.0247483276150048,0.000540537945252676,0.0338778531670904,0.00878922660239662,6.84589644493833,6.35828279568902,0,8000,1901,2
500,17,"Original saddle","similarity",0,2.22513863651187e-16,0.0579947134153115,3.21169947754847e-16,3.44968742096775e-16,1,0.0256448911478696,0.00113350081595117,0.0350757157132009,0.00922036068594235,6.84589644493833,6.35828279568902,0,2000,1901,2
500,17,"Original saddle","similarity",0,2.22513863651187e-16,0.0579947134153115,3.21169947754847e-16,3.44968742096775e-16,1,0.0247483276150048,0.000540537945252676,0.0338778531670904,0.00878922660239665,6.84589644493833,6.35828279568902,0,8000,1901,2
500,17,"Metric MDS","rigid",0.0315910527842788,0.0831821429183292,0.0348531321174209,0.315818514712662,0.339220766179717,1,0.266845189440903,0.00239429669358022,0.263400972562163,0.270245514132629,6.75243296060579,6.35828279568902,0,2000,1901,2
500,17,"Metric MDS","rigid",0.0315910527842788,0.0831821429183292,0.0348531321174209,0.315818514712662,0.339220766179717,1,0.263779763271706,0.00120291680489128,0.260832253225761,0.266694699423379,6.75243296060579,6.35828279568902,0,8000,1901,2
500,17,"Metric MDS","similarity",0.0315910527842788,0.0831821429183292,0.0348531321174209,0.297577065685134,0.31962762003065,0.892931010880352,0.244567212713083,0.0022335045472424,0.221121305635876,0.265954152557125,5.3838889460322,6.35828279568902,0,2000,1901,2
500,17,"Metric MDS","similarity",0.0315910527842788,0.0831821429183292,0.0348531321174209,0.297577065685134,0.31962762003065,0.892931010880352,0.2417549738554,0.00111889835561704,0.21901032107091,0.262536500380551,5.3838889460322,6.35828279568902,0,8000,1901,2
500,17,"MDS + edge-KK","rigid",0.00315107128169591,0.00691796994539676,0.0347748801132367,0.321984800150535,0.345843975311775,1,0.254593568398061,0.00217028454281021,0.269991467573386,0.238202387848831,7.57536124646752,6.35828279568902,0,2000,1901,2
500,17,"MDS + edge-KK","rigid",0.00315107128169591,0.00691796994539676,0.0347748801132367,0.321984800150535,0.345843975311775,1,0.25420404997321,0.00108925706113441,0.270840201941637,0.23640004876856,7.57536124646752,6.35828279568902,0,8000,1901,2
500,17,"MDS + edge-KK","similarity",0.00315107128169591,0.00691796994539676,0.0347748801132367,0.305975196146579,0.32864805460587,0.897641492800947,0.230478705480534,0.00194581025218333,0.230929519726341,0.230027007716326,6.10392496874802,6.35828279568902,0,2000,1901,2
500,17,"MDS + edge-KK","similarity",0.00315107128169591,0.00691796994539676,0.0347748801132367,0.305975196146579,0.32864805460587,0.897641492800947,0.23015910589661,0.000973363225489238,0.231719444710518,0.228588116483126,6.10392496874802,6.35828279568902,0,8000,1901,2
500,18,"Original saddle","rigid",0,4.7575614614951e-17,0.0574572739405956,2.87678620804604e-16,3.08995697265083e-16,1,0.0256448911478696,0.00113350081595117,0.0350757157132009,0.00922036068594232,6.84589644493833,6.35828279568902,0,2000,1901,2
500,18,"Original saddle","rigid",0,4.7575614614951e-17,0.0574572739405956,2.87678620804604e-16,3.08995697265083e-16,1,0.0247483276150048,0.000540537945252676,0.0338778531670904,0.00878922660239662,6.84589644493833,6.35828279568902,0,8000,1901,2
500,18,"Original saddle","similarity",0,4.7575614614951e-17,0.0574572739405956,3.21169947754847e-16,3.44968742096775e-16,1,0.0256448911478696,0.00113350081595117,0.0350757157132009,0.00922036068594235,6.84589644493833,6.35828279568902,0,2000,1901,2
500,18,"Original saddle","similarity",0,4.7575614614951e-17,0.0574572739405956,3.21169947754847e-16,3.44968742096775e-16,1,0.0247483276150048,0.000540537945252676,0.0338778531670904,0.00878922660239665,6.84589644493833,6.35828279568902,0,8000,1901,2
500,18,"Metric MDS","rigid",0.031287856276089,0.0813432821464146,0.0343193401140897,0.250306123281714,0.268853885898202,1,0.222302076002685,0.00205476826166656,0.220176317887684,0.224407698245021,6.71404781672058,6.35828279568902,0,2000,1901,2
500,18,"Metric MDS","rigid",0.031287856276089,0.0813432821464146,0.0343193401140897,0.250306123281714,0.268853885898202,1,0.220600962778423,0.00103669360139119,0.220730310005264,0.220471539665586,6.71404781672058,6.35828279568902,0,8000,1901,2
500,18,"Metric MDS","similarity",0.031287856276089,0.0813432821464146,0.0343193401140897,0.235315021205869,0.25275193843425,0.913474902345773,0.204068838718956,0.00191271379500695,0.188129188934511,0.218850611475155,5.60244587091771,6.35828279568902,0,2000,1901,2
500,18,"Metric MDS","similarity",0.031287856276089,0.0813432821464146,0.0343193401140897,0.235315021205869,0.25275193843425,0.913474902345773,0.202293479695801,0.000961711772066629,0.188594204716893,0.215122127643982,5.60244587091771,6.35828279568902,0,8000,1901,2
500,18,"MDS + edge-KK","rigid",0.00330966433702931,0.00736778374270888,0.0342894804234358,0.238681987361723,0.256368397843317,1,0.196776385884669,0.00188931339931566,0.214477463860728,0.17731697487701,7.53639362441915,6.35828279568902,0,2000,1901,2
500,18,"MDS + edge-KK","rigid",0.00330966433702931,0.00736778374270888,0.0342894804234358,0.238681987361723,0.256368397843317,1,0.193549289370012,0.000943261054629204,0.210909293145503,0.174470412666839,7.53639362441915,6.35828279568902,0,8000,1901,2
500,18,"MDS + edge-KK","similarity",0.00330966433702931,0.00736778374270888,0.0342894804234358,0.226791738832473,0.243597078150964,0.923881904788869,0.180160264175062,0.00171915516383785,0.188083551965012,0.171872100864221,6.43274736601919,6.35828279568902,0,2000,1901,2
500,18,"MDS + edge-KK","similarity",0.00330966433702931,0.00736778374270888,0.0342894804234358,0.226791738832473,0.243597078150964,0.923881904788869,0.177269315331686,0.00085573248023762,0.184855266841431,0.16934388278681,6.43274736601919,6.35828279568902,0,8000,1901,2
500,19,"Original saddle","rigid",0,4.84488695913254e-17,0.0575773383347222,2.87678620804604e-16,3.08995697265083e-16,1,0.0256448911478696,0.00113350081595117,0.0350757157132009,0.00922036068594232,6.84589644493833,6.35828279568902,0,2000,1901,2
500,19,"Original saddle","rigid",0,4.84488695913254e-17,0.0575773383347222,2.87678620804604e-16,3.08995697265083e-16,1,0.0247483276150048,0.000540537945252676,0.0338778531670904,0.00878922660239662,6.84589644493833,6.35828279568902,0,8000,1901,2
500,19,"Original saddle","similarity",0,4.84488695913254e-17,0.0575773383347222,3.21169947754847e-16,3.44968742096775e-16,1,0.0256448911478696,0.00113350081595117,0.0350757157132009,0.00922036068594235,6.84589644493833,6.35828279568902,0,2000,1901,2
500,19,"Original saddle","similarity",0,4.84488695913254e-17,0.0575773383347222,3.21169947754847e-16,3.44968742096775e-16,1,0.0247483276150048,0.000540537945252676,0.0338778531670904,0.00878922660239665,6.84589644493833,6.35828279568902,0,8000,1901,2
500,19,"Metric MDS","rigid",0.0316849767150402,0.0810780366133178,0.0342448418316583,0.277329340387834,0.297879531907965,1,0.23897562821291,0.00220393043789418,0.234345421181057,0.243517813169761,6.66045793158332,6.35828279568902,0,2000,1901,2
500,19,"Metric MDS","rigid",0.0316849767150402,0.0810780366133178,0.0342448418316583,0.277329340387834,0.297879531907965,1,0.237865544532307,0.00110953752502588,0.235999356234668,0.239717205073237,6.66045793158332,6.35828279568902,0,8000,1901,2
500,19,"Metric MDS","similarity",0.0316849767150402,0.0810780366133178,0.0342448418316583,0.261713756226058,0.281106828038716,0.906876556120566,0.220078478310635,0.00205970239535967,0.199468192560589,0.238917377743147,5.47772770077645,6.35828279568902,0,2000,1901,2
500,19,"Metric MDS","similarity",0.0316849767150402,0.0810780366133178,0.0342448418316583,0.261713756226058,0.281106828038716,0.906876556120566,0.218777974842934,0.00103404253616019,0.200808872167102,0.235379271414726,5.47772770077645,6.35828279568902,0,8000,1901,2
500,19,"MDS + edge-KK","rigid",0.0036103626623615,0.00745833517370925,0.0347592101730145,0.273480122567116,0.293745085833691,1,0.216564134057274,0.00199333059594803,0.231110161068066,0.200968011810454,7.49964015749539,6.35828279568902,0,2000,1901,2
500,19,"MDS + edge-KK","rigid",0.0036103626623615,0.00745833517370925,0.0347592101730145,0.273480122567116,0.293745085833691,1,0.214775520655932,0.000995394273046289,0.229976156835942,0.198413749102787,7.49964015749539,6.35828279568902,0,8000,1901,2
500,19,"MDS + edge-KK","similarity",0.0036103626623615,0.00745833517370925,0.0347592101730145,0.261033220378293,0.280375864270168,0.916362601746541,0.198703719897588,0.00181739277153784,0.202154254468389,0.195192197596645,6.29760096699933,6.35828279568902,0,2000,1901,2
500,19,"MDS + edge-KK","similarity",0.0036103626623615,0.00745833517370925,0.0347592101730145,0.261033220378293,0.280375864270168,0.916362601746541,0.197049754733698,0.000903890630006549,0.201087058882473,0.192927982499217,6.29760096699933,6.35828279568902,0,8000,1901,2
500,20,"Original saddle","rigid",0,4.8848545387877e-17,0.0575905558388749,2.87678620804604e-16,3.08995697265083e-16,1,0.0256448911478696,0.00113350081595117,0.0350757157132009,0.00922036068594232,6.84589644493833,6.35828279568902,0,2000,1901,2
500,20,"Original saddle","rigid",0,4.8848545387877e-17,0.0575905558388749,2.87678620804604e-16,3.08995697265083e-16,1,0.0247483276150048,0.000540537945252676,0.0338778531670904,0.00878922660239662,6.84589644493833,6.35828279568902,0,8000,1901,2
500,20,"Original saddle","similarity",0,4.8848545387877e-17,0.0575905558388749,3.21169947754847e-16,3.44968742096775e-16,1,0.0256448911478696,0.00113350081595117,0.0350757157132009,0.00922036068594235,6.84589644493833,6.35828279568902,0,2000,1901,2
500,20,"Original saddle","similarity",0,4.8848545387877e-17,0.0575905558388749,3.21169947754847e-16,3.44968742096775e-16,1,0.0247483276150048,0.000540537945252676,0.0338778531670904,0.00878922660239665,6.84589644493833,6.35828279568902,0,8000,1901,2
500,20,"Metric MDS","rigid",0.0317088900261775,0.0768853091225294,0.0342751781309221,0.303119667768189,0.325580930674752,1,0.257195633077818,0.0023374655330128,0.251250651707074,0.263006268680748,6.62528391534554,6.35828279568902,0,2000,1901,2
500,20,"Metric MDS","rigid",0.0317088900261775,0.0768853091225294,0.0342751781309221,0.303119667768189,0.325580930674752,1,0.256163360083822,0.00117133593643722,0.253082629763654,0.259207477922186,6.62528391534554,6.35828279568902,0,8000,1901,2
500,20,"Metric MDS","similarity",0.0317088900261775,0.0768853091225294,0.0342751781309221,0.286954292333352,0.308217695825847,0.90067999158669,0.237280159154802,0.00219146504931391,0.213190064135034,0.259140395174424,5.37459228206471,6.35828279568902,0,2000,1901,2
500,20,"Metric MDS","similarity",0.0317088900261775,0.0768853091225294,0.0342751781309221,0.286954292333352,0.308217695825847,0.90067999158669,0.236093734511509,0.00109519929055159,0.21482298283262,0.255600447961418,5.37459228206471,6.35828279568902,0,8000,1901,2
500,20,"MDS + edge-KK","rigid",0.0034132832959013,0.00706455831909364,0.035307879230454,0.30754068103307,0.330329542415795,1,0.247394901909422,0.00216939019396355,0.265628022512208,0.227706452780326,7.62665174212349,6.35828279568902,0,2000,1901,2
500,20,"MDS + edge-KK","rigid",0.0034132832959013,0.00706455831909364,0.035307879230454,0.30754068103307,0.330329542415795,1,0.244940056789126,0.00107315116745461,0.263591224979059,0.224746365829928,7.62665174212349,6.35828279568902,0,8000,1901,2
500,20,"MDS + edge-KK","similarity",0.0034132832959013,0.00706455831909364,0.035307879230454,0.293992893764527,0.315777859841212,0.907282512187675,0.226116416380649,0.00194648562723013,0.230467030830369,0.221680434891958,6.27796652214505,6.35828279568902,0,2000,1901,2
500,20,"MDS + edge-KK","similarity",0.0034132832959013,0.00706455831909364,0.035307879230454,0.293992893764527,0.315777859841212,0.907282512187675,0.223780524528118,0.000960869738861652,0.228558779209786,0.218897991681723,6.27796652214505,6.35828279568902,0,8000,1901,2
