"case","fit","edge_scale","profiled_uniform_energy","energy_after_halving","edge_relative_rmse","final_gradient","elapsed"
"paraboloid-disk-rep1-n240-r1","ambient-k239-classical_primary.rds",0.999999999999999,9.77326139473072e-27,2.44331534868268e-27,9.35536366537596e-16,1.62743281562524e-12,0.0180000000000007
"paraboloid-disk-rep1-n240-r1","ambient-k239-classical_uniform.rds",0.999999999999999,9.77326139473072e-27,2.44331534868268e-27,9.35536366537596e-16,1.62743281562524e-12,0.00399999999999068
"paraboloid-disk-rep1-n240-r1","ambient-k239-stress_primary.rds",0.999999999999998,4.47064131511233e-25,1.11766032877808e-25,6.32740787395383e-15,1.15483058240162e-11,0.0190000000000055
"paraboloid-disk-rep1-n240-r1","ambient-k239-stress_uniform.rds",0.999999999999998,4.47064131511233e-25,1.11766032877808e-25,6.32740787395383e-15,1.15483058240162e-11,0.00400000000000489
"paraboloid-disk-rep1-n240-r1","ambient-k32-classical_primary.rds",1.19246519522983,5.86461646908935e-05,1.46615411727234e-05,0.000417991834143444,0.00155194778336085,0.924000000000007
"paraboloid-disk-rep1-n240-r1","ambient-k32-classical_uniform.rds",1.19238547574014,4.68925174095215e-05,1.17231293523804e-05,0.000373790964014401,0.00118367194829867,0.885999999999996
"paraboloid-disk-rep1-n240-r1","ambient-k32-stress_primary.rds",1.11357452800605,7.20404038943551e-05,1.80101009735888e-05,0.000496092296213657,0.00438593982877113,0.933000000000007
"paraboloid-disk-rep1-n240-r1","ambient-k32-stress_uniform.rds",1.11374219000852,5.51448333970183e-05,1.37862083492546e-05,0.000433971735196562,0.00160043083737491,0.908000000000001
"paraboloid-disk-rep1-n240-r1","ambient-k4-classical_primary.rds",1.36625612355778,2.90142961493536e-05,7.2535740373384e-06,0.00185301681515543,0.000943483383436621,0.105000000000004
"paraboloid-disk-rep1-n240-r1","ambient-k4-classical_uniform.rds",1.36600399155876,2.97972141090218e-05,7.44930352725546e-06,0.0018781977866694,0.000545511442213291,0.106999999999999
"paraboloid-disk-rep1-n240-r1","ambient-k4-stress_primary.rds",1.26799353709195,1.61280811939555e-05,4.03202029848887e-06,0.00148860602562942,0.000467281254565023,0.117999999999995
"paraboloid-disk-rep1-n240-r1","ambient-k4-stress_uniform.rds",1.26931798265238,1.53160168739097e-05,3.82900421847742e-06,0.00144913200177363,0.000405326900567704,0.111000000000004
"paraboloid-disk-rep1-n240-r1","geodesic-k239-classical_primary.rds",0.000176025451978549,1.56195032905061e-06,3.90487582262652e-07,0.0592902887865981,0.00324117880872585,11.925
"paraboloid-disk-rep1-n240-r1","geodesic-k239-classical_uniform.rds",4.81000990191127e-05,1.18801235956428e-07,2.97003089891069e-08,0.059839772445979,0.00128769597049109,11.945
"paraboloid-disk-rep1-n240-r1","geodesic-k239-full_classical_primary.rds",0.000176025451978549,1.56195032905061e-06,3.90487582262652e-07,0.0592902887865981,0.00324117880872585,10.094
"paraboloid-disk-rep1-n240-r1","geodesic-k239-full_classical_uniform.rds",4.81000990191127e-05,1.18801235956428e-07,2.97003089891069e-08,0.059839772445979,0.00128769597049109,9.28699999999999
"paraboloid-disk-rep1-n240-r1","geodesic-k239-stress_primary.rds",0.00017046792818972,1.48448823551345e-06,3.71122058878362e-07,0.0596858140447466,0.0041992067397317,11.239
"paraboloid-disk-rep1-n240-r1","geodesic-k239-stress_uniform.rds",7.82453027291992e-06,3.06782400156829e-09,7.66956000392072e-10,0.0591129141333371,0.000114770137376745,10.778
"paraboloid-disk-rep1-n240-r1","geodesic-k32-classical_primary.rds",1.18466049897864,0.00261395672267185,0.000653489180667961,0.002795815734417,0.00188040077870318,1.166
"paraboloid-disk-rep1-n240-r1","geodesic-k32-classical_uniform.rds",1.18217210277804,0.0025844270784888,0.0006461067696222,0.00278583051201239,0.00068583660538756,1.122
"paraboloid-disk-rep1-n240-r1","geodesic-k32-full_classical_primary.rds",1.18027974523194,0.00259145090112026,0.000647862725280066,0.00279408615958567,0.00451670124111512,1.237
"paraboloid-disk-rep1-n240-r1","geodesic-k32-full_classical_uniform.rds",1.17786410932876,0.00256366076714892,0.00064091519178723,0.0027847636788566,0.002916927124172,1.154
"paraboloid-disk-rep1-n240-r1","geodesic-k32-stress_primary.rds",1.10702595176425,0.00230668344822746,0.000576670862056865,0.00281053794764923,0.000829132500438983,1.144
"paraboloid-disk-rep1-n240-r1","geodesic-k32-stress_uniform.rds",1.10511171103304,0.0022737199389214,0.000568429984730349,0.00279521719853394,0.0045571841986426,1.257
"paraboloid-disk-rep1-n240-r1","geodesic-k4-classical_primary.rds",1.36653871294633,3.20189874053304e-05,8.0047468513326e-06,0.00194401792542997,0.00124892691768334,0.122
"paraboloid-disk-rep1-n240-r1","geodesic-k4-classical_uniform.rds",1.36637771375531,3.23228506561824e-05,8.0807126640456e-06,0.00195345074779669,0.000643898101868753,0.122
"paraboloid-disk-rep1-n240-r1","geodesic-k4-full_classical_primary.rds",1.20669905238161,1.30888164817913e-05,3.27220412044782e-06,0.00140756877970629,0.000433983902882616,0.119
"paraboloid-disk-rep1-n240-r1","geodesic-k4-full_classical_uniform.rds",1.20778766246388,1.12935669937639e-05,2.82339174844097e-06,0.00130630137854086,0.000577380923768376,0.117000000000001
"paraboloid-disk-rep1-n240-r1","geodesic-k4-stress_primary.rds",1.26825546146405,1.80416956643526e-05,4.51042391608814e-06,0.00157235404790103,0.000510296908832814,0.118
"paraboloid-disk-rep1-n240-r1","geodesic-k4-stress_uniform.rds",1.26957403098863,1.71509199206957e-05,4.28772998017391e-06,0.00153145446054427,0.000649443942142328,0.148
"paraboloid-disk-rep1-n240-r64","ambient-k239-classical_primary.rds",1,1.50641487059569e-26,3.76603717648922e-27,1.02540236589252e-15,2.1307692622785e-12,0.0180000000000007
"paraboloid-disk-rep1-n240-r64","ambient-k239-classical_uniform.rds",1,1.50641487059569e-26,3.76603717648922e-27,1.02540236589252e-15,2.1307692622785e-12,0.00399999999999068
"paraboloid-disk-rep1-n240-r64","ambient-k239-stress_primary.rds",1,1.08649190710825e-24,2.71622976777063e-25,8.70833777559863e-15,2.23977800733378e-11,0.0190000000000055
"paraboloid-disk-rep1-n240-r64","ambient-k239-stress_uniform.rds",1,1.08649190710825e-24,2.71622976777063e-25,8.70833777559863e-15,2.23977800733378e-11,0.00500000000000966
"paraboloid-disk-rep1-n240-r64","ambient-k32-classical_primary.rds",1.00185174157986,3.36208199098567e-06,8.40520497746416e-07,0.000339237501299761,0.000553145133354217,0.994
"paraboloid-disk-rep1-n240-r64","ambient-k32-classical_uniform.rds",1.00184687207996,3.40865788921536e-06,8.52164472303839e-07,0.000341580857213726,0.000468583570261514,1.01000000000001
"paraboloid-disk-rep1-n240-r64","ambient-k32-stress_primary.rds",1.00178073372897,3.32695821686875e-06,8.31739554217187e-07,0.00033748475636064,0.000382073249736409,0.995999999999995
"paraboloid-disk-rep1-n240-r64","ambient-k32-stress_uniform.rds",1.00178001127142,3.34040950805873e-06,8.35102377014684e-07,0.000338166557705815,0.00029179672084023,1.005
"paraboloid-disk-rep1-n240-r64","ambient-k4-classical_primary.rds",1.19176339013666,1.08083371919331e-05,2.70208429798329e-06,0.00439540815240637,0.000399491931072816,0.108999999999995
"paraboloid-disk-rep1-n240-r64","ambient-k4-classical_uniform.rds",1.18300805771554,2.10244130364743e-05,5.25610325911856e-06,0.00617566947432594,0.00028533447112761,0.103999999999999
"paraboloid-disk-rep1-n240-r64","ambient-k4-stress_primary.rds",1.1526575878045,1.80041750399132e-06,4.5010437599783e-07,0.00185479581254641,0.000240598396564763,0.116
"paraboloid-disk-rep1-n240-r64","ambient-k4-stress_uniform.rds",1.15731809638344,8.76901321305374e-07,2.19225330326344e-07,0.00128923600346573,0.00016067528536206,0.105000000000004
"paraboloid-disk-rep1-n240-r64","geodesic-k239-classical_primary.rds",0.992210311553188,0.0267907619432835,0.00669769048582089,0.00137757172714209,0.0148325597926751,12.366
"paraboloid-disk-rep1-n240-r64","geodesic-k239-classical_uniform.rds",0.99628837615914,0.0270111541140227,0.00675278852850568,0.00137756446491647,0.00914338845543194,12.282
"paraboloid-disk-rep1-n240-r64","geodesic-k239-full_classical_primary.rds",0.992210311553188,0.0267907619432835,0.00669769048582089,0.00137757172714209,0.0148325597926751,10.337
"paraboloid-disk-rep1-n240-r64","geodesic-k239-full_classical_uniform.rds",0.99628837615914,0.0270111541140227,0.00675278852850568,0.00137756446491647,0.00914338845543194,9.571
"paraboloid-disk-rep1-n240-r64","geodesic-k239-stress_primary.rds",0.99226497657928,0.026793520386289,0.00669838009657226,0.00137756674848217,0.0112849198406438,11.797
"paraboloid-disk-rep1-n240-r64","geodesic-k239-stress_uniform.rds",0.995944503952269,0.0269924559709642,0.00674811399274105,0.00137756305166012,0.00758248997880053,10.821
"paraboloid-disk-rep1-n240-r64","geodesic-k32-classical_primary.rds",0.988108723823942,0.0195412427483019,0.00488531068707548,0.0254307928868649,0.013225480924711,1.268
"paraboloid-disk-rep1-n240-r64","geodesic-k32-classical_uniform.rds",0.989472031121521,0.0195950215301027,0.00489875538252566,0.0254306753935994,0.00657490547580448,1.298
"paraboloid-disk-rep1-n240-r64","geodesic-k32-full_classical_primary.rds",0.986836045882264,0.0194810744964684,0.00487026862411711,0.0254243579158368,0.00463597842098484,1.218
"paraboloid-disk-rep1-n240-r64","geodesic-k32-full_classical_uniform.rds",0.988354797587607,0.0195424567263446,0.00488561418158614,0.0254252510243466,0.00934785605680456,1.324
"paraboloid-disk-rep1-n240-r64","geodesic-k32-stress_primary.rds",0.988038033310448,0.0195380857801716,0.00488452144504289,0.0254305579126961,0.00836219210928514,1.337
"paraboloid-disk-rep1-n240-r64","geodesic-k32-stress_uniform.rds",0.98945359950735,0.0195943216735762,0.00489858041839404,0.0254306949640898,0.00455881150074986,1.296
"paraboloid-disk-rep1-n240-r64","geodesic-k4-classical_primary.rds",1.18550206575142,2.519610599685e-05,6.29902649921249e-06,0.00643855645194646,0.000370254984388783,0.117999999999999
"paraboloid-disk-rep1-n240-r64","geodesic-k4-classical_uniform.rds",1.1699466995839,2.02685072310822e-05,5.06712680777054e-06,0.00585152298204125,0.00043528387133864,0.107000000000001
"paraboloid-disk-rep1-n240-r64","geodesic-k4-full_classical_primary.rds",1.08488999301591,5.10316015923469e-06,1.27579003980867e-06,0.00316634334074734,0.000151289347444297,0.140000000000001
"paraboloid-disk-rep1-n240-r64","geodesic-k4-full_classical_uniform.rds",1.08473557222662,4.98880141729805e-06,1.24720035432451e-06,0.00313111007496103,0.000177986680664832,0.107000000000001
"paraboloid-disk-rep1-n240-r64","geodesic-k4-stress_primary.rds",1.17778258941663,1.04401072819132e-05,2.61002682047831e-06,0.00417168454297104,0.000335925633247394,0.134
"paraboloid-disk-rep1-n240-r64","geodesic-k4-stress_uniform.rds",1.17819655407727,7.88462774827652e-06,1.97115693706913e-06,0.00362407317773884,0.000247386661770106,0.111000000000001
"paraboloid-disk-rep1-n240-r8","ambient-k239-classical_primary.rds",0.999999999999999,2.94204799056368e-27,7.3551199764092e-28,4.64704052039233e-16,9.26597370315583e-13,0.0189999999999912
"paraboloid-disk-rep1-n240-r8","ambient-k239-classical_uniform.rds",0.999999999999999,2.94204799056368e-27,7.3551199764092e-28,4.64704052039233e-16,9.26597370315583e-13,0.00300000000000011
"paraboloid-disk-rep1-n240-r8","ambient-k239-stress_primary.rds",1,8.24545812497201e-25,2.061364531243e-25,7.77963064275823e-15,1.78878577270128e-11,0.0170000000000101
"paraboloid-disk-rep1-n240-r8","ambient-k239-stress_uniform.rds",1,8.24545812497201e-25,2.061364531243e-25,7.77963064275823e-15,1.78878577270128e-11,0.00400000000000489
"paraboloid-disk-rep1-n240-r8","ambient-k32-classical_primary.rds",1.03733388271142,9.9963944095684e-10,2.4990986023921e-10,2.56140053058915e-06,4.28487724427464e-05,0.915999999999997
"paraboloid-disk-rep1-n240-r8","ambient-k32-classical_uniform.rds",1.03727802470868,5.19141398456559e-12,1.2978534961414e-12,1.84595887485716e-07,3.07085257303641e-06,0.863
"paraboloid-disk-rep1-n240-r8","ambient-k32-stress_primary.rds",1.02517016273116,7.0054706685854e-10,1.75136766714635e-10,2.16968691136623e-06,3.5565131228093e-05,0.912999999999997
"paraboloid-disk-rep1-n240-r8","ambient-k32-stress_uniform.rds",1.02515370301646,3.50905411123655e-12,8.77263527809138e-13,1.53560817383761e-07,2.63186221109067e-06,0.914999999999992
"paraboloid-disk-rep1-n240-r8","ambient-k4-classical_primary.rds",1.47334361704647,1.54133695163453e-05,3.85334237908631e-06,0.00155677257402844,0.000400697566434278,0.0990000000000038
"paraboloid-disk-rep1-n240-r8","ambient-k4-classical_uniform.rds",1.46687375303267,1.37617388617153e-05,3.44043471542882e-06,0.00147748928949597,0.000492296705787366,0.0930000000000035
"paraboloid-disk-rep1-n240-r8","ambient-k4-stress_primary.rds",1.37721978697055,1.31526129894703e-05,3.28815324736758e-06,0.0015384493042673,0.00062539370015728,0.111999999999995
"paraboloid-disk-rep1-n240-r8","ambient-k4-stress_uniform.rds",1.37917250416342,1.29644480759519e-05,3.24111201898798e-06,0.00152524232691624,0.000389536229292563,0.100999999999999
"paraboloid-disk-rep1-n240-r8","geodesic-k239-classical_primary.rds",0.192546751739603,0.34365739014439,0.0859143475360976,0.0254244795590981,0.972967601243333,12.085
"paraboloid-disk-rep1-n240-r8","geodesic-k239-classical_uniform.rds",0.21709088397964,0.436752830569005,0.109188207642251,0.025421530954933,1.07666488593464,12.26
"paraboloid-disk-rep1-n240-r8","geodesic-k239-full_classical_primary.rds",0.192546751739603,0.34365739014439,0.0859143475360976,0.0254244795590981,0.972967601243333,10.337
"paraboloid-disk-rep1-n240-r8","geodesic-k239-full_classical_uniform.rds",0.21709088397964,0.436752830569005,0.109188207642251,0.025421530954933,1.07666488593464,9.488
"paraboloid-disk-rep1-n240-r8","geodesic-k239-stress_primary.rds",0.189371988427456,0.330800966408679,0.0827002416021698,0.0253625589701045,0.457973906838992,11.773
"paraboloid-disk-rep1-n240-r8","geodesic-k239-stress_uniform.rds",0.179788129436428,0.299277687309122,0.0748194218272805,0.0254098194977961,0.821387412629489,10.96
"paraboloid-disk-rep1-n240-r8","geodesic-k32-classical_primary.rds",0.910301735315037,0.060366999420799,0.0150917498551998,0.0216181074136605,0.0488892953372351,1.196
"paraboloid-disk-rep1-n240-r8","geodesic-k32-classical_uniform.rds",0.956048716461742,0.0667181927071626,0.0166795481767906,0.0216394072433415,0.103208742716828,1.275
"paraboloid-disk-rep1-n240-r8","geodesic-k32-full_classical_primary.rds",0.907700487551886,0.0602580545543317,0.0150645136385829,0.0216604876925902,0.133345724594909,1.193
"paraboloid-disk-rep1-n240-r8","geodesic-k32-full_classical_uniform.rds",0.950437153925233,0.0658335604316493,0.0164583901079123,0.0216223808594525,0.0658154792776931,1.134
"paraboloid-disk-rep1-n240-r8","geodesic-k32-stress_primary.rds",0.900089968193048,0.0592362021705555,0.0148090505426389,0.0216576299151632,0.12832377427533,1.209
"paraboloid-disk-rep1-n240-r8","geodesic-k32-stress_uniform.rds",0.943241978171568,0.0648364080644344,0.0162091020161086,0.0216216881545138,0.0603368949318896,1.221
"paraboloid-disk-rep1-n240-r8","geodesic-k4-classical_primary.rds",1.5077585254586,5.90410024518336e-05,1.47602506129584e-05,0.00295803456457768,0.000844057969986239,0.108000000000001
"paraboloid-disk-rep1-n240-r8","geodesic-k4-classical_uniform.rds",1.50762122395613,3.95855690600541e-05,9.89639226501351e-06,0.00242233597671344,0.000824394060676969,0.125
"paraboloid-disk-rep1-n240-r8","geodesic-k4-full_classical_primary.rds",1.21493364795517,9.3141669949396e-06,2.3285417487349e-06,0.00145806748683884,0.000343369222587155,0.125
"paraboloid-disk-rep1-n240-r8","geodesic-k4-full_classical_uniform.rds",1.21476868147148,7.06540568823204e-06,1.76635142205801e-06,0.00127008603560561,0.000220377042429026,0.106
"paraboloid-disk-rep1-n240-r8","geodesic-k4-stress_primary.rds",1.40836785200642,1.67708098132882e-05,4.19270245332205e-06,0.00168779264386766,0.000752608480259286,0.117000000000001
"paraboloid-disk-rep1-n240-r8","geodesic-k4-stress_uniform.rds",1.40747822827501,1.40476163427881e-05,3.51190408569703e-06,0.00154567367036041,0.000647444288187167,0.115
"paraboloid-surface_area-rep1-n240-r1","geodesic-k239-classical_primary.rds",2.20867297100723e-05,2.83795415596131e-08,7.09488538990328e-09,0.0636937319247562,0.000434351113809564,11.971
"paraboloid-surface_area-rep1-n240-r1","geodesic-k239-classical_uniform.rds",8.41743405222059e-06,4.08241346291957e-09,1.02060336572989e-09,0.0633875834899901,0.000110955718248699,11.732
"paraboloid-surface_area-rep1-n240-r1","geodesic-k239-full_classical_primary.rds",2.20867297100723e-05,2.83795415596131e-08,7.09488538990328e-09,0.0636937319247562,0.000434351113809564,10.142
"paraboloid-surface_area-rep1-n240-r1","geodesic-k239-full_classical_uniform.rds",8.41743405222059e-06,4.08241346291957e-09,1.02060336572989e-09,0.0633875834899901,0.000110955718248699,9.267
"paraboloid-surface_area-rep1-n240-r1","geodesic-k239-stress_primary.rds",1.94013568374895e-05,2.16848471301519e-08,5.42121178253799e-09,0.0633828120606688,0.000253448342148918,11.362
"paraboloid-surface_area-rep1-n240-r1","geodesic-k239-stress_uniform.rds",1.4997809887089e-07,1.29821764206164e-12,3.2455441051541e-13,0.063441191873139,2.16766790548475e-06,10.626
"paraboloid-surface_area-rep1-n240-r1","geodesic-k32-classical_primary.rds",1.20120577437972,0.00245473590389331,0.000613683975973327,0.00286773407980663,0.00253371563173656,1.149
"paraboloid-surface_area-rep1-n240-r1","geodesic-k32-classical_uniform.rds",1.19932568695349,0.00243746820485272,0.000609367051213181,0.00286210950231131,0.00178815361657126,1.052
"paraboloid-surface_area-rep1-n240-r1","geodesic-k32-full_classical_primary.rds",1.19601905591734,0.00243238932145867,0.000608097330364668,0.00286703071829824,0.000576964223408751,1.151
"paraboloid-surface_area-rep1-n240-r1","geodesic-k32-full_classical_uniform.rds",1.19412576133198,0.00241566586361085,0.000603916465902712,0.00286168788405537,0.00308897040783679,1.222
"paraboloid-surface_area-rep1-n240-r1","geodesic-k32-stress_primary.rds",1.11934469139154,0.00216308206889958,0.000540770517224894,0.0028888604019408,0.00363393017594583,1.124
"paraboloid-surface_area-rep1-n240-r1","geodesic-k32-stress_uniform.rds",1.11773766018346,0.00213473260110361,0.000533683150275903,0.00287399334822564,0.00301235046419897,1.124
"paraboloid-surface_area-rep1-n240-r1","geodesic-k4-classical_primary.rds",1.35692912818297,2.77286620445353e-05,6.93216551113383e-06,0.00193210322154764,0.000600918099253457,0.117
"paraboloid-surface_area-rep1-n240-r1","geodesic-k4-classical_uniform.rds",1.35448839681175,2.23792432799399e-05,5.59481081998496e-06,0.00173888332273274,0.000759934209362789,0.111
"paraboloid-surface_area-rep1-n240-r1","geodesic-k4-full_classical_primary.rds",1.20307880962922,4.95033066306649e-06,1.23758266576662e-06,0.000920759184674041,0.000222850991895462,0.141
"paraboloid-surface_area-rep1-n240-r1","geodesic-k4-full_classical_uniform.rds",1.20241468163636,4.58915173110217e-06,1.14728793277554e-06,0.000887023183174484,0.000317992485009132,0.112
"paraboloid-surface_area-rep1-n240-r1","geodesic-k4-stress_primary.rds",1.26187053771072,1.11734126524424e-05,2.79335316311061e-06,0.00131886745394653,0.000424809199073654,0.127000000000001
"paraboloid-surface_area-rep1-n240-r1","geodesic-k4-stress_uniform.rds",1.26197217615421,1.0154052787689e-05,2.53851319692224e-06,0.00125716696749523,0.000283111698249638,0.117999999999999
"paraboloid-surface_area-rep1-n240-r64","ambient-k239-classical_primary.rds",0.999999999999999,6.26895564421542e-27,1.56723891105386e-27,6.61622844457689e-16,1.07895422515009e-12,0.0160000000000053
"paraboloid-surface_area-rep1-n240-r64","ambient-k239-classical_uniform.rds",0.999999999999999,6.26895564421542e-27,1.56723891105386e-27,6.61622844457689e-16,1.07895422515009e-12,0.00400000000000489
"paraboloid-surface_area-rep1-n240-r64","ambient-k239-stress_primary.rds",1,1.03305911402553e-24,2.58264778506383e-25,8.49328075389974e-15,2.17807902619128e-11,0.0159999999999911
"paraboloid-surface_area-rep1-n240-r64","ambient-k239-stress_uniform.rds",1,1.03305911402553e-24,2.58264778506383e-25,8.49328075389974e-15,2.17807902619128e-11,0.00600000000000023
"paraboloid-surface_area-rep1-n240-r64","ambient-k32-classical_primary.rds",1.00260467207892,4.671572843439e-06,1.16789321085975e-06,0.000330999377130777,0.000482089898563797,0.938000000000002
"paraboloid-surface_area-rep1-n240-r64","ambient-k32-classical_uniform.rds",1.00261839301612,4.81592076714056e-06,1.20398019178514e-06,0.000336069683619845,0.000320468441022368,0.971000000000004
"paraboloid-surface_area-rep1-n240-r64","ambient-k32-stress_primary.rds",1.00251512051189,4.56502667603391e-06,1.14125666900848e-06,0.000327232225698027,0.000333773886688001,0.942999999999998
"paraboloid-surface_area-rep1-n240-r64","ambient-k32-stress_uniform.rds",1.00252475154574,4.7219822722527e-06,1.18049556806317e-06,0.000332806967830981,0.000526230586036926,0.981999999999999
"paraboloid-surface_area-rep1-n240-r64","ambient-k4-classical_primary.rds",1.18248342041578,2.54588117045085e-05,6.36470292612713e-06,0.00609543498369807,0.000477628697827719,0.102999999999994
"paraboloid-surface_area-rep1-n240-r64","ambient-k4-classical_uniform.rds",1.18197162292908,3.17424078189382e-06,7.93560195473456e-07,0.0021532456696912,0.000204058465336605,0.0970000000000084
"paraboloid-surface_area-rep1-n240-r64","ambient-k4-stress_primary.rds",1.19232965567776,7.73257621954116e-06,1.93314405488529e-06,0.00333155093821953,0.000254946630967644,0.183999999999997
"paraboloid-surface_area-rep1-n240-r64","ambient-k4-stress_uniform.rds",1.18664699825977,2.17081265894661e-06,5.42703164736652e-07,0.00177365981590067,0.00036506675463454,0.102999999999994
"paraboloid-surface_area-rep1-n240-r64","geodesic-k239-classical_primary.rds",0.988335922584797,0.0522199678015073,0.0130549919503768,0.00193080823942617,0.0186305879369671,9.29
"paraboloid-surface_area-rep1-n240-r64","geodesic-k239-classical_uniform.rds",0.992588336464224,0.0526700805733249,0.0131675201433312,0.00193080425864008,0.015685177507595,9.333
"paraboloid-surface_area-rep1-n240-r64","geodesic-k239-full_classical_primary.rds",0.988335922584797,0.0522199678015073,0.0130549919503768,0.00193080823942617,0.0186305879369671,9.28700000000001
"paraboloid-surface_area-rep1-n240-r64","geodesic-k239-full_classical_uniform.rds",0.992588336464224,0.0526700805733249,0.0131675201433312,0.00193080425864008,0.015685177507595,9.31999999999999
"paraboloid-surface_area-rep1-n240-r64","geodesic-k239-stress_primary.rds",0.985315246344062,0.0519009642605917,0.0129752410651479,0.00193080286564748,0.0143707165156406,9.33
"paraboloid-surface_area-rep1-n240-r64","geodesic-k239-stress_uniform.rds",0.992036532239346,0.0526115113056823,0.0131528778264206,0.00193080381157524,0.0153201736079893,9.317
"paraboloid-surface_area-rep1-n240-r64","geodesic-k32-classical_primary.rds",0.967156043112107,0.0323776934233269,0.00809442335583174,0.0277292291560421,0.00821906611936559,0.946
"paraboloid-surface_area-rep1-n240-r64","geodesic-k32-classical_uniform.rds",0.97848562012033,0.0331443036940959,0.00828607592352398,0.027730735949532,0.0138653882033992,0.971
"paraboloid-surface_area-rep1-n240-r64","geodesic-k32-full_classical_primary.rds",0.965579897448044,0.03225826194448,0.00806456548611999,0.0277232192661845,0.00885038067282192,0.933
"paraboloid-surface_area-rep1-n240-r64","geodesic-k32-full_classical_uniform.rds",0.976944828073214,0.0330231034477025,0.00825577586192562,0.0277236429985882,0.0109500543339165,0.982999999999999
"paraboloid-surface_area-rep1-n240-r64","geodesic-k32-stress_primary.rds",0.967039822212051,0.0323709181144799,0.00809272952861998,0.0277296599242074,0.0113677146389613,0.945
"paraboloid-surface_area-rep1-n240-r64","geodesic-k32-stress_uniform.rds",0.978391143586578,0.0331367953902314,0.00828419884755785,0.0277302722616143,0.0106416047790659,0.996
"paraboloid-surface_area-rep1-n240-r64","geodesic-k4-classical_primary.rds",1.14129211112425,1.84375679890317e-05,4.60939199725792e-06,0.0051545842227399,0.000369665054390808,0.112
"paraboloid-surface_area-rep1-n240-r64","geodesic-k4-classical_uniform.rds",1.14430586833402,1.48916611576388e-05,3.72291528940969e-06,0.00462027776785326,0.000322584255763109,0.0970000000000004
"paraboloid-surface_area-rep1-n240-r64","geodesic-k4-full_classical_primary.rds",1.07284946986078,8.2429725895625e-06,2.06074314739063e-06,0.00366641629959964,0.000103608153564511,0.109999999999999
"paraboloid-surface_area-rep1-n240-r64","geodesic-k4-full_classical_uniform.rds",1.07230828178244,8.02649076942524e-06,2.00662269235631e-06,0.00361977714121387,0.000125909052916291,0.0979999999999999
"paraboloid-surface_area-rep1-n240-r64","geodesic-k4-stress_primary.rds",1.21807825216285,1.42419351253939e-05,3.56048378134847e-06,0.00424470927582199,0.000281818603506499,0.109
"paraboloid-surface_area-rep1-n240-r64","geodesic-k4-stress_uniform.rds",1.21238626196993,1.27243930929393e-05,3.18109827323481e-06,0.00403103129775693,0.000272182271725864,0.103
"paraboloid-surface_area-rep1-n240-r8","ambient-k239-classical_primary.rds",0.999999999999999,3.26959009273172e-27,8.1739752318293e-28,4.94802210681186e-16,9.72214543651196e-13,0.0189999999999912
"paraboloid-surface_area-rep1-n240-r8","ambient-k239-classical_uniform.rds",0.999999999999999,3.26959009273172e-27,8.1739752318293e-28,4.94802210681186e-16,9.72214543651196e-13,0.00400000000000489
"paraboloid-surface_area-rep1-n240-r8","ambient-k239-stress_primary.rds",1,7.34122098682007e-25,1.83530524670502e-25,7.41428243378569e-15,1.66756363401083e-11,0.0200000000000102
"paraboloid-surface_area-rep1-n240-r8","ambient-k239-stress_uniform.rds",1,7.34122098682007e-25,1.83530524670502e-25,7.41428243378569e-15,1.66756363401083e-11,0.00500000000000966
"paraboloid-surface_area-rep1-n240-r8","ambient-k32-classical_primary.rds",1.04952954424698,5.10922283983596e-16,1.27730570995899e-16,1.68940864837002e-09,9.1816801988817e-09,0.741
"paraboloid-surface_area-rep1-n240-r8","ambient-k32-classical_uniform.rds",1.04955027338381,6.18723779275288e-16,1.54680944818822e-16,1.85907588192027e-09,9.90515471299687e-09,0.73599999999999
"paraboloid-surface_area-rep1-n240-r8","ambient-k32-stress_primary.rds",1.03267607918261,5.73008219933918e-16,1.4325205498348e-16,1.81831142666593e-09,9.5865583688163e-09,0.695999999999998
"paraboloid-surface_area-rep1-n240-r8","ambient-k32-stress_uniform.rds",1.03268038110104,5.16170063815204e-16,1.29042515953801e-16,1.72576810938768e-09,9.0435510652962e-09,0.718000000000004
"paraboloid-surface_area-rep1-n240-r8","ambient-k4-classical_primary.rds",1.41799524941403,0.000245948575367744,6.14871438419361e-05,0.00601060804184346,0.000663354355028926,0.105999999999995
"paraboloid-surface_area-rep1-n240-r8","ambient-k4-classical_uniform.rds",1.41657833494266,0.000236305845193524,5.9076461298381e-05,0.00589749613641596,0.000446458095774984,0.0930000000000035
"paraboloid-surface_area-rep1-n240-r8","ambient-k4-stress_primary.rds",1.36492408860414,1.93910394983684e-05,4.84775987459211e-06,0.00175332762463573,0.000577987640942665,0.10799999999999
"paraboloid-surface_area-rep1-n240-r8","ambient-k4-stress_uniform.rds",1.36563829737813,1.77535781638818e-05,4.43839454097045e-06,0.00167678850915105,0.000461493660532028,0.10499999999999
"paraboloid-surface_area-rep1-n240-r8","geodesic-k239-classical_primary.rds",0.0619186427060562,0.0581920264002452,0.0145480066000613,0.0325338707456818,0.290582628859356,9.007
"paraboloid-surface_area-rep1-n240-r8","geodesic-k239-classical_uniform.rds",0.0849707986179373,0.10965987317895,0.0274149682947376,0.0325446491446405,0.437165258138833,9.098
"paraboloid-surface_area-rep1-n240-r8","geodesic-k239-full_classical_primary.rds",0.0619186427060562,0.0581920264002452,0.0145480066000613,0.0325338707456818,0.290582628859356,9.144
"paraboloid-surface_area-rep1-n240-r8","geodesic-k239-full_classical_uniform.rds",0.0849707986179373,0.10965987317895,0.0274149682947376,0.0325446491446405,0.437165258138833,9.164
"paraboloid-surface_area-rep1-n240-r8","geodesic-k239-stress_primary.rds",0.0604278805410209,0.0554877220950356,0.0138719305237589,0.0325526621235843,0.329735329899303,9.097
"paraboloid-surface_area-rep1-n240-r8","geodesic-k239-stress_uniform.rds",0.0615887486426398,0.0575738815553136,0.0143934703888284,0.0325339503181104,0.289249291957661,9.173
"paraboloid-surface_area-rep1-n240-r8","geodesic-k32-classical_primary.rds",0.858060953118102,0.0596276426809405,0.0149069106702351,0.0215178361309182,0.0135732921663259,0.853000000000001
"paraboloid-surface_area-rep1-n240-r8","geodesic-k32-classical_uniform.rds",0.822586382684646,0.0548686412392549,0.0137171603098137,0.0215314611257627,0.0668030473737665,0.844000000000001
"paraboloid-surface_area-rep1-n240-r8","geodesic-k32-full_classical_primary.rds",0.852478235722908,0.058901976579875,0.0147254941449687,0.0215265558099843,0.056393322290195,0.842
"paraboloid-surface_area-rep1-n240-r8","geodesic-k32-full_classical_uniform.rds",0.819682038877299,0.0544635325571945,0.0136158831392986,0.0215278371579457,0.0589730450268088,0.822000000000001
"paraboloid-surface_area-rep1-n240-r8","geodesic-k32-stress_primary.rds",0.843352005670845,0.0576501124793626,0.0144125281198407,0.0215270298234556,0.058436777086382,0.848000000000001
"paraboloid-surface_area-rep1-n240-r8","geodesic-k32-stress_uniform.rds",0.810393032536715,0.0531867428697448,0.0132966857174362,0.0215178519068645,0.0128406555429536,0.823
"paraboloid-surface_area-rep1-n240-r8","geodesic-k4-classical_primary.rds",1.43194839738917,3.14063979256522e-05,7.85159948141304e-06,0.00212827633725602,0.000976167790913155,0.108
"paraboloid-surface_area-rep1-n240-r8","geodesic-k4-classical_uniform.rds",1.42697645678467,2.67212131018736e-05,6.68030327546839e-06,0.00196996085810561,0.000513491892329776,0.0950000000000006
"paraboloid-surface_area-rep1-n240-r8","geodesic-k4-full_classical_primary.rds",1.23347279776972,1.42130311700551e-05,3.55325779251376e-06,0.00166211128304695,0.000407889535389891,0.101
"paraboloid-surface_area-rep1-n240-r8","geodesic-k4-full_classical_uniform.rds",1.23415695528913,1.16637172923761e-05,2.91592932309402e-06,0.00150485417292434,0.000261989373340034,0.0990000000000002
"paraboloid-surface_area-rep1-n240-r8","geodesic-k4-stress_primary.rds",1.36940696477695,2.08816217284951e-05,5.22040543212379e-06,0.00181466264559884,0.000669028298689666,0.112
"paraboloid-surface_area-rep1-n240-r8","geodesic-k4-stress_uniform.rds",1.37003880820058,1.74408161536271e-05,4.36020403840676e-06,0.00165766532294177,0.00038034850214729,0.171
"saddle-disk-rep1-n240-r1","ambient-k239-classical_primary.rds",0.999999999999998,1.93020073075195e-26,4.82550182687989e-27,1.24703777129145e-15,2.29184054749116e-12,0.0259999999999962
"saddle-disk-rep1-n240-r1","ambient-k239-classical_uniform.rds",0.999999999999998,1.93020073075195e-26,4.82550182687989e-27,1.24703777129145e-15,2.29184054749116e-12,0.0100000000000051
"saddle-disk-rep1-n240-r1","ambient-k239-stress_primary.rds",0.999999999999999,5.67095637010623e-25,1.41773909252656e-25,6.75937471956651e-15,1.38446584100285e-11,0.0249999999999915
"saddle-disk-rep1-n240-r1","ambient-k239-stress_uniform.rds",0.999999999999999,5.67095637010623e-25,1.41773909252656e-25,6.75937471956651e-15,1.38446584100285e-11,0.012999999999991
"saddle-disk-rep1-n240-r1","ambient-k32-classical_primary.rds",1.0230327631919,0.00647304595297712,0.00161826148824428,0.00487104437720667,0.022698524721237,1.26600000000001
"saddle-disk-rep1-n240-r1","ambient-k32-classical_uniform.rds",1.02284676421366,0.00584263886889425,0.00146065971722356,0.0046286168258726,0.00497949268771803,1.18300000000001
"saddle-disk-rep1-n240-r1","ambient-k32-stress_primary.rds",1.02760079575118,0.00652190554224408,0.00163047638556102,0.00486765852351421,0.027041250989428,1.277
"saddle-disk-rep1-n240-r1","ambient-k32-stress_uniform.rds",1.02471287530632,0.00528343763093542,0.00132085940773386,0.00439352784376065,0.0175044637558781,1.15600000000001
"saddle-disk-rep1-n240-r1","ambient-k4-classical_primary.rds",1.29439428592206,0.000104531072451452,2.6132768112863e-05,0.00373533231349166,0.00169989373556232,0.122
"saddle-disk-rep1-n240-r1","ambient-k4-classical_uniform.rds",1.28319833419702,0.000104737124306567,2.61842810766417e-05,0.00377163506311362,0.000952264371523328,0.109999999999999
"saddle-disk-rep1-n240-r1","ambient-k4-stress_primary.rds",1.27384575417211,6.57021710857852e-05,1.64255427714463e-05,0.00300916599451837,0.000880323615319991,0.152000000000001
"saddle-disk-rep1-n240-r1","ambient-k4-stress_uniform.rds",1.27321489739219,7.1103035000342e-05,1.77757587500855e-05,0.00313195480737429,0.000804970078448425,0.116
"saddle-disk-rep1-n240-r1","geodesic-k239-classical_primary.rds",0.189022997293502,0.32209964139034,0.080524910347585,0.0250729768446483,0.77722495570883,8.897
"saddle-disk-rep1-n240-r1","geodesic-k239-classical_uniform.rds",0.191094057048272,0.328141874928924,0.082035468732231,0.0250327793360114,0.43355653888546,8.94
"saddle-disk-rep1-n240-r1","geodesic-k239-full_classical_primary.rds",0.189022997293503,0.322099641390315,0.0805249103475787,0.0250729768446472,0.777224955700882,11.972
"saddle-disk-rep1-n240-r1","geodesic-k239-full_classical_uniform.rds",0.191094057048272,0.328141874928924,0.0820354687322311,0.0250327793360114,0.433556538886128,12.142
"saddle-disk-rep1-n240-r1","geodesic-k239-stress_primary.rds",0.188463602471252,0.319385816743751,0.0798464541859378,0.0250412352959363,0.51932687475586,8.868
"saddle-disk-rep1-n240-r1","geodesic-k239-stress_uniform.rds",0.159822237726686,0.229518484392239,0.0573796210980599,0.0250320865050765,0.355402643460042,11
"saddle-disk-rep1-n240-r1","geodesic-k32-classical_primary.rds",1.01915010567787,0.00842047574767538,0.00210511893691885,0.00556165786778486,0.0239914189124066,0.952
"saddle-disk-rep1-n240-r1","geodesic-k32-classical_uniform.rds",1.01698318387031,0.00786364237309254,0.00196591059327313,0.0053860727315559,0.0293243687214112,0.926
"saddle-disk-rep1-n240-r1","geodesic-k32-full_classical_primary.rds",1.01507128292364,0.00889056440513756,0.00222264110128439,0.00573775807865212,0.0293840296901203,0.950000000000001
"saddle-disk-rep1-n240-r1","geodesic-k32-full_classical_uniform.rds",1.01198005160179,0.00769441926813116,0.00192360481703279,0.00535414440618293,0.021678655115871,0.927000000000001
"saddle-disk-rep1-n240-r1","geodesic-k32-stress_primary.rds",1.02347235459589,0.0085705952190603,0.00214264880476507,0.00558731921542252,0.00923541517106119,1.035
"saddle-disk-rep1-n240-r1","geodesic-k32-stress_uniform.rds",1.02007725468444,0.00712726484399184,0.00178181621099796,0.00511213710664503,0.0250981300988648,0.934000000000001
"saddle-disk-rep1-n240-r1","geodesic-k4-classical_primary.rds",1.29467019990937,0.000106656443731192,2.6664110932798e-05,0.00377033525531787,0.000961126825716315,0.104
"saddle-disk-rep1-n240-r1","geodesic-k4-classical_uniform.rds",1.28340033252142,0.000106553416589186,2.66383541472965e-05,0.00380160608203538,0.000910222116952177,0.0960000000000001
"saddle-disk-rep1-n240-r1","geodesic-k4-full_classical_primary.rds",1.02569114393008,1.98457324189891e-05,4.96143310474728e-06,0.0020528751204847,0.000757259195784428,0.105
"saddle-disk-rep1-n240-r1","geodesic-k4-full_classical_uniform.rds",1.0247042630921,1.84870677038855e-05,4.62176692597137e-06,0.00198326635430154,0.000531023112541662,0.109
"saddle-disk-rep1-n240-r1","geodesic-k4-stress_primary.rds",1.27389283100044,6.75979687234889e-05,1.68994921808722e-05,0.00305055950411795,0.000783537597076653,0.109999999999999
"saddle-disk-rep1-n240-r1","geodesic-k4-stress_uniform.rds",1.27327024098702,7.26315476152216e-05,1.81578869038054e-05,0.00316364417871543,0.000958122918970109,0.101999999999999
"saddle-disk-rep1-n240-r64","geodesic-k239-classical_primary.rds",0.000103489829505415,7.02155010817696e-07,1.75538752704424e-07,0.0676151868632766,0.00289912533553397,9.107
"saddle-disk-rep1-n240-r64","geodesic-k239-classical_uniform.rds",3.12856204069171e-05,6.31356407319891e-08,1.57839101829973e-08,0.0670684004626735,0.000562339060821215,9.212
"saddle-disk-rep1-n240-r64","geodesic-k239-full_classical_primary.rds",0.000103489829508949,7.02155010703083e-07,1.75538752675771e-07,0.067615186855449,0.00289912532319379,9.035
"saddle-disk-rep1-n240-r64","geodesic-k239-full_classical_uniform.rds",3.12856204079671e-05,6.31356407355382e-08,1.57839101838845e-08,0.0670684004623074,0.000562339060566468,9.03100000000001
"saddle-disk-rep1-n240-r64","geodesic-k239-stress_primary.rds",9.5281127336248e-05,5.9201959350523e-07,1.48004898376308e-07,0.0674351887752871,0.00240929473081487,9.195
"saddle-disk-rep1-n240-r64","geodesic-k239-stress_uniform.rds",1.96415561362026e-06,2.49251630351342e-10,6.23129075878354e-11,0.0671225636888469,3.77016263558057e-05,9.106
"saddle-disk-rep1-n240-r64","geodesic-k32-classical_primary.rds",1.20715649773598,0.00635082918922291,0.00158770729730573,0.00426620037385893,0.00226502533822955,1.242
"saddle-disk-rep1-n240-r64","geodesic-k32-classical_uniform.rds",1.21055347105696,0.00642758465336409,0.00160689616334102,0.00427985972506198,0.00454979013899623,1.204
"saddle-disk-rep1-n240-r64","geodesic-k32-full_classical_primary.rds",1.20732437291657,0.00635135159539214,0.00158783789884803,0.00426578260670009,0.00225998033606918,1.225
"saddle-disk-rep1-n240-r64","geodesic-k32-full_classical_uniform.rds",1.21053116320581,0.00642524249424927,0.00160631062356232,0.00427915873665822,0.00486319672460933,1.212
"saddle-disk-rep1-n240-r64","geodesic-k32-stress_primary.rds",1.12443784656269,0.00548716537674039,0.0013717913441851,0.00425724044805792,0.00226288860188813,1.244
"saddle-disk-rep1-n240-r64","geodesic-k32-stress_uniform.rds",1.12732031800213,0.00566302979028624,0.00141575744757156,0.00431386647394185,0.00317017863001867,1.211
"saddle-disk-rep1-n240-r64","geodesic-k4-classical_primary.rds",1.2501938329773,1.94265272790806e-06,4.85663181977016e-07,0.00113114318871358,0.000434281261125825,0.111
"saddle-disk-rep1-n240-r64","geodesic-k4-classical_uniform.rds",1.24915006143564,1.71173362785721e-06,4.27933406964302e-07,0.00106267589267043,0.000217624897053971,0.105
"saddle-disk-rep1-n240-r64","geodesic-k4-full_classical_primary.rds",1.23173982712567,1.49969973973945e-06,3.74924934934861e-07,0.00100874297841411,0.000340494012029623,0.114
"saddle-disk-rep1-n240-r64","geodesic-k4-full_classical_uniform.rds",1.23051881025682,8.79628676730535e-07,2.19907169182634e-07,0.000773319183252915,0.000123697034224757,0.109
"saddle-disk-rep1-n240-r64","geodesic-k4-stress_primary.rds",1.16426618898007,1.89040520625964e-06,4.72601301564909e-07,0.00119818124602902,0.000212558882835325,0.116000000000001
"saddle-disk-rep1-n240-r64","geodesic-k4-stress_uniform.rds",1.16585107725677,1.79901299969217e-06,4.49753249923042e-07,0.00116727026720495,0.000221423688551663,0.11
"saddle-disk-rep1-n240-r8","ambient-k239-classical_primary.rds",1,2.12262907488186e-27,5.30657268720464e-28,4.41926205423321e-16,9.80114557275704e-13,0.0169999999999959
"saddle-disk-rep1-n240-r8","ambient-k239-classical_uniform.rds",1,2.12262907488186e-27,5.30657268720464e-28,4.41926205423321e-16,9.80114557275704e-13,0.00300000000000011
"saddle-disk-rep1-n240-r8","ambient-k239-stress_primary.rds",0.999999999999999,7.70352320166367e-25,1.92588080041592e-25,8.41893968788389e-15,1.84028562434816e-11,0.0170000000000101
"saddle-disk-rep1-n240-r8","ambient-k239-stress_uniform.rds",0.999999999999999,7.70352320166367e-25,1.92588080041592e-25,8.41893968788389e-15,1.84028562434816e-11,0.070999999999998
"saddle-disk-rep1-n240-r8","ambient-k32-classical_primary.rds",1.01203946959007,1.69342247576518e-05,4.23355618941296e-06,0.00036640211825057,0.00161537209603133,1.023
"saddle-disk-rep1-n240-r8","ambient-k32-classical_uniform.rds",1.01222107807229,9.33316776018506e-06,2.33329194004626e-06,0.000271964316661552,0.000977257682827754,0.929000000000002
"saddle-disk-rep1-n240-r8","ambient-k32-stress_primary.rds",1.01227229516371,2.25986296746596e-05,5.64965741866491e-06,0.000423171555806651,0.000571834508806939,1.026
"saddle-disk-rep1-n240-r8","ambient-k32-stress_uniform.rds",1.01221245032177,1.16454753952136e-05,2.9113688488034e-06,0.000303794356954895,0.0021668972175962,1.004
"saddle-disk-rep1-n240-r8","ambient-k4-classical_primary.rds",1.47084730090846,4.21007084899704e-05,1.05251771224926e-05,0.00326041239571649,0.000747586734944526,0.106000000000009
"saddle-disk-rep1-n240-r8","ambient-k4-classical_uniform.rds",1.43742321500581,3.97660651398158e-05,9.94151628495395e-06,0.00324240362634207,0.000750349045550417,0.174000000000007
"saddle-disk-rep1-n240-r8","ambient-k4-stress_primary.rds",1.31613819299115,4.24940059503068e-05,1.06235014875767e-05,0.00366064628307882,0.000894881877347983,0.108999999999995
"saddle-disk-rep1-n240-r8","ambient-k4-stress_uniform.rds",1.29993105793792,3.55781013012894e-05,8.89452532532235e-06,0.00339130214767223,0.000920247060334929,0.10799999999999
"saddle-disk-rep1-n240-r8","geodesic-k239-classical_primary.rds",0.000747336652380447,2.85779486774166e-05,7.14448716935415e-06,0.0597344223092527,0.0133559178345609,9.098
"saddle-disk-rep1-n240-r8","geodesic-k239-classical_uniform.rds",0.000268560103706234,3.66927268700432e-06,9.1731817175108e-07,0.0595626377619089,0.00368602658600571,9.209
"saddle-disk-rep1-n240-r8","geodesic-k239-full_classical_primary.rds",0.000747336652382058,2.85779486775552e-05,7.1444871693888e-06,0.0597344223092686,0.0133559178348434,9.093
"saddle-disk-rep1-n240-r8","geodesic-k239-full_classical_uniform.rds",0.00026856010370649,3.66927268700964e-06,9.1731817175241e-07,0.0595626377618949,0.00368602658590661,9.111
"saddle-disk-rep1-n240-r8","geodesic-k239-stress_primary.rds",0.000700611604019793,2.5125843862004e-05,6.281460965501e-06,0.0597459438689164,0.0126918915722937,9.085
"saddle-disk-rep1-n240-r8","geodesic-k239-stress_uniform.rds",3.87661618954251e-05,7.66801379419781e-08,1.91700344854945e-08,0.0596504963728662,0.000618491522993461,9.126
"saddle-disk-rep1-n240-r8","geodesic-k32-classical_primary.rds",1.16034684807469,0.0308013401860771,0.00770033504651928,0.00966065837128765,0.0141178300244956,1.206
"saddle-disk-rep1-n240-r8","geodesic-k32-classical_uniform.rds",1.1610832727162,0.0310862757441619,0.00777156893604048,0.00969908407155708,0.0225271106652279,1.171
"saddle-disk-rep1-n240-r8","geodesic-k32-full_classical_primary.rds",1.15990217147665,0.0307174103052966,0.00767935257632416,0.00965118593518142,0.015553844874503,1.277
"saddle-disk-rep1-n240-r8","geodesic-k32-full_classical_uniform.rds",1.16058229115738,0.0309714887004452,0.0077428721751113,0.00968533943311517,0.0198821975176872,1.163
"saddle-disk-rep1-n240-r8","geodesic-k32-stress_primary.rds",1.0919090255044,0.0274082524623895,0.00685206311559737,0.00968420472515551,0.0113478798108947,1.214
"saddle-disk-rep1-n240-r8","geodesic-k32-stress_uniform.rds",1.09237035179591,0.0277012009047221,0.00692530022618052,0.00973170955519465,0.0174559084300912,1.177
"saddle-disk-rep1-n240-r8","geodesic-k4-classical_primary.rds",1.3422838750321,3.97458077746703e-05,9.93645194366757e-06,0.00344451156653655,0.000711962644111085,0.108
"saddle-disk-rep1-n240-r8","geodesic-k4-classical_uniform.rds",1.3409388569009,3.61292472407711e-05,9.03231181019277e-06,0.00328735675238541,0.000860301398546159,0.109999999999999
"saddle-disk-rep1-n240-r8","geodesic-k4-full_classical_primary.rds",1.20017554100407,1.0671326686765e-05,2.66783167169125e-06,0.00199613905777037,0.000534261890991342,0.105
"saddle-disk-rep1-n240-r8","geodesic-k4-full_classical_uniform.rds",1.19800280118147,1.29133723342179e-05,3.22834308355448e-06,0.00219982614665128,0.000639340014422191,0.107
"saddle-disk-rep1-n240-r8","geodesic-k4-stress_primary.rds",1.2707269237525,2.79117979302304e-05,6.9779494825576e-06,0.00304907446563202,0.00049611565527472,0.112
"saddle-disk-rep1-n240-r8","geodesic-k4-stress_uniform.rds",1.27060758856435,2.97851638983801e-05,7.44629097459503e-06,0.00315003158816257,0.0009551511668039,0.114999999999999
