surface,sampling,regime,radius,method,min,median,max
paraboloid,disk,ambient,1,classical,0.999999999999998,1.17692772367406,1.28980251998147
paraboloid,disk,ambient,1,classical_fixed_primary,0.999985521123275,1.00000001338089,1.00098991347511
paraboloid,disk,ambient,1,classical_fixed_uniform,0.999983859345814,1.00000059314468,1.00112044269243
paraboloid,disk,ambient,1,classical_primary,0.999999999999998,1.19493924677724,1.51119317235026
paraboloid,disk,ambient,1,classical_uniform,0.999999999999998,1.19492371280051,1.48728392941805
paraboloid,disk,ambient,1,original,1.0,1.0,1.0
paraboloid,disk,ambient,1,stress,0.999999999999998,1.07410802915507,1.19496567158291
paraboloid,disk,ambient,1,stress_fixed_primary,0.999976304718586,1.00000001126287,1.0008178873392
paraboloid,disk,ambient,1,stress_fixed_uniform,0.999983875162,1.00000045536956,1.00103407600248
paraboloid,disk,ambient,1,stress_primary,0.999999999999998,1.1143677078746,1.33570175475848
paraboloid,disk,ambient,1,stress_uniform,0.999999999999998,1.1144881436593,1.33650953926136
paraboloid,disk,ambient,2,classical,0.999999999999998,1.20919797191059,1.30834468077137
paraboloid,disk,ambient,2,classical_fixed_primary,0.999950666439002,1.000000000001,1.00134754244227
paraboloid,disk,ambient,2,classical_fixed_uniform,0.999973827987758,1.00000053037848,1.00113925459557
paraboloid,disk,ambient,2,classical_primary,0.999999999999998,1.20494433602087,1.49433615730913
paraboloid,disk,ambient,2,classical_uniform,0.999999999999998,1.20495615334732,1.49236822835463
paraboloid,disk,ambient,2,original,1.0,1.0,1.0
paraboloid,disk,ambient,2,stress,0.999999999999999,1.12075311397029,1.2430973692832
paraboloid,disk,ambient,2,stress_fixed_primary,0.999964707049402,1.0000000899771,1.00105211589546
paraboloid,disk,ambient,2,stress_fixed_uniform,0.999978218883773,1.00000048489777,1.00082117142824
paraboloid,disk,ambient,2,stress_primary,0.999999999999999,1.12213301346991,1.37444852121083
paraboloid,disk,ambient,2,stress_uniform,0.999999999999999,1.12236862439266,1.37360959036899
paraboloid,disk,ambient,4,classical,0.999999999999999,1.21408177389103,1.33699598959052
paraboloid,disk,ambient,4,classical_fixed_primary,0.999999261425231,1.0000000000018,1.00126743249925
paraboloid,disk,ambient,4,classical_fixed_uniform,0.999007596366452,1.00000000012156,1.00127249917025
paraboloid,disk,ambient,4,classical_primary,0.999999999999999,1.1036384525075,1.54219338900991
paraboloid,disk,ambient,4,classical_uniform,0.999999999999999,1.10356590174342,1.55760236073975
paraboloid,disk,ambient,4,original,1.0,1.0,1.0
paraboloid,disk,ambient,4,stress,0.999999999999999,1.13008447538085,1.2666608612023
paraboloid,disk,ambient,4,stress_fixed_primary,0.999991640187863,1.00000000000128,1.00106011196693
paraboloid,disk,ambient,4,stress_fixed_uniform,0.999999165095923,1.00000000010929,1.00117997186113
paraboloid,disk,ambient,4,stress_primary,0.999999999999999,1.06350299309012,1.41434714192487
paraboloid,disk,ambient,4,stress_uniform,0.999999999999999,1.06348130744137,1.41565076119565
paraboloid,disk,ambient,8,classical,0.999999999999999,1.20060398498195,1.27673206506225
paraboloid,disk,ambient,8,classical_fixed_primary,0.999850364248207,1.00000000088928,1.00156413565995
paraboloid,disk,ambient,8,classical_fixed_uniform,0.999692714938786,1.00000000087436,1.00160338302365
paraboloid,disk,ambient,8,classical_primary,0.999999999999999,1.03733388271142,1.47997384350969
paraboloid,disk,ambient,8,classical_uniform,0.999999999999999,1.03727802470868,1.48199449986149
paraboloid,disk,ambient,8,original,1.0,1.0,1.0
paraboloid,disk,ambient,8,stress,0.999999999999999,1.10799756967692,1.23509278691452
paraboloid,disk,ambient,8,stress_fixed_primary,0.999993271116548,1.00000000000087,1.00164798563998
paraboloid,disk,ambient,8,stress_fixed_uniform,0.999996584461546,1.00000000303399,1.00125247685556
paraboloid,disk,ambient,8,stress_primary,0.999999999999999,1.02550617846346,1.37721978697055
paraboloid,disk,ambient,8,stress_uniform,0.999999999999999,1.02550158851414,1.37917250416342
paraboloid,disk,ambient,16,classical,0.999999999999999,1.07844941054548,1.2472029434637
paraboloid,disk,ambient,16,classical_fixed_primary,0.999997471127277,1.00000123635544,1.00355620886575
paraboloid,disk,ambient,16,classical_fixed_uniform,0.999999999999999,1.00000124035609,1.00386774281897
paraboloid,disk,ambient,16,classical_primary,0.999999999999999,1.0166754267223,1.36051848894848
paraboloid,disk,ambient,16,classical_uniform,0.999999999999999,1.01667135180897,1.36555513498156
paraboloid,disk,ambient,16,original,1.0,1.0,1.0
paraboloid,disk,ambient,16,stress,0.999999999999998,1.06714649233847,1.24498819317897
paraboloid,disk,ambient,16,stress_fixed_primary,0.999997299866463,1.00000084004289,1.00457416392631
paraboloid,disk,ambient,16,stress_fixed_uniform,0.9999965122127,1.00000087120828,1.00401479528189
paraboloid,disk,ambient,16,stress_primary,0.999999999999998,1.01461957035055,1.33550361921167
paraboloid,disk,ambient,16,stress_uniform,0.999999999999998,1.01462386662179,1.33013738104829
paraboloid,disk,ambient,32,classical,0.982894460102938,1.06952685322615,1.17594382914635
paraboloid,disk,ambient,32,classical_fixed_primary,0.999390462228734,1.00000023437201,1.00469712912712
paraboloid,disk,ambient,32,classical_fixed_uniform,0.99975743907669,1.00000045128438,1.00448012512317
paraboloid,disk,ambient,32,classical_primary,1.0,1.00636374983112,1.22808283562246
paraboloid,disk,ambient,32,classical_uniform,1.0,1.00635062181163,1.23105411498304
paraboloid,disk,ambient,32,original,1.0,1.0,1.0
paraboloid,disk,ambient,32,stress,1.0,1.01878294664342,1.2381507225959
paraboloid,disk,ambient,32,stress_fixed_primary,0.99999929486623,1.00000130571287,1.00517062727715
paraboloid,disk,ambient,32,stress_fixed_uniform,0.999999339032969,1.00000147628452,1.00488605338469
paraboloid,disk,ambient,32,stress_primary,1.0,1.00623218195352,1.24369313867337
paraboloid,disk,ambient,32,stress_uniform,1.0,1.00621631956343,1.23917257516333
paraboloid,disk,ambient,64,classical,0.984259290069851,1.00487897251664,1.25523552289244
paraboloid,disk,ambient,64,classical_fixed_primary,0.999910323218212,1.00000012767163,1.00719735379493
paraboloid,disk,ambient,64,classical_fixed_uniform,0.999885676942977,1.00000022893038,1.00673395989703
paraboloid,disk,ambient,64,classical_primary,0.999999999999999,1.00196488342579,1.19176339013666
paraboloid,disk,ambient,64,classical_uniform,0.999999999999999,1.00196493490545,1.2457727147122
paraboloid,disk,ambient,64,original,1.0,1.0,1.0
paraboloid,disk,ambient,64,stress,1.0,1.00480997385353,1.22372408511504
paraboloid,disk,ambient,64,stress_fixed_primary,0.999941465189137,1.0000000069812,1.00793382452854
paraboloid,disk,ambient,64,stress_fixed_uniform,0.999904838678372,1.0000001169109,1.00714947594062
paraboloid,disk,ambient,64,stress_primary,1.0,1.00196922730178,1.19362483740548
paraboloid,disk,ambient,64,stress_uniform,1.0,1.00196696069069,1.18385969737141
paraboloid,disk,geodesic,1,classical,1.06472569223992,1.16954027309204,1.29001401227034
paraboloid,disk,geodesic,1,classical_fixed_primary,0.996372825688743,0.999981685492524,1.00098805744622
paraboloid,disk,geodesic,1,classical_fixed_uniform,0.996372823481597,0.999991761864452,1.00112415866813
paraboloid,disk,geodesic,1,classical_primary,8.88374530257216e-05,1.18857466248106,1.51140119839704
paraboloid,disk,geodesic,1,classical_uniform,2.39288245107066e-05,1.18624317627676,1.48726612765891
paraboloid,disk,geodesic,1,full_classical,1.06472569223992,1.17067202991654,1.18331972930569
paraboloid,disk,geodesic,1,full_classical_fixed_primary,0.996372825688743,0.999991541342483,1.00026770062011
paraboloid,disk,geodesic,1,full_classical_fixed_uniform,0.996372823481597,0.999993529994547,1.00029164385028
paraboloid,disk,geodesic,1,full_classical_primary,8.88374530257216e-05,1.18263043617995,1.22513497573937
paraboloid,disk,geodesic,1,full_classical_uniform,2.39288245107066e-05,1.1802483363404,1.22776060347722
paraboloid,disk,geodesic,1,original,0.8772418539809,0.993119893290937,0.998950478877476
paraboloid,disk,geodesic,1,stress,0.996372754935785,1.07234255105739,1.19495922941293
paraboloid,disk,geodesic,1,stress_fixed_primary,0.996372826881688,0.999990879526498,1.00082260238761
paraboloid,disk,geodesic,1,stress_fixed_uniform,0.996372823437316,0.999993060310475,1.00104042339527
paraboloid,disk,geodesic,1,stress_primary,7.80367834879501e-05,1.10879854630162,1.33606671148841
paraboloid,disk,geodesic,1,stress_uniform,2.95491812104464e-06,1.10678963708253,1.33685266153219
paraboloid,disk,geodesic,2,classical,1.07100569395604,1.20607892109361,1.30658087112834
paraboloid,disk,geodesic,2,classical_fixed_primary,0.994426383167256,0.999959827875139,1.00128412290977
paraboloid,disk,geodesic,2,classical_fixed_uniform,0.994426382019109,0.99997349220915,1.00110132102374
paraboloid,disk,geodesic,2,classical_primary,5.1884895589792e-08,1.18207271690961,1.50126038670268
paraboloid,disk,geodesic,2,classical_uniform,1.73934933265289e-08,1.19264525989498,1.49975385478278
paraboloid,disk,geodesic,2,full_classical,1.07100569395604,1.21043344064718,1.23382532346132
paraboloid,disk,geodesic,2,full_classical_fixed_primary,0.994426383167256,0.999961994499662,1.00013880770007
paraboloid,disk,geodesic,2,full_classical_fixed_uniform,0.994426382019109,0.999972903699658,1.00012641378955
paraboloid,disk,geodesic,2,full_classical_primary,5.1884895589792e-08,1.17582194862654,1.28502747241799
paraboloid,disk,geodesic,2,full_classical_uniform,1.73934933265289e-08,1.18607724569721,1.28606742214123
paraboloid,disk,geodesic,2,original,0.865387118475932,0.987793644483408,0.997878138522834
paraboloid,disk,geodesic,2,stress,0.994426354179229,1.11789701021497,1.2423946341865
paraboloid,disk,geodesic,2,stress_fixed_primary,0.994426381924008,0.99996925386647,1.00107690575457
paraboloid,disk,geodesic,2,stress_fixed_uniform,0.994426380981573,0.999967390325486,1.0008843014075
paraboloid,disk,geodesic,2,stress_primary,4.70371148855297e-08,1.09903032866944,1.37779391885482
paraboloid,disk,geodesic,2,stress_uniform,4.8299653188462305e-09,1.10902953397383,1.37737920919919
paraboloid,disk,geodesic,4,classical,1.04113147048323,1.20707272046809,1.34154818140167
paraboloid,disk,geodesic,4,classical_fixed_primary,0.997251356210725,0.999855635879087,1.00123464890529
paraboloid,disk,geodesic,4,classical_fixed_uniform,0.997251356363419,0.999855681746034,1.00132827578514
paraboloid,disk,geodesic,4,classical_primary,0.0003942116866113,1.03022691477878,1.54416985626844
paraboloid,disk,geodesic,4,classical_uniform,0.0002969900354595,1.02213288067449,1.55807099316099
paraboloid,disk,geodesic,4,full_classical,1.04113147048323,1.20128199799092,1.244783855453
paraboloid,disk,geodesic,4,full_classical_fixed_primary,0.997251356210725,0.999812926429475,1.00011006184434
paraboloid,disk,geodesic,4,full_classical_fixed_uniform,0.997251356363419,0.999812930641397,1.00008003655468
paraboloid,disk,geodesic,4,full_classical_primary,0.0003942116866113,1.02604907295725,1.29157208948233
paraboloid,disk,geodesic,4,full_classical_uniform,0.0002969900354595,1.01670244050489,1.29234205834837
paraboloid,disk,geodesic,4,original,0.922276759491913,0.977153628372667,0.996153099272501
paraboloid,disk,geodesic,4,stress,0.997251333285476,1.1275747891806,1.27016032391398
paraboloid,disk,geodesic,4,stress_fixed_primary,0.997251356943706,0.999855636050192,1.00105085172736
paraboloid,disk,geodesic,4,stress_fixed_uniform,0.997251358886201,0.999855667653149,1.00123587544114
paraboloid,disk,geodesic,4,stress_primary,0.0003777035105899,0.992449351633451,1.41779808086157
paraboloid,disk,geodesic,4,stress_uniform,9.83702519870857e-05,0.983608949037119,1.41878672949015
paraboloid,disk,geodesic,8,classical,1.01488279332524,1.17046117606461,1.27669295012593
paraboloid,disk,geodesic,8,classical_fixed_primary,0.997636037053897,0.999520260504224,1.00150992175341
paraboloid,disk,geodesic,8,classical_fixed_uniform,0.997636037363194,0.999520239384775,1.00157650451793
paraboloid,disk,geodesic,8,classical_primary,0.059391515461292,0.910301735315037,1.5077585254586
paraboloid,disk,geodesic,8,classical_uniform,0.0944922901431214,0.847325612961506,1.50762122395613
paraboloid,disk,geodesic,8,full_classical,1.01488279332524,1.17265453183383,1.23274364439834
paraboloid,disk,geodesic,8,full_classical_fixed_primary,0.997636037117759,0.999520249571672,1.00007511129873
paraboloid,disk,geodesic,8,full_classical_fixed_uniform,0.997636037318993,0.999520239011199,1.000055270527
paraboloid,disk,geodesic,8,full_classical_primary,0.0593780446232026,0.907700487551886,1.24961080361986
paraboloid,disk,geodesic,8,full_classical_uniform,0.0981727691944407,0.842509945041439,1.24857487453161
paraboloid,disk,geodesic,8,original,0.930484003142185,0.97341974657434,0.993615340727651
paraboloid,disk,geodesic,8,stress,0.999327628173877,1.10327291475656,1.23232037850996
paraboloid,disk,geodesic,8,stress_fixed_primary,0.997636037094311,0.999520309528174,1.00148905558184
paraboloid,disk,geodesic,8,stress_fixed_uniform,0.997636037409275,0.999520240037852,1.00126767489797
paraboloid,disk,geodesic,8,stress_primary,0.0580379433430469,0.900089968193048,1.40836785200642
paraboloid,disk,geodesic,8,stress_uniform,0.0921072119888129,0.836023352390854,1.40747822827501
paraboloid,disk,geodesic,16,classical,1.00421480846447,1.0778763131617,1.31887828944871
paraboloid,disk,geodesic,16,classical_fixed_primary,0.99714850782026,0.999630621169778,1.00371129622174
paraboloid,disk,geodesic,16,classical_fixed_uniform,0.997151339834621,0.999629894341044,1.00391328487024
paraboloid,disk,geodesic,16,classical_primary,0.390015434613326,0.837722718615465,1.39048424769893
paraboloid,disk,geodesic,16,classical_uniform,0.354615089320796,0.79528649621297,1.403927650094
paraboloid,disk,geodesic,16,full_classical,1.00421480846447,1.11781556975059,1.21949395927668
paraboloid,disk,geodesic,16,full_classical_fixed_primary,0.997150091486674,0.999628426326713,1.00008721360477
paraboloid,disk,geodesic,16,full_classical_fixed_uniform,0.997154479057792,0.999626197789243,1.00007393497401
paraboloid,disk,geodesic,16,full_classical_primary,0.39042002966597,0.833537170777126,1.16743778917852
paraboloid,disk,geodesic,16,full_classical_uniform,0.355800873329827,0.79528649621297,1.16740468787876
paraboloid,disk,geodesic,16,original,0.926510832130676,0.976553161142785,0.992932200223445
paraboloid,disk,geodesic,16,stress,0.99988565555094,1.06119566540456,1.26045730464275
paraboloid,disk,geodesic,16,stress_fixed_primary,0.997150093163364,0.999631225178772,1.00403411028097
paraboloid,disk,geodesic,16,stress_fixed_uniform,0.99715323532734,0.999628714585518,1.0039389654178
paraboloid,disk,geodesic,16,stress_primary,0.392743414216913,0.83301979138875,1.33333832404907
paraboloid,disk,geodesic,16,stress_uniform,0.358988098780391,0.785813216390518,1.33381865823868
paraboloid,disk,geodesic,32,classical,1.00109609608128,1.03481089673348,1.12936714754296
paraboloid,disk,geodesic,32,classical_fixed_primary,0.997180930882215,0.99991858904345,1.00604556442214
paraboloid,disk,geodesic,32,classical_fixed_uniform,0.997189326545458,0.999918565350201,1.00544040779562
paraboloid,disk,geodesic,32,classical_primary,0.88471106872452,0.957913787827167,1.21412710283702
paraboloid,disk,geodesic,32,classical_uniform,0.887258764296784,0.968989052869841,1.21955291515527
paraboloid,disk,geodesic,32,full_classical,1.00109609608128,1.05434199366959,1.19730496297712
paraboloid,disk,geodesic,32,full_classical_fixed_primary,0.997177827048126,0.999918588965461,1.00041317735794
paraboloid,disk,geodesic,32,full_classical_fixed_uniform,0.99718660324068,0.999918565364387,1.00039011882132
paraboloid,disk,geodesic,32,full_classical_primary,0.884133138954048,0.957807581230328,1.14012663591475
paraboloid,disk,geodesic,32,full_classical_uniform,0.883007136487497,0.968964982840779,1.13955597547595
paraboloid,disk,geodesic,32,original,0.921669338172747,0.971152352964421,0.998210679616684
paraboloid,disk,geodesic,32,stress,0.999983378714754,1.01691675682602,1.20349924833784
paraboloid,disk,geodesic,32,stress_fixed_primary,0.997174969303392,0.999918589141589,1.00690239189807
paraboloid,disk,geodesic,32,stress_fixed_uniform,0.997191150940566,0.999918571465657,1.00618910516682
paraboloid,disk,geodesic,32,stress_primary,0.884212932613265,0.956759000490922,1.26723994098289
paraboloid,disk,geodesic,32,stress_uniform,0.88733666299458,0.967905308412024,1.26187228744322
paraboloid,disk,geodesic,64,classical,0.954133622824138,1.00476132119813,1.19161963422656
paraboloid,disk,geodesic,64,classical_fixed_primary,0.998912814356196,0.999988956870404,1.00641100570365
paraboloid,disk,geodesic,64,classical_fixed_uniform,0.998895750475444,0.999988935576897,1.00609575730447
paraboloid,disk,geodesic,64,classical_primary,0.982941037221258,0.99457585730494,1.18720123216747
paraboloid,disk,geodesic,64,classical_uniform,0.983813793833237,0.995987669635625,1.19705729149628
paraboloid,disk,geodesic,64,full_classical,1.00027773490771,1.0192779252391,1.15428323660024
paraboloid,disk,geodesic,64,full_classical_fixed_primary,0.998754019527032,0.999988956883179,1.00076436820494
paraboloid,disk,geodesic,64,full_classical_fixed_uniform,0.99881730960383,0.999988935596747,1.00064530416619
paraboloid,disk,geodesic,64,full_classical_primary,0.981126389637058,0.994330698093339,1.09167908910955
paraboloid,disk,geodesic,64,full_classical_uniform,0.982032406969529,0.995959552381589,1.09174049104064
paraboloid,disk,geodesic,64,original,0.919187492173487,0.967344002616937,0.99955387043008
paraboloid,disk,geodesic,64,stress,0.999997712403073,1.00375196340274,1.21123875135094
paraboloid,disk,geodesic,64,stress_fixed_primary,0.998688418289436,0.999988957036186,1.00694572671137
paraboloid,disk,geodesic,64,stress_fixed_uniform,0.998688565667461,0.999988926517946,1.00654769919603
paraboloid,disk,geodesic,64,stress_primary,0.982929879812853,0.99431217854956,1.19824736122638
paraboloid,disk,geodesic,64,stress_uniform,0.983757805498809,0.995944503952269,1.19616341798252
paraboloid,surface_area,ambient,1,classical,1.0,1.18401057460337,1.28644701182249
paraboloid,surface_area,ambient,1,classical_fixed_primary,0.999992898924145,1.00000037765687,1.00113792276959
paraboloid,surface_area,ambient,1,classical_fixed_uniform,0.999992450647416,1.00000083265979,1.00110608610097
paraboloid,surface_area,ambient,1,classical_primary,1.0,1.20976433041006,1.43917258027619
paraboloid,surface_area,ambient,1,classical_uniform,1.0,1.20964132053715,1.43982033993058
paraboloid,surface_area,ambient,1,original,1.0,1.0,1.0
paraboloid,surface_area,ambient,1,stress,1.0,1.07673426201458,1.19180436107817
paraboloid,surface_area,ambient,1,stress_fixed_primary,0.999989364466848,1.00000027670791,1.00097170654529
paraboloid,surface_area,ambient,1,stress_fixed_uniform,0.999994062446108,1.00000043218199,1.00100079574593
paraboloid,surface_area,ambient,1,stress_primary,1.0,1.12593016027915,1.31121660185148
paraboloid,surface_area,ambient,1,stress_uniform,1.0,1.12589222219846,1.31049303452069
paraboloid,surface_area,ambient,2,classical,0.999999999999999,1.2242444843308,1.31359508543467
paraboloid,surface_area,ambient,2,classical_fixed_primary,0.999981915724385,1.00000000000059,1.00082259201774
paraboloid,surface_area,ambient,2,classical_fixed_uniform,0.999973680794586,1.0000011124008,1.00060540025285
paraboloid,surface_area,ambient,2,classical_primary,0.999999999999999,1.23166641360915,1.49480656191101
paraboloid,surface_area,ambient,2,classical_uniform,0.999999999999999,1.23189071845911,1.4930476886912
paraboloid,surface_area,ambient,2,original,1.0,1.0,1.0
paraboloid,surface_area,ambient,2,stress,0.999999999999999,1.1223795682334,1.24011642447275
paraboloid,surface_area,ambient,2,stress_fixed_primary,0.999990339429051,1.00000008274725,1.00077451611111
paraboloid,surface_area,ambient,2,stress_fixed_uniform,0.999980476020423,1.00000089240382,1.00053883203082
paraboloid,surface_area,ambient,2,stress_primary,0.999999999999999,1.14083585083944,1.37086524770772
paraboloid,surface_area,ambient,2,stress_uniform,0.999999999999999,1.14105627002154,1.3699181167213
paraboloid,surface_area,ambient,4,classical,0.999999999999999,1.21814087905651,1.31294795885169
paraboloid,surface_area,ambient,4,classical_fixed_primary,0.999981906853174,1.0,1.00141606572324
paraboloid,surface_area,ambient,4,classical_fixed_uniform,0.999977244241418,1.00000000000005,1.00128304320249
paraboloid,surface_area,ambient,4,classical_primary,0.999999999999999,1.13195635433007,1.50416120490921
paraboloid,surface_area,ambient,4,classical_uniform,0.999999999999999,1.13193933109757,1.50423550701121
paraboloid,surface_area,ambient,4,original,1.0,1.0,1.0
paraboloid,surface_area,ambient,4,stress,0.999999999999999,1.13245484437784,1.2490151743267
paraboloid,surface_area,ambient,4,stress_fixed_primary,0.999985953487795,1.00000000000042,1.00142465885002
paraboloid,surface_area,ambient,4,stress_fixed_uniform,0.999981983619916,1.00000000000814,1.0013105335567
paraboloid,surface_area,ambient,4,stress_primary,0.999999999999999,1.08185825473939,1.39768769512246
paraboloid,surface_area,ambient,4,stress_uniform,0.999999999999999,1.08189728613798,1.39768535672398
paraboloid,surface_area,ambient,8,classical,0.999999999999999,1.19935201275541,1.28946159950551
paraboloid,surface_area,ambient,8,classical_fixed_primary,0.999999386275329,1.0000000000004,1.0019353595391
paraboloid,surface_area,ambient,8,classical_fixed_uniform,0.999071260992781,1.00000000000034,1.00163816774202
paraboloid,surface_area,ambient,8,classical_primary,0.999999999999999,1.04952954424698,1.47960677322349
paraboloid,surface_area,ambient,8,classical_uniform,0.999999999999999,1.04955027338381,1.4798055416612
paraboloid,surface_area,ambient,8,original,1.0,1.0,1.0
paraboloid,surface_area,ambient,8,stress,1.0,1.11091830947254,1.25040965531207
paraboloid,surface_area,ambient,8,stress_fixed_primary,0.999999999901492,1.0000000016894,1.00168845441533
paraboloid,surface_area,ambient,8,stress_fixed_uniform,0.999999999801813,1.00000000000404,1.0015043162406
paraboloid,surface_area,ambient,8,stress_primary,1.0,1.03267607918261,1.39247652737314
paraboloid,surface_area,ambient,8,stress_uniform,1.0,1.03268038110104,1.39089827079651
paraboloid,surface_area,ambient,16,classical,1.0,1.14557125645011,1.33343659923282
paraboloid,surface_area,ambient,16,classical_fixed_primary,0.999996339358252,1.00000014220691,1.00300551071522
paraboloid,surface_area,ambient,16,classical_fixed_uniform,0.997779598072842,1.00000031099641,1.00266662172913
paraboloid,surface_area,ambient,16,classical_primary,1.0,1.0192816487894,1.41684639396192
paraboloid,surface_area,ambient,16,classical_uniform,1.0,1.01927946991737,1.39669647449689
paraboloid,surface_area,ambient,16,original,1.0,1.0,1.0
paraboloid,surface_area,ambient,16,stress,1.0,1.07190935019367,1.26749384307275
paraboloid,surface_area,ambient,16,stress_fixed_primary,0.999999093535638,1.00000009539396,1.00329158895546
paraboloid,surface_area,ambient,16,stress_fixed_uniform,0.999999032229441,1.0,1.00292197576097
paraboloid,surface_area,ambient,16,stress_primary,1.0,1.01588670346508,1.33759424412501
paraboloid,surface_area,ambient,16,stress_uniform,1.0,1.01587717434296,1.33757986553569
paraboloid,surface_area,ambient,32,classical,0.999999999999998,1.04369369717762,1.16717490324562
paraboloid,surface_area,ambient,32,classical_fixed_primary,0.999995837166366,1.00000056335874,1.00549744603853
paraboloid,surface_area,ambient,32,classical_fixed_uniform,0.999230456976502,1.00000004830995,1.00519347120192
paraboloid,surface_area,ambient,32,classical_primary,0.999999999999998,1.0082486911535,1.22295869346626
paraboloid,surface_area,ambient,32,classical_uniform,0.999999999999998,1.00832247122537,1.23749129095814
paraboloid,surface_area,ambient,32,original,1.0,1.0,1.0
paraboloid,surface_area,ambient,32,stress,0.999999999999998,1.02443808422462,1.21685982333559
paraboloid,surface_area,ambient,32,stress_fixed_primary,0.999996332295158,1.00000158578943,1.0057556149505
paraboloid,surface_area,ambient,32,stress_fixed_uniform,0.999994368872685,1.0,1.00586994089143
paraboloid,surface_area,ambient,32,stress_primary,0.999999999999998,1.00784490215513,1.25764960171361
paraboloid,surface_area,ambient,32,stress_uniform,0.999999999999998,1.0078456621147,1.24806662323065
paraboloid,surface_area,ambient,64,classical,0.990580040363984,1.01201727901223,1.17876878826795
paraboloid,surface_area,ambient,64,classical_fixed_primary,0.999998005543665,1.00000012500312,1.00592796833106
paraboloid,surface_area,ambient,64,classical_fixed_uniform,0.999995575884333,1.00000070896606,1.00577549049816
paraboloid,surface_area,ambient,64,classical_primary,0.999999999999999,1.00276304089952,1.18248342041578
paraboloid,surface_area,ambient,64,classical_uniform,0.999999999999999,1.00276006264896,1.18197162292908
paraboloid,surface_area,ambient,64,original,1.0,1.0,1.0
paraboloid,surface_area,ambient,64,stress,1.0,1.00505982526441,1.1811960823389
paraboloid,surface_area,ambient,64,stress_fixed_primary,0.9999983794802,1.0000004614245,1.0066256736357
paraboloid,surface_area,ambient,64,stress_fixed_uniform,0.999997007527962,1.00000024312769,1.00591972907256
paraboloid,surface_area,ambient,64,stress_primary,1.0,1.00278175594341,1.19232965567776
paraboloid,surface_area,ambient,64,stress_uniform,1.0,1.0027739949851,1.18664699825977
paraboloid,surface_area,geodesic,1,classical,1.06636840682295,1.18236992274405,1.28659334320666
paraboloid,surface_area,geodesic,1,classical_fixed_primary,0.995828714084997,0.999992966510092,1.00115228781562
paraboloid,surface_area,geodesic,1,classical_fixed_uniform,0.99582871010867,0.999992402196936,1.00111210115486
paraboloid,surface_area,geodesic,1,classical_primary,9.99459637172765e-06,1.20438369625054,1.43951275979604
paraboloid,surface_area,geodesic,1,classical_uniform,1.52422354379957e-06,1.20249595407466,1.44055540785119
paraboloid,surface_area,geodesic,1,full_classical,1.06636840682295,1.1754605051974,1.18125068505434
paraboloid,surface_area,geodesic,1,full_classical_fixed_primary,0.995828714084997,0.999992364905954,1.00030770085
paraboloid,surface_area,geodesic,1,full_classical_fixed_uniform,0.99582871010867,0.999993343258083,1.00030473519463
paraboloid,surface_area,geodesic,1,full_classical_primary,9.99459637172765e-06,1.19601905591734,1.23458606875785
paraboloid,surface_area,geodesic,1,full_classical_uniform,1.52422354379957e-06,1.19412576133198,1.23558792827935
paraboloid,surface_area,geodesic,1,original,0.868828182234652,0.993029897452126,0.99885133850001
paraboloid,surface_area,geodesic,1,stress,0.99582864466604,1.0758241513857,1.19199162721622
paraboloid,surface_area,geodesic,1,stress_fixed_primary,0.995828713747839,0.999993283268275,1.0009899292991
paraboloid,surface_area,geodesic,1,stress_fixed_uniform,0.995828714901966,0.999991762396464,1.00100653248346
paraboloid,surface_area,geodesic,1,stress_primary,9.40937231959464e-06,1.12114549955043,1.31094095528462
paraboloid,surface_area,geodesic,1,stress_uniform,7.58301669691708e-09,1.11993642255066,1.31063662910259
paraboloid,surface_area,geodesic,2,classical,1.07420032940402,1.22044680150294,1.31119400045691
paraboloid,surface_area,geodesic,2,classical_fixed_primary,0.99339473977624,0.999942675675329,1.00073248036023
paraboloid,surface_area,geodesic,2,classical_fixed_uniform,0.993394740046482,0.99994535974805,1.00067927281366
paraboloid,surface_area,geodesic,2,classical_primary,4.1448140881828903e-10,1.19611031863982,1.4954877149837
paraboloid,surface_area,geodesic,2,classical_uniform,4.35502359716073e-10,1.18393029781012,1.49738873354974
paraboloid,surface_area,geodesic,2,full_classical,1.07420032940402,1.21508804841658,1.23984518237168
paraboloid,surface_area,geodesic,2,full_classical_fixed_primary,0.99339473977624,0.999942727665791,1.00023264202316
paraboloid,surface_area,geodesic,2,full_classical_fixed_uniform,0.993394740046482,0.999945180479802,1.0002169052232
paraboloid,surface_area,geodesic,2,full_classical_primary,4.1448140881828903e-10,1.18905828975284,1.29664111094031
paraboloid,surface_area,geodesic,2,full_classical_uniform,4.35502359716073e-10,1.17750972800799,1.29693256093091
paraboloid,surface_area,geodesic,2,original,0.85020810396394,0.987067316024513,0.997845723329638
paraboloid,surface_area,geodesic,2,stress,0.993394713621811,1.12101041592851,1.23792038883966
paraboloid,surface_area,geodesic,2,stress_fixed_primary,0.99339473977626,0.999942598810397,1.00068794565575
paraboloid,surface_area,geodesic,2,stress_fixed_uniform,0.993394735579928,0.999945148313834,1.00060585703407
paraboloid,surface_area,geodesic,2,stress_primary,4.07187674940384e-10,1.10688407430218,1.37165433614085
paraboloid,surface_area,geodesic,2,stress_uniform,4.41961418184576e-10,1.09462999576351,1.37047234808016
paraboloid,surface_area,geodesic,4,classical,1.04772466615572,1.20661051147799,1.3107431841561
paraboloid,surface_area,geodesic,4,classical_fixed_primary,0.996219646713136,0.999793342074485,1.00131830263435
paraboloid,surface_area,geodesic,4,classical_fixed_uniform,0.996219649216666,0.999793892036699,1.00099506152849
paraboloid,surface_area,geodesic,4,classical_primary,7.84894265180715e-06,0.983778265534803,1.49759369038803
paraboloid,surface_area,geodesic,4,classical_uniform,1.74133817333768e-05,0.96161411872345,1.50081006401249
paraboloid,surface_area,geodesic,4,full_classical,1.04772466615572,1.2005467058503,1.24085315995112
paraboloid,surface_area,geodesic,4,full_classical_fixed_primary,0.996219646713136,0.999793337171016,1.00008456945452
paraboloid,surface_area,geodesic,4,full_classical_fixed_uniform,0.996219649216666,0.999793870686231,1.00006793370486
paraboloid,surface_area,geodesic,4,full_classical_primary,7.84894265180715e-06,0.980464299912128,1.27684770617637
paraboloid,surface_area,geodesic,4,full_classical_uniform,1.74133817333768e-05,0.956460173370081,1.27804956746454
paraboloid,surface_area,geodesic,4,original,0.903801458459206,0.9772317650096,0.996057398778319
paraboloid,surface_area,geodesic,4,stress,0.996219632372706,1.12821756332245,1.24630153222862
paraboloid,surface_area,geodesic,4,stress_fixed_primary,0.996219651106838,0.999793340862717,1.00130998224174
paraboloid,surface_area,geodesic,4,stress_fixed_uniform,0.996219650406857,0.999793739388211,1.00106204866595
paraboloid,surface_area,geodesic,4,stress_primary,7.20705916303735e-06,0.942171315537175,1.39587816003913
paraboloid,surface_area,geodesic,4,stress_uniform,1.63365986261283e-06,0.919078549413447,1.39462512954445
paraboloid,surface_area,geodesic,8,classical,1.01894150809508,1.17439399055143,1.27502894821596
paraboloid,surface_area,geodesic,8,classical_fixed_primary,0.997318943700484,0.999537728955058,1.00182220749954
paraboloid,surface_area,geodesic,8,classical_fixed_uniform,0.997318943972604,0.999537734245373,1.00153557123213
paraboloid,surface_area,geodesic,8,classical_primary,0.0062990212096734,0.858060953118102,1.47348640704619
paraboloid,surface_area,geodesic,8,classical_uniform,0.0121838321436256,0.822586382684646,1.48485485366377
paraboloid,surface_area,geodesic,8,full_classical,1.01894150809508,1.16959847127755,1.23138510272731
paraboloid,surface_area,geodesic,8,full_classical_fixed_primary,0.997318943624939,0.999537728954682,1.00006369593883
paraboloid,surface_area,geodesic,8,full_classical_fixed_uniform,0.997318944241128,0.999537734216962,1.00005221183367
paraboloid,surface_area,geodesic,8,full_classical_primary,0.0061055924374589,0.852478235722908,1.23910317119398
paraboloid,surface_area,geodesic,8,full_classical_uniform,0.0121805518948433,0.819682038877299,1.24490784933878
paraboloid,surface_area,geodesic,8,original,0.926791734675516,0.964722377022409,0.992612068969583
paraboloid,surface_area,geodesic,8,stress,0.99892472867116,1.1070350355931,1.25828166559829
paraboloid,surface_area,geodesic,8,stress_fixed_primary,0.997318943401253,0.999537728954947,1.00192240910822
paraboloid,surface_area,geodesic,8,stress_fixed_uniform,0.997318943808014,0.999537734194219,1.00144114469784
paraboloid,surface_area,geodesic,8,stress_primary,0.0060931647751659,0.843352005670845,1.38826450261032
paraboloid,surface_area,geodesic,8,stress_uniform,0.0119139717808548,0.810393032536715,1.38952911855457
paraboloid,surface_area,geodesic,16,classical,1.00559169423561,1.11704345881226,1.31278153721989
paraboloid,surface_area,geodesic,16,classical_fixed_primary,0.997705582683076,0.99958476932979,1.00247806641891
paraboloid,surface_area,geodesic,16,classical_fixed_uniform,0.99770581829349,0.999610906153213,1.00236861827051
paraboloid,surface_area,geodesic,16,classical_primary,0.193495785380125,0.799333132062344,1.36821912844115
paraboloid,surface_area,geodesic,16,classical_uniform,0.233300048757969,0.768562321260108,1.3656999849163
paraboloid,surface_area,geodesic,16,full_classical,1.00559169423561,1.11608009337911,1.21744426516415
paraboloid,surface_area,geodesic,16,full_classical_fixed_primary,0.99770558254533,0.999588587808589,1.0000332323772
paraboloid,surface_area,geodesic,16,full_classical_fixed_uniform,0.997705682457935,0.999591991532929,1.00002366012494
paraboloid,surface_area,geodesic,16,full_classical_primary,0.192340051102406,0.79147498555,1.2010962668345
paraboloid,surface_area,geodesic,16,full_classical_uniform,0.233157439230135,0.765338933356118,1.19771724022732
paraboloid,surface_area,geodesic,16,original,0.931535382419106,0.971265950548333,0.990025096781631
paraboloid,surface_area,geodesic,16,stress,0.999802874919621,1.0682228560233,1.25055257210869
paraboloid,surface_area,geodesic,16,stress_fixed_primary,0.9977055826786,0.999581815078559,1.00269361555219
paraboloid,surface_area,geodesic,16,stress_fixed_uniform,0.997705690761506,0.999593365687304,1.00252456578946
paraboloid,surface_area,geodesic,16,stress_primary,0.1946283920306,0.790750730809807,1.33336647485769
paraboloid,surface_area,geodesic,16,stress_uniform,0.231740485746578,0.763956017373296,1.33312068103274
paraboloid,surface_area,geodesic,32,classical,1.00147450291612,1.02628989189494,1.18619713241093
paraboloid,surface_area,geodesic,32,classical_fixed_primary,0.998131183149483,0.999861640451118,1.00566161640127
paraboloid,surface_area,geodesic,32,classical_fixed_uniform,0.998148874140789,0.999861576273,1.00524745371603
paraboloid,surface_area,geodesic,32,classical_primary,0.777297828391606,0.933634130010828,1.21768318123025
paraboloid,surface_area,geodesic,32,classical_uniform,0.834794529803048,0.942050431473499,1.21691724954281
paraboloid,surface_area,geodesic,32,full_classical,1.00147450291612,1.05418990088525,1.19429773308385
paraboloid,surface_area,geodesic,32,full_classical_fixed_primary,0.998133161139722,0.999861640175451,1.00034727697599
paraboloid,surface_area,geodesic,32,full_classical_fixed_uniform,0.998149363737128,0.999861575953909,1.00033762842574
paraboloid,surface_area,geodesic,32,full_classical_primary,0.776459698991817,0.933634130010828,1.14406127181545
paraboloid,surface_area,geodesic,32,full_classical_uniform,0.83430743089323,0.942050431473499,1.14279000007693
paraboloid,surface_area,geodesic,32,original,0.938777695866548,0.969257639190512,0.997452460268479
paraboloid,surface_area,geodesic,32,stress,0.999970089263937,1.02320067379994,1.19286213871214
paraboloid,surface_area,geodesic,32,stress_fixed_primary,0.998129854835226,0.999861640197078,1.00596723426899
paraboloid,surface_area,geodesic,32,stress_fixed_uniform,0.998143948973607,0.999861547025023,1.00553624973869
paraboloid,surface_area,geodesic,32,stress_primary,0.777293075205958,0.932102588246387,1.24208070210205
paraboloid,surface_area,geodesic,32,stress_uniform,0.833204856724095,0.939334179118862,1.24588503873574
paraboloid,surface_area,geodesic,64,classical,0.953452657567062,1.00537008888611,1.17577260714231
paraboloid,surface_area,geodesic,64,classical_fixed_primary,0.998992665985538,0.999981132230975,1.00579111949907
paraboloid,surface_area,geodesic,64,classical_fixed_uniform,0.999082280311421,0.999980938255702,1.00533409204294
paraboloid,surface_area,geodesic,64,classical_primary,0.956022864238096,0.989632812450517,1.17006320962337
paraboloid,surface_area,geodesic,64,classical_uniform,0.974321877873973,0.992539232194647,1.16892275868307
paraboloid,surface_area,geodesic,64,full_classical,1.00037539872794,1.01735895793186,1.15620726462123
paraboloid,surface_area,geodesic,64,full_classical_fixed_primary,0.999007384132593,0.99998015562838,1.00055236244077
paraboloid,surface_area,geodesic,64,full_classical_fixed_uniform,0.999093101060648,0.999980095668044,1.00055537531129
paraboloid,surface_area,geodesic,64,full_classical_primary,0.95235294479104,0.989626659430337,1.08618415739377
paraboloid,surface_area,geodesic,64,full_classical_uniform,0.971857697838582,0.992531073831447,1.08625816010235
paraboloid,surface_area,geodesic,64,original,0.941674662833912,0.969503247741906,0.999364426629781
paraboloid,surface_area,geodesic,64,stress,0.999995829329112,1.00432870445195,1.19504374689548
paraboloid,surface_area,geodesic,64,stress_fixed_primary,0.999010820536142,0.999981119433963,1.00640625569233
paraboloid,surface_area,geodesic,64,stress_fixed_uniform,0.999084353765958,0.999980988859561,1.00583921095732
paraboloid,surface_area,geodesic,64,stress_primary,0.955684788531754,0.989255413795587,1.21807825216285
paraboloid,surface_area,geodesic,64,stress_uniform,0.974360352891834,0.992036532239346,1.21238626196993
saddle,disk,ambient,1,classical,0.991816662264501,1.00848555271817,1.15697583951817
saddle,disk,ambient,1,classical_fixed_primary,0.999938961640663,1.00000043630867,1.00119029829983
saddle,disk,ambient,1,classical_fixed_uniform,0.999948920903444,1.00000015450068,1.00170938759582
saddle,disk,ambient,1,classical_primary,0.999999999999998,1.0259215937827,1.29439428592206
saddle,disk,ambient,1,classical_uniform,0.999999999999998,1.0252072809246,1.29374161866096
saddle,disk,ambient,1,original,1.0,1.0,1.0
saddle,disk,ambient,1,stress,0.999999999999999,1.01126117353779,1.17024522672099
saddle,disk,ambient,1,stress_fixed_primary,0.999984490146246,1.00000000000074,1.00122285690035
saddle,disk,ambient,1,stress_fixed_uniform,0.999982753967232,1.00000000000049,1.00185689536551
saddle,disk,ambient,1,stress_primary,0.999999999999999,1.03204082439684,1.27384575417211
saddle,disk,ambient,1,stress_uniform,0.999999999999999,1.03034122720043,1.27321489739219
saddle,disk,ambient,2,classical,0.960735141757865,1.01418073508488,1.05754466369807
saddle,disk,ambient,2,classical_fixed_primary,0.99995663757529,1.00000000635881,1.0022282161543
saddle,disk,ambient,2,classical_fixed_uniform,0.999958257236691,1.00000000000012,1.00254000066002
saddle,disk,ambient,2,classical_primary,0.999999999999999,1.06700106166798,1.29576317109426
saddle,disk,ambient,2,classical_uniform,0.999999999999999,1.06282775349046,1.28666608095405
saddle,disk,ambient,2,original,1.0,1.0,1.0
saddle,disk,ambient,2,stress,0.98707604007839,1.00752244463136,1.08225322037174
saddle,disk,ambient,2,stress_fixed_primary,0.999918560830481,1.00000000000051,1.00193169078574
saddle,disk,ambient,2,stress_fixed_uniform,0.999898244480222,1.00000000747369,1.00223102752529
saddle,disk,ambient,2,stress_primary,1.0,1.0520739606935,1.24426092709834
saddle,disk,ambient,2,stress_uniform,1.0,1.04888842608087,1.2519222658592
saddle,disk,ambient,4,classical,0.886197362249155,1.00483128287018,1.11523637192468
saddle,disk,ambient,4,classical_fixed_primary,0.999937603704675,1.0000000071274,1.00431644232697
saddle,disk,ambient,4,classical_fixed_uniform,0.999940190182569,1.00000000011267,1.00483381922997
saddle,disk,ambient,4,classical_primary,0.999999999999999,1.04530950862204,1.30779858244636
saddle,disk,ambient,4,classical_uniform,0.999999999999999,1.04544768277801,1.32493771588311
saddle,disk,ambient,4,original,1.0,1.0,1.0
saddle,disk,ambient,4,stress,0.929419531787906,1.00185938585316,1.08744865448519
saddle,disk,ambient,4,stress_fixed_primary,0.999951524610036,1.00000000919954,1.0037511614616
saddle,disk,ambient,4,stress_fixed_uniform,0.999949409429544,1.00000000003478,1.00402578707694
saddle,disk,ambient,4,stress_primary,1.0,1.03000238061321,1.25002542003675
saddle,disk,ambient,4,stress_uniform,1.0,1.03007574284201,1.25214483341054
saddle,disk,ambient,8,classical,0.91698384032208,1.02123075229594,1.22327062281507
saddle,disk,ambient,8,classical_fixed_primary,0.999884537590907,1.0,1.00951641671933
saddle,disk,ambient,8,classical_fixed_uniform,0.999918449409772,1.0,1.01051957033418
saddle,disk,ambient,8,classical_primary,1.0,1.01203946959007,1.47084730090846
saddle,disk,ambient,8,classical_uniform,1.0,1.01222107807229,1.43742321500581
saddle,disk,ambient,8,original,1.0,1.0,1.0
saddle,disk,ambient,8,stress,0.883387593222504,1.00585804212072,1.14245885024902
saddle,disk,ambient,8,stress_fixed_primary,0.999890311587367,0.999999999999999,1.00667451655702
saddle,disk,ambient,8,stress_fixed_uniform,0.999943968004128,1.00000009346406,1.00750032833537
saddle,disk,ambient,8,stress_primary,0.999999999999999,1.01227229516371,1.31613819299115
saddle,disk,ambient,8,stress_uniform,0.999999999999999,1.01221245032177,1.30327648051697
saddle,disk,ambient,16,classical,0.989152644125315,1.04598066364144,1.29359390348167
saddle,disk,ambient,16,classical_fixed_primary,0.99950915545047,0.999999999999999,1.00897950456385
saddle,disk,ambient,16,classical_fixed_uniform,0.9998119595498,1.00000007211407,1.00865681877617
saddle,disk,ambient,16,classical_primary,0.975870616842185,1.00139567135468,1.61750871959104
saddle,disk,ambient,16,classical_uniform,0.991149474737699,1.00294006423462,1.5744040705786
saddle,disk,ambient,16,original,1.0,1.0,1.0
saddle,disk,ambient,16,stress,1.0,1.01192835688495,1.14901774141886
saddle,disk,ambient,16,stress_fixed_primary,0.999743000512885,1.00000001081022,1.00754356800219
saddle,disk,ambient,16,stress_fixed_uniform,0.999727067609931,1.00000006772672,1.00699312110733
saddle,disk,ambient,16,stress_primary,0.999689712677454,1.00489602912064,1.39523180615547
saddle,disk,ambient,16,stress_uniform,0.994490908148202,1.00485115640758,1.39035962185176
saddle,disk,ambient,32,classical,0.930265152529616,1.00182568985026,1.12799317339386
saddle,disk,ambient,32,classical_fixed_primary,0.999815197338229,0.999999999999999,1.00328827519726
saddle,disk,ambient,32,classical_fixed_uniform,0.999809365360592,1.00000001438722,1.00335016936823
saddle,disk,ambient,32,classical_primary,0.991462698152593,1.00035966769005,1.18000312881524
saddle,disk,ambient,32,classical_uniform,0.994926168938142,1.00032249424258,1.19199698093267
saddle,disk,ambient,32,original,1.0,1.0,1.0
saddle,disk,ambient,32,stress,0.99983820544672,1.00206585531972,1.18965770604868
saddle,disk,ambient,32,stress_fixed_primary,0.999834783352776,1.0,1.00389775936106
saddle,disk,ambient,32,stress_fixed_uniform,0.999873091190159,1.00000000081889,1.00410697169405
saddle,disk,ambient,32,stress_primary,0.996717028251773,1.00042779592237,1.173103658183
saddle,disk,ambient,32,stress_uniform,0.997795384439278,1.00042813662281,1.17257405493712
saddle,disk,ambient,64,classical,0.990795927137802,1.00047474641031,1.20223524269335
saddle,disk,ambient,64,classical_fixed_primary,0.999981657481328,1.0000000235621,1.00333229056204
saddle,disk,ambient,64,classical_fixed_uniform,0.999987051713342,1.00000002353641,1.00339770201178
saddle,disk,ambient,64,classical_primary,0.999999999999998,1.00037115493337,1.09580725760998
saddle,disk,ambient,64,classical_uniform,0.999470831180967,1.0003206678428,1.09506398444751
saddle,disk,ambient,64,original,1.0,1.0,1.0
saddle,disk,ambient,64,stress,0.995809912645177,1.00022455239229,1.09866049222545
saddle,disk,ambient,64,stress_fixed_primary,0.999995442078845,1.00000003247472,1.00380607576913
saddle,disk,ambient,64,stress_fixed_uniform,0.99999468854031,1.00000003414392,1.00395325750677
saddle,disk,ambient,64,stress_primary,0.999999999999999,1.00043894523152,1.08800997536251
saddle,disk,ambient,64,stress_uniform,0.999999999999999,1.00043053626164,1.09744179810636
saddle,disk,geodesic,1,classical,0.990478380482365,1.0018821039775,1.15701328206514
saddle,disk,geodesic,1,classical_fixed_primary,0.999284125681979,0.999976262271954,1.00121035298227
saddle,disk,geodesic,1,classical_fixed_uniform,0.999284244402069,0.999974686450673,1.00171239678547
saddle,disk,geodesic,1,classical_primary,0.148167301392601,1.01915010567787,1.29467019990937
saddle,disk,geodesic,1,classical_uniform,0.146149732647878,1.01698318387031,1.29376699037504
saddle,disk,geodesic,1,full_classical,0.974445589555187,0.993134411069331,1.01192696273802
saddle,disk,geodesic,1,full_classical_fixed_primary,0.999284125681979,0.999979064511046,1.00020976183494
saddle,disk,geodesic,1,full_classical_fixed_uniform,0.999284241702155,0.999984148737314,1.00016714309748
saddle,disk,geodesic,1,full_classical_primary,0.14816730139259,1.01507128292364,1.05115071118802
saddle,disk,geodesic,1,full_classical_uniform,0.146149732647896,1.01198005160179,1.05120217192043
saddle,disk,geodesic,1,original,0.926139193435588,0.996587951475202,0.999475894396235
saddle,disk,geodesic,1,stress,0.999284129523593,1.00912409379826,1.17022831192663
saddle,disk,geodesic,1,stress_fixed_primary,0.999284125681984,0.999990386149884,1.00123196255052
saddle,disk,geodesic,1,stress_fixed_uniform,0.999284242350872,0.999997162516262,1.00186265558811
saddle,disk,geodesic,1,stress_primary,0.148691742922727,1.02529015499855,1.27389283100044
saddle,disk,geodesic,1,stress_uniform,0.119390077944408,1.02249370651007,1.27327024098702
saddle,disk,geodesic,2,classical,0.961853522493953,1.01892348843683,1.06004766790062
saddle,disk,geodesic,2,classical_fixed_primary,0.998276094593496,0.999934368302462,1.00222010177102
saddle,disk,geodesic,2,classical_fixed_uniform,0.99827609110887,0.999946941165795,1.00253717917277
saddle,disk,geodesic,2,classical_primary,0.0134869810138494,1.05811037475041,1.27647975948385
saddle,disk,geodesic,2,classical_uniform,0.0137330179403674,1.05079161003324,1.27310968392596
saddle,disk,geodesic,2,full_classical,0.929620105809479,1.01583244870975,1.05969448792551
saddle,disk,geodesic,2,full_classical_fixed_primary,0.998276094738515,0.99993474946185,1.00035642292339
saddle,disk,geodesic,2,full_classical_fixed_uniform,0.99827609110887,0.999934733960746,1.00039752369164
saddle,disk,geodesic,2,full_classical_primary,0.01348698101387,1.05281778836013,1.1021851173587
saddle,disk,geodesic,2,full_classical_uniform,0.0137330179403687,1.04691538252564,1.10439267991147
saddle,disk,geodesic,2,original,0.871664156480727,0.994880371737725,0.998997239808295
saddle,disk,geodesic,2,stress,0.985633469375704,1.0146132929431,1.08237697996379
saddle,disk,geodesic,2,stress_fixed_primary,0.99827609259933,0.999897099244315,1.00193246153267
saddle,disk,geodesic,2,stress_fixed_uniform,0.998276093369782,0.999945984230067,1.00220063876789
saddle,disk,geodesic,2,stress_primary,0.0133921796574237,1.04523821979929,1.24288690461605
saddle,disk,geodesic,2,stress_uniform,0.0077129179257507,1.04011637988099,1.2426244227797
saddle,disk,geodesic,4,classical,0.890844680734578,1.04543689009005,1.13362324678087
saddle,disk,geodesic,4,classical_fixed_primary,0.99705488465561,0.99995317829351,1.00435370044751
saddle,disk,geodesic,4,classical_fixed_uniform,0.997054878006005,0.999963770161736,1.00481205268059
saddle,disk,geodesic,4,classical_primary,0.0015452626560004,1.11710339683015,1.31904363322971
saddle,disk,geodesic,4,classical_uniform,0.0008604767545112,1.11687484929931,1.33286726439365
saddle,disk,geodesic,4,full_classical,0.870829164485257,1.04229710738023,1.1334940191425
saddle,disk,geodesic,4,full_classical_fixed_primary,0.997054878740172,0.999938292425504,1.00182738068937
saddle,disk,geodesic,4,full_classical_fixed_uniform,0.997054880816815,0.999943194825004,1.0020499322923
saddle,disk,geodesic,4,full_classical_primary,0.0015452626560035,1.11514379073748,1.17904016198643
saddle,disk,geodesic,4,full_classical_uniform,0.0008604767545128,1.11515603032002,1.1798691603622
saddle,disk,geodesic,4,original,0.8369417436995,0.994573320265532,0.998014267939793
saddle,disk,geodesic,4,stress,0.928921090074981,0.997399113142079,1.06656345087319
saddle,disk,geodesic,4,stress_fixed_primary,0.997054881895987,0.999911860938842,1.00374866593076
saddle,disk,geodesic,4,stress_fixed_uniform,0.997054880677949,0.999946119704425,1.00398154509632
saddle,disk,geodesic,4,stress_primary,0.0014849671395699,1.07299904260847,1.25972372101011
saddle,disk,geodesic,4,stress_uniform,0.0002325747905296,1.07253450180401,1.25931109867079
saddle,disk,geodesic,8,classical,0.911193769484472,1.11544792924689,1.18401407864719
saddle,disk,geodesic,8,classical_fixed_primary,0.995965147979588,0.999920230026813,1.00903965031632
saddle,disk,geodesic,8,classical_fixed_uniform,0.995965150632454,0.999936889238024,1.01036457931551
saddle,disk,geodesic,8,classical_primary,0.0002041640507027,1.16034684807469,1.3422838750321
saddle,disk,geodesic,8,classical_uniform,6.98281898168666e-05,1.1610832727162,1.3409388569009
saddle,disk,geodesic,8,full_classical,0.889834583851141,1.11483566147001,1.18397642137409
saddle,disk,geodesic,8,full_classical_fixed_primary,0.995965147049293,0.999915633913867,1.00391185609186
saddle,disk,geodesic,8,full_classical_fixed_uniform,0.995965150632454,0.999932980729858,1.00421177337338
saddle,disk,geodesic,8,full_classical_primary,0.000204164050703,1.15399877319951,1.20712900065173
saddle,disk,geodesic,8,full_classical_uniform,6.98281898169832e-05,1.15590904854157,1.20646814076354
saddle,disk,geodesic,8,original,0.822020153645473,0.994889951542782,0.996813903066144
saddle,disk,geodesic,8,stress,0.882511291178016,1.00797064443443,1.09509068167368
saddle,disk,geodesic,8,stress_fixed_primary,0.995965146010285,0.999904516859721,1.00658249010796
saddle,disk,geodesic,8,stress_fixed_uniform,0.995965147949281,0.999937843923533,1.00744656139319
saddle,disk,geodesic,8,stress_primary,0.0001927038015232,1.0919090255044,1.2707269237525
saddle,disk,geodesic,8,stress_uniform,2.13641081421122e-06,1.09237035179591,1.27060758856435
saddle,disk,geodesic,16,classical,1.03166959033872,1.14336638092255,1.21013500303659
saddle,disk,geodesic,16,classical_fixed_primary,0.995246540053364,0.999934149803994,1.01389007978867
saddle,disk,geodesic,16,classical_fixed_uniform,0.995246548342033,0.999943021693692,1.01614549823003
saddle,disk,geodesic,16,classical_primary,4.4949279062972e-05,1.18169144114032,1.32373090723026
saddle,disk,geodesic,16,classical_uniform,1.28523077799524e-05,1.18778134932282,1.31086838974522
saddle,disk,geodesic,16,full_classical,1.01161089445727,1.14336076150827,1.21009387175687
saddle,disk,geodesic,16,full_classical_fixed_primary,0.995246543163008,0.999938193117378,1.00903275500879
saddle,disk,geodesic,16,full_classical_fixed_uniform,0.995246548342033,0.999945023951695,1.01036484454432
saddle,disk,geodesic,16,full_classical_primary,4.49492790632299e-05,1.18134094835391,1.21942999306202
saddle,disk,geodesic,16,full_classical_uniform,1.28523077800237e-05,1.18747373125103,1.21847809699099
saddle,disk,geodesic,16,original,0.816452751575228,0.995106132865054,0.9978114175757
saddle,disk,geodesic,16,stress,0.946319723502743,1.05080745620264,1.11075047833583
saddle,disk,geodesic,16,stress_fixed_primary,0.995246539517969,0.999937996315622,1.00941943702765
saddle,disk,geodesic,16,stress_fixed_uniform,0.995246537627522,0.99995188848905,1.01089592243628
saddle,disk,geodesic,16,stress_primary,4.15331960970642e-05,1.10363553094082,1.22530057114019
saddle,disk,geodesic,16,stress_uniform,1.34446384465508e-06,1.1092720876649,1.22406768261094
saddle,disk,geodesic,32,classical,1.06802448375606,1.19527457901969,1.22423842295536
saddle,disk,geodesic,32,classical_fixed_primary,0.994894924147911,0.999965289304993,1.02026665587046
saddle,disk,geodesic,32,classical_fixed_uniform,0.994894925523324,0.999971922078883,1.01937899797763
saddle,disk,geodesic,32,classical_primary,2.0090434266487e-05,1.19659112540053,1.27950410743229
saddle,disk,geodesic,32,classical_uniform,5.59389958009628e-06,1.2026151407354,1.27308935511116
saddle,disk,geodesic,32,full_classical,1.06802448377079,1.19436409355653,1.22423892281896
saddle,disk,geodesic,32,full_classical_fixed_primary,0.99489492605457,0.999966068623059,1.01404671937099
saddle,disk,geodesic,32,full_classical_fixed_uniform,0.994894926262219,0.999971512817844,1.01419973729535
saddle,disk,geodesic,32,full_classical_primary,2.00904342668055e-05,1.1970771488286,1.23355711253475
saddle,disk,geodesic,32,full_classical_uniform,5.59389958018335e-06,1.20251778005401,1.23208125974461
saddle,disk,geodesic,32,original,0.814477284174669,0.99705408603731,0.9987085194807
saddle,disk,geodesic,32,stress,0.994894880498183,1.07062061022708,1.11714791252868
saddle,disk,geodesic,32,stress_fixed_primary,0.994894921262375,0.999966205290561,1.01257438034165
saddle,disk,geodesic,32,stress_fixed_uniform,0.99489492675733,0.999971684425443,1.01292172554002
saddle,disk,geodesic,32,stress_primary,1.83813926905828e-05,1.1146157207308,1.19815100684972
saddle,disk,geodesic,32,stress_uniform,1.11209898579278e-06,1.11890110685345,1.19714592195423
saddle,disk,geodesic,64,classical,1.06865635261783,1.21625227607786,1.23096156625666
saddle,disk,geodesic,64,classical_fixed_primary,0.994753835088372,0.999985774911068,1.02005957104671
saddle,disk,geodesic,64,classical_fixed_uniform,0.99475383105396,0.999985959730357,1.0107828741758
saddle,disk,geodesic,64,classical_primary,1.43489523739335e-05,1.20715649773598,1.25526896397527
saddle,disk,geodesic,64,classical_uniform,3.99038987501855e-06,1.21055347105696,1.25409617451879
saddle,disk,geodesic,64,full_classical,1.06865635265448,1.21620531858506,1.23084155184947
saddle,disk,geodesic,64,full_classical_fixed_primary,0.994753838787437,0.999983698336978,1.01665936958951
saddle,disk,geodesic,64,full_classical_fixed_uniform,0.994753831053959,0.999985694749603,1.00864860057878
saddle,disk,geodesic,64,full_classical_primary,1.43489523744767e-05,1.20732437291657,1.23173982712567
saddle,disk,geodesic,64,full_classical_uniform,3.990389875173e-06,1.21053116320581,1.23051881025682
saddle,disk,geodesic,64,original,0.81381119890234,0.998349583016187,0.999441513141418
saddle,disk,geodesic,64,stress,0.994753796481867,1.07980048277916,1.11961419421325
saddle,disk,geodesic,64,stress_fixed_primary,0.994753834696322,0.999981675090307,1.01195810720379
saddle,disk,geodesic,64,stress_fixed_uniform,0.994753837450741,0.999986412931715,1.00645707094406
saddle,disk,geodesic,64,stress_primary,1.32319142945045e-05,1.12443784656269,1.16426618898007
saddle,disk,geodesic,64,stress_uniform,9.10388128680419e-07,1.12704794671462,1.16585107725677
saddle,surface_area,ambient,1,classical,0.98787578118117,1.00571093930595,1.1857349193715
saddle,surface_area,ambient,1,classical_fixed_primary,0.999985531690547,1.00000011572083,1.00155989592361
saddle,surface_area,ambient,1,classical_fixed_uniform,0.999962988088744,1.00000000000086,1.00159503840575
saddle,surface_area,ambient,1,classical_primary,0.999999999999999,1.02797571038096,1.33509020122509
saddle,surface_area,ambient,1,classical_uniform,0.999999999999999,1.02684572210519,1.33634087009329
saddle,surface_area,ambient,1,original,1.0,1.0,1.0
saddle,surface_area,ambient,1,stress,1.0,1.01042631904799,1.17960011850197
saddle,surface_area,ambient,1,stress_fixed_primary,0.999974288250091,1.00000037931275,1.00169198341209
saddle,surface_area,ambient,1,stress_fixed_uniform,0.999974433013151,1.00000000000098,1.00193408658609
saddle,surface_area,ambient,1,stress_primary,1.0,1.03383073676519,1.28458942438156
saddle,surface_area,ambient,1,stress_uniform,1.0,1.03151130203288,1.28723765190185
saddle,surface_area,ambient,2,classical,0.961669236469205,1.00238697774302,1.05021285360959
saddle,surface_area,ambient,2,classical_fixed_primary,0.999922133664976,1.00000016349549,1.00277933958556
saddle,surface_area,ambient,2,classical_fixed_uniform,0.999954238184458,1.00000001785303,1.00345887486024
saddle,surface_area,ambient,2,classical_primary,0.999999999999999,1.06564344487489,1.27381439113975
saddle,surface_area,ambient,2,classical_uniform,0.999999999999999,1.06032839828922,1.27898161821399
saddle,surface_area,ambient,2,original,1.0,1.0,1.0
saddle,surface_area,ambient,2,stress,0.988969803407139,1.00582314934021,1.08752799066735
saddle,surface_area,ambient,2,stress_fixed_primary,0.99991626757818,1.0000000000002,1.00247161383241
saddle,surface_area,ambient,2,stress_fixed_uniform,0.999918174623553,1.00000000970785,1.00306736577027
saddle,surface_area,ambient,2,stress_primary,0.999999999999999,1.05918222585409,1.24846055844134
saddle,surface_area,ambient,2,stress_uniform,0.999999999999999,1.05834362982183,1.24489248561742
saddle,surface_area,ambient,4,classical,0.927469271693213,1.0,1.10164309022561
saddle,surface_area,ambient,4,classical_fixed_primary,0.999870391778174,1.00000000037065,1.00707233969096
saddle,surface_area,ambient,4,classical_fixed_uniform,0.999946452264345,1.00000079462239,1.00753379427374
saddle,surface_area,ambient,4,classical_primary,0.999999999999998,1.03997941977391,1.32997730487306
saddle,surface_area,ambient,4,classical_uniform,0.999999999999998,1.03978553963506,1.36098020799117
saddle,surface_area,ambient,4,original,1.0,1.0,1.0
saddle,surface_area,ambient,4,stress,0.952091878898568,1.00149414041766,1.08580827927457
saddle,surface_area,ambient,4,stress_fixed_primary,0.99994174176852,1.0000000010008,1.00664810455153
saddle,surface_area,ambient,4,stress_fixed_uniform,0.999999999999859,1.00000369051705,1.00663723982996
saddle,surface_area,ambient,4,stress_primary,1.0,1.03038403423413,1.27860131847236
saddle,surface_area,ambient,4,stress_uniform,1.0,1.0302181151933,1.29089036000843
saddle,surface_area,ambient,8,classical,0.931849824687689,1.02969941897332,1.24219676192689
saddle,surface_area,ambient,8,classical_fixed_primary,0.999808858520709,1.00000000009584,1.01204655088617
saddle,surface_area,ambient,8,classical_fixed_uniform,0.999842122616229,1.00000000080715,1.01107078359869
saddle,surface_area,ambient,8,classical_primary,1.0,1.01250199487697,1.39122640565798
saddle,surface_area,ambient,8,classical_uniform,1.0,1.01250910697345,1.38619927225287
saddle,surface_area,ambient,8,original,1.0,1.0,1.0
saddle,surface_area,ambient,8,stress,0.90869382934258,1.00764796046996,1.15363216801924
saddle,surface_area,ambient,8,stress_fixed_primary,0.999836087251183,1.0000000487897,1.00979306616766
saddle,surface_area,ambient,8,stress_fixed_uniform,0.999862250005598,1.00000043725925,1.01005176990421
saddle,surface_area,ambient,8,stress_primary,1.0,1.0126379603858,1.30257885080172
saddle,surface_area,ambient,8,stress_uniform,1.0,1.0126246232813,1.29905288467686
saddle,surface_area,ambient,16,classical,0.977292009798741,1.08034454726345,1.29259432482208
saddle,surface_area,ambient,16,classical_fixed_primary,0.999642653377839,0.999999999999999,1.01414939903275
saddle,surface_area,ambient,16,classical_fixed_uniform,0.999633906713109,1.00000138051044,1.01516662986099
saddle,surface_area,ambient,16,classical_primary,0.999999999999999,1.00474960957491,1.47427286234612
saddle,surface_area,ambient,16,classical_uniform,0.999999999999999,1.00477503688247,1.45183263220279
saddle,surface_area,ambient,16,original,1.0,1.0,1.0
saddle,surface_area,ambient,16,stress,0.999999999999999,1.01971737336624,1.14269015876259
saddle,surface_area,ambient,16,stress_fixed_primary,0.999837763558118,1.00000000088939,1.01116170203482
saddle,surface_area,ambient,16,stress_fixed_uniform,0.999864902379517,1.00000045481749,1.01249803690825
saddle,surface_area,ambient,16,stress_primary,0.999999999999999,1.00573280419803,1.36083567862028
saddle,surface_area,ambient,16,stress_uniform,0.999999999999999,1.00574140312354,1.35206187638502
saddle,surface_area,ambient,32,classical,0.999999999999998,1.02527018532767,1.1865937336811
saddle,surface_area,ambient,32,classical_fixed_primary,0.999910556182029,1.00000029732009,1.00392181123373
saddle,surface_area,ambient,32,classical_fixed_uniform,0.999811584326683,1.00000015651063,1.00418499558682
saddle,surface_area,ambient,32,classical_primary,0.998405199291084,1.0013963573236,1.1629438389737
saddle,surface_area,ambient,32,classical_uniform,0.999999999999998,1.00151317325432,1.17585951858115
saddle,surface_area,ambient,32,original,1.0,1.0,1.0
saddle,surface_area,ambient,32,stress,0.999999999999999,1.00375775407173,1.15481611608402
saddle,surface_area,ambient,32,stress_fixed_primary,0.999994705999166,1.00000059399331,1.00349885990592
saddle,surface_area,ambient,32,stress_fixed_uniform,0.999999791811806,1.00000061365048,1.00512477017466
saddle,surface_area,ambient,32,stress_primary,0.999999999999999,1.00159588682435,1.19873970073191
saddle,surface_area,ambient,32,stress_uniform,0.999999999999999,1.00163001063441,1.2076029276069
saddle,surface_area,ambient,64,classical,0.9734384016955,1.0007933178407,1.15765106576958
saddle,surface_area,ambient,64,classical_fixed_primary,0.999993585770703,1.00000004574034,1.00475882589058
saddle,surface_area,ambient,64,classical_fixed_uniform,0.999992825164664,1.00000177965499,1.00479721521269
saddle,surface_area,ambient,64,classical_primary,0.99929696222332,1.00042132879897,1.09587464215301
saddle,surface_area,ambient,64,classical_uniform,0.99962261531496,1.000426586117,1.14441113106211
saddle,surface_area,ambient,64,original,1.0,1.0,1.0
saddle,surface_area,ambient,64,stress,0.98707872907464,1.00037056463357,1.1102577029154
saddle,surface_area,ambient,64,stress_fixed_primary,0.999999074059276,1.00000006242357,1.00490887464405
saddle,surface_area,ambient,64,stress_fixed_uniform,0.999999840635254,1.00000090554827,1.00484084436309
saddle,surface_area,ambient,64,stress_primary,0.999999999999999,1.00043960194603,1.11854551733752
saddle,surface_area,ambient,64,stress_uniform,0.999999999999999,1.00044252540077,1.11080899212115
saddle,surface_area,geodesic,1,classical,0.984526593482352,0.999303185599911,1.18654395502944
saddle,surface_area,geodesic,1,classical_fixed_primary,0.99926897119809,0.999983774133572,1.00145670905377
saddle,surface_area,geodesic,1,classical_fixed_uniform,0.999269232779595,0.999969215566886,1.00139768647391
saddle,surface_area,geodesic,1,classical_primary,0.123043768336648,1.01833055493274,1.2964034135873
saddle,surface_area,geodesic,1,classical_uniform,0.132710001881972,1.01337972519988,1.30063764225962
saddle,surface_area,geodesic,1,full_classical,0.970713838305382,0.985299883108133,1.00424948246631
saddle,surface_area,geodesic,1,full_classical_fixed_primary,0.999268971198091,0.999970530194516,1.00018776377113
saddle,surface_area,geodesic,1,full_classical_fixed_uniform,0.999269231371836,0.999977816719924,1.00015280921713
saddle,surface_area,geodesic,1,full_classical_primary,0.123043768336757,1.01379728761167,1.04843882475313
saddle,surface_area,geodesic,1,full_classical_uniform,0.132710001882083,1.00925641531683,1.04851998578208
saddle,surface_area,geodesic,1,original,0.921465322192196,0.996325427564705,0.999448786762935
saddle,surface_area,geodesic,1,stress,0.998945320147197,1.00692311752118,1.17931476841805
saddle,surface_area,geodesic,1,stress_fixed_primary,0.999268971198083,0.99996667684898,1.00150609742303
saddle,surface_area,geodesic,1,stress_fixed_uniform,0.999269231573701,0.999975298230074,1.00165442660689
saddle,surface_area,geodesic,1,stress_primary,0.12325404749338,1.02915531034564,1.27571644198365
saddle,surface_area,geodesic,1,stress_uniform,0.10818241438823,1.02494863023936,1.27527345301083
saddle,surface_area,geodesic,2,classical,0.963958482006104,1.00758510640225,1.0434789434021
saddle,surface_area,geodesic,2,classical_fixed_primary,0.998457076132091,0.999954238921775,1.00273647643535
saddle,surface_area,geodesic,2,classical_fixed_uniform,0.998457077418025,0.999935182501445,1.00344190957141
saddle,surface_area,geodesic,2,classical_primary,0.0159797617478546,1.05136226224373,1.27346054393369
saddle,surface_area,geodesic,2,classical_uniform,0.0180154835433416,1.05324889065135,1.27819601165796
saddle,surface_area,geodesic,2,full_classical,0.925244054382727,0.995108509781201,1.04239640812391
saddle,surface_area,geodesic,2,full_classical_fixed_primary,0.998457073311821,0.999934520052714,1.00048642509455
saddle,surface_area,geodesic,2,full_classical_fixed_uniform,0.998457077418025,0.999939299688387,1.00040754686581
saddle,surface_area,geodesic,2,full_classical_primary,0.0159797617478733,1.03991954390193,1.10802061420219
saddle,surface_area,geodesic,2,full_classical_uniform,0.018386037588237,1.04192715200429,1.10831881190937
saddle,surface_area,geodesic,2,original,0.861725632241403,0.993510659685503,0.998979878210419
saddle,surface_area,geodesic,2,stress,0.987304438336466,1.0098551791057,1.0880549985882
saddle,surface_area,geodesic,2,stress_fixed_primary,0.998457073311821,0.999902320523118,1.00249944147014
saddle,surface_area,geodesic,2,stress_fixed_uniform,0.998457076026708,0.99996052177381,1.00307266768016
saddle,surface_area,geodesic,2,stress_primary,0.0157680483095482,1.04526420650185,1.2495650155773
saddle,surface_area,geodesic,2,stress_uniform,0.0132194042864362,1.04620275968045,1.2461206075682
saddle,surface_area,geodesic,4,classical,0.928123038596432,1.031619397342,1.11580886187923
saddle,surface_area,geodesic,4,classical_fixed_primary,0.997640152641116,0.999867230379444,1.0075331460893
saddle,surface_area,geodesic,4,classical_fixed_uniform,0.997640150599834,0.999915623659727,1.00773144918137
saddle,surface_area,geodesic,4,classical_primary,0.0038993874560895,1.1072831479203,1.32520520668447
saddle,surface_area,geodesic,4,classical_uniform,0.0030571465405881,1.11114678394041,1.3673563561651
saddle,surface_area,geodesic,4,full_classical,0.888630808261494,1.03161939734401,1.11555293077888
saddle,surface_area,geodesic,4,full_classical_fixed_primary,0.997640150643379,0.99989091340964,1.00217772128481
saddle,surface_area,geodesic,4,full_classical_fixed_uniform,0.997640150599835,0.999911910018332,1.00172854596188
saddle,surface_area,geodesic,4,full_classical_primary,0.0038993874561057,1.10215522310185,1.17887982912257
saddle,surface_area,geodesic,4,full_classical_uniform,0.0030571465405972,1.10674498603675,1.17695406822083
saddle,surface_area,geodesic,4,original,0.821766563111875,0.990354537303596,0.998023772871133
saddle,surface_area,geodesic,4,stress,0.95018405313139,1.00745252380218,1.06130465708541
saddle,surface_area,geodesic,4,stress_fixed_primary,0.997640147450464,0.999859673214299,1.0069490094652
saddle,surface_area,geodesic,4,stress_fixed_uniform,0.997640146956239,0.999918367899682,1.0068622420799
saddle,surface_area,geodesic,4,stress_primary,0.003797306972405,1.07388482685449,1.28074204333269
saddle,surface_area,geodesic,4,stress_uniform,0.0012328875960064,1.07794677938399,1.29317642753948
saddle,surface_area,geodesic,8,classical,0.929520331764661,1.07836942404727,1.1708585805236
saddle,surface_area,geodesic,8,classical_fixed_primary,0.996677735081336,0.999813211416754,1.01217658900812
saddle,surface_area,geodesic,8,classical_fixed_uniform,0.996677737441935,0.999871982867847,1.011890218241
saddle,surface_area,geodesic,8,classical_primary,0.0005181157519356,1.13254553922845,1.35617934339879
saddle,surface_area,geodesic,8,classical_uniform,0.0003114651379024,1.13745360256067,1.34459463588099
saddle,surface_area,geodesic,8,full_classical,0.864872697844561,1.07145937199822,1.1707905554802
saddle,surface_area,geodesic,8,full_classical_fixed_primary,0.996677736881075,0.999834531084002,1.00447608120866
saddle,surface_area,geodesic,8,full_classical_fixed_uniform,0.996677740124489,0.999860404177133,1.00412951692419
saddle,surface_area,geodesic,8,full_classical_primary,0.0005181157519369,1.13111971657596,1.1878728217379
saddle,surface_area,geodesic,8,full_classical_uniform,0.0003114651379029,1.13534846627542,1.1879164583571
saddle,surface_area,geodesic,8,original,0.803580775826217,0.990035205675728,0.996256899857082
saddle,surface_area,geodesic,8,stress,0.908144167941657,0.997185894645922,1.09667279614283
saddle,surface_area,geodesic,8,stress_fixed_primary,0.996677736477486,0.999841272802274,1.01044911653585
saddle,surface_area,geodesic,8,stress_fixed_uniform,0.996677742551487,0.999883268152679,1.01002721306295
saddle,surface_area,geodesic,8,stress_primary,0.000491825389225,1.07890712141043,1.26533254558803
saddle,surface_area,geodesic,8,stress_uniform,5.92033737136428e-05,1.08369146370334,1.26749642369283
saddle,surface_area,geodesic,16,classical,1.02052064325954,1.12049854112971,1.20262095041467
saddle,surface_area,geodesic,16,classical_fixed_primary,0.995965650697827,0.999861414408943,1.02012174081291
saddle,surface_area,geodesic,16,classical_fixed_uniform,0.995965649143608,0.99989699126143,1.02301720325501
saddle,surface_area,geodesic,16,classical_primary,9.75522293226613e-05,1.16434579792771,1.32671218230683
saddle,surface_area,geodesic,16,classical_uniform,5.52336048856929e-05,1.16517014691229,1.32460501081613
saddle,surface_area,geodesic,16,full_classical,0.969967102007151,1.12048952061039,1.2022075564517
saddle,surface_area,geodesic,16,full_classical_fixed_primary,0.995965653904643,0.9998779160265,1.01075711064914
saddle,surface_area,geodesic,16,full_classical_fixed_uniform,0.995965648796882,0.999883648157492,1.00969800098418
saddle,surface_area,geodesic,16,full_classical_primary,9.75522293228674e-05,1.16406957075333,1.21951604872094
saddle,surface_area,geodesic,16,full_classical_uniform,5.52336048857778e-05,1.16498298520878,1.21775955708324
saddle,surface_area,geodesic,16,original,0.796445966077264,0.991575746049084,0.995021711837506
saddle,surface_area,geodesic,16,stress,0.952676199731967,1.05142465050065,1.11709710372515
saddle,surface_area,geodesic,16,stress_fixed_primary,0.995965643990204,0.999876139647001,1.01519803112508
saddle,surface_area,geodesic,16,stress_fixed_uniform,0.995965654038563,0.999896105798114,1.01479834360006
saddle,surface_area,geodesic,16,stress_primary,9.14980595085993e-05,1.09819137624283,1.25353932072888
saddle,surface_area,geodesic,16,stress_uniform,1.71028069788675e-06,1.09920154052684,1.25585920586952
saddle,surface_area,geodesic,32,classical,1.05390629838496,1.17488244210989,1.21993158819344
saddle,surface_area,geodesic,32,classical_fixed_primary,0.995606524078803,0.999942794580214,1.02461051060669
saddle,surface_area,geodesic,32,classical_fixed_uniform,0.995606521954023,0.999959149688394,1.01567960529348
saddle,surface_area,geodesic,32,classical_primary,3.92583331431538e-05,1.19144125758686,1.29492830776
saddle,surface_area,geodesic,32,classical_uniform,2.28876380614246e-05,1.19480598432312,1.29579890819408
saddle,surface_area,geodesic,32,full_classical,1.05390629840024,1.17203273265452,1.21969310104415
saddle,surface_area,geodesic,32,full_classical_fixed_primary,0.995606521059359,0.999944590399892,1.01652870135002
saddle,surface_area,geodesic,32,full_classical_fixed_uniform,0.99560651865779,0.999956917003585,1.0097826250065
saddle,surface_area,geodesic,32,full_classical_primary,3.9258333143821e-05,1.19095661597623,1.2268727946141
saddle,surface_area,geodesic,32,full_classical_uniform,2.28876380618355e-05,1.19469478371965,1.22586183504807
saddle,surface_area,geodesic,32,original,0.793879773066725,0.993357789515339,0.997480933188733
saddle,surface_area,geodesic,32,stress,0.99560650468623,1.06935603370975,1.12583701932533
saddle,surface_area,geodesic,32,stress_fixed_primary,0.995606522437438,0.999939424284564,1.01787320723631
saddle,surface_area,geodesic,32,stress_fixed_uniform,0.995606520454228,0.999958024983925,1.01057252563891
saddle,surface_area,geodesic,32,stress_primary,3.63754762387954e-05,1.12079203975991,1.22583284662407
saddle,surface_area,geodesic,32,stress_uniform,1.17682487003314e-06,1.12387508428975,1.23031103335573
saddle,surface_area,geodesic,64,classical,1.05445589766408,1.20954253558267,1.2259521538475
saddle,surface_area,geodesic,64,classical_fixed_primary,0.995461579978502,0.999976150237851,1.0262411432562
saddle,surface_area,geodesic,64,classical_fixed_uniform,0.995461582680753,0.999981549604057,1.01821443349613
saddle,surface_area,geodesic,64,classical_primary,2.71940881473017e-05,1.20715942461453,1.26010213006394
saddle,surface_area,geodesic,64,classical_uniform,1.60326783952826e-05,1.20823489411636,1.25870734995646
saddle,surface_area,geodesic,64,full_classical,1.05445589771014,1.20953667699576,1.22565307852629
saddle,surface_area,geodesic,64,full_classical_fixed_primary,0.995461576187662,0.999974924245621,1.02148700795913
saddle,surface_area,geodesic,64,full_classical_fixed_uniform,0.995461580237213,0.999981487375636,1.01459600823592
saddle,surface_area,geodesic,64,full_classical_primary,2.71940881483897e-05,1.20694171561243,1.23327372484671
saddle,surface_area,geodesic,64,full_classical_uniform,1.60326783959337e-05,1.20804012755192,1.23150344503731
saddle,surface_area,geodesic,64,original,0.793021256715871,0.995608187911051,0.99829860849775
saddle,surface_area,geodesic,64,stress,0.995461564582814,1.08581450752172,1.12931557848247
saddle,surface_area,geodesic,64,stress_fixed_primary,0.99546158390718,0.999976508018168,1.01839995021592
saddle,surface_area,geodesic,64,stress_fixed_uniform,0.995461576843642,0.999981561736684,1.01308703340084
saddle,surface_area,geodesic,64,stress_primary,2.58214233494486e-05,1.13481833858853,1.19171687305117
saddle,surface_area,geodesic,64,stress_uniform,1.33384716088136e-06,1.13577770282399,1.19478534945327
