surface,sampling,regime,method,comparison,k240,k480,path_rel_n240,path_rel_n480,path_rel_difference,graph_reference_n240,graph_reference_n480,graph_reference_difference,path_reference_n240,path_reference_n480,path_reference_difference,procrustes_n240,procrustes_n480,procrustes_difference,sigma2_sigma1_n240,sigma2_sigma1_n480,sigma2_sigma1_difference,sigma3_sigma2_n240,sigma3_sigma2_n480,sigma3_sigma2_difference
paraboloid,disk,geodesic,classical,fixed k=8,8,8,0.01814665374286,0.0238151027170782,0.005668448974218199,0.0586365970913563,0.0518398397748048,-0.006796757316551501,0.0744200123779925,0.0533530186328432,-0.02106699374514931,0.0720456412778753,0.0748695157499254,0.0028238744720500975,0.0588070284876791,0.0568101012283358,-0.0019969272593432993,0.70161798307802,0.676399006067918,-0.025218977010102006
paraboloid,disk,geodesic,stress,fixed k=8,8,8,0.0118223555754791,0.0239873365853171,0.012164981009837999,0.0586365970913563,0.0518398397748048,-0.006796757316551501,0.0223931705973647,0.047513612450099,0.025120441852734304,0.0824360483426374,0.0827838013513253,0.0003477530086879038,0.0681606667199313,0.0635259549854818,-0.004634711734449501,0.770130626634105,0.8552887296217,0.08515810298759496
paraboloid,disk,geodesic,stress_primary,fixed k=8,8,8,0.0048887391317293,0.0042685236262765,-0.0006202155054527998,0.0586365970913563,0.0518398397748048,-0.006796757316551501,0.0583619648814198,0.0565471624566058,-0.0018148024248140007,0.0773046769721128,0.080223896609512,0.0029192196373992035,0.0666837669872162,0.0606861374348639,-0.0059976295523523,0.720903834862288,0.809642777343184,0.08873894248089598
paraboloid,disk,geodesic,stress_fixed_primary,fixed k=8,8,8,0.0055914605617849,0.0076505012929343,0.0020590407311493995,0.0586365970913563,0.0518398397748048,-0.006796757316551501,0.0777119994985604,0.0923306009170655,0.0146186014185051,0.072280317213339,0.0744472834137737,0.002166966200434703,0.0625937526417582,0.0571151974953632,-0.005478555146395003,0.6955571871974,0.764240819977414,0.06868363278001399
paraboloid,disk,geodesic,classical,fixed k/n from k=8,8,16,0.01814665374286,0.0142831096848729,-0.0038635440579871012,0.0586365970913563,0.019364553702478,-0.039272043388878304,0.0744200123779925,0.0353224174351667,-0.0390975949428258,0.0720456412778753,0.0482352407012644,-0.0238104005766109,0.0588070284876791,0.048454221725993,-0.010352806761686102,0.70161798307802,0.791752607499066,0.09013462442104592
paraboloid,disk,geodesic,stress,fixed k/n from k=8,8,16,0.0118223555754791,0.0085469030731623,-0.003275452502316799,0.0586365970913563,0.019364553702478,-0.039272043388878304,0.0223931705973647,0.0322316348762509,0.0098384642788862,0.0824360483426374,0.045997992917051,-0.0364380554255864,0.0681606667199313,0.0487444563685905,-0.019416210351340807,0.770130626634105,0.855359725380175,0.08522909874606999
paraboloid,disk,geodesic,stress_primary,fixed k/n from k=8,8,16,0.0048887391317293,0.0067760401856068,0.0018873010538775006,0.0586365970913563,0.019364553702478,-0.039272043388878304,0.0583619648814198,0.0136533709454217,-0.0447085939359981,0.0773046769721128,0.0410551142552508,-0.03624956271686199,0.0666837669872162,0.0468584493322212,-0.019825317654995005,0.720903834862288,0.809103040938156,0.08819920607586795
paraboloid,disk,geodesic,stress_fixed_primary,fixed k/n from k=8,8,16,0.0055914605617849,0.0070880058622817,0.0014965453004967995,0.0586365970913563,0.019364553702478,-0.039272043388878304,0.0777119994985604,0.0233505391209133,-0.05436146037764711,0.072280317213339,0.0390051897636366,-0.033275127449702395,0.0625937526417582,0.0451637994798519,-0.017429953161906306,0.6955571871974,0.811327363013031,0.11577017581563098
paraboloid,disk,geodesic,classical,fixed k=64,64,64,0.0022257417698751,0.003305361562986,0.0010796197931108998,0.0001609292839193,0.0006482761893693,0.00048734690545,0.0042539923101095,0.0175239006553696,0.0132699083452601,0.0162696192077832,0.0175268779250507,0.0012572587172674995,0.0404363319149522,0.040058766711957,-0.00037756520299520036,0.86776236291868,0.959596108859987,0.091833745941307
paraboloid,disk,geodesic,stress,fixed k=64,64,64,0.0015875523309335,0.0022203540919015,0.0006328017609680001,0.0001609292839193,0.0006482761893693,0.00048734690545,0.0016803067396837,0.0037930916666156,0.0021127849269319,0.0124300472561587,0.0128154035439721,0.00038535628781339974,0.0377552837781161,0.0370683052999762,-0.0006869784781399005,0.855130365257066,0.945919295580236,0.09078893032317004
paraboloid,disk,geodesic,stress_primary,fixed k=64,64,64,0.0015527821574662,0.0023801143752929,0.0008273322178267001,0.0001609292839193,0.0006482761893693,0.00048734690545,0.0016078734243354,0.0033730108098228,0.0017651373854874,0.0122821883486567,0.0125619621387115,0.0002797737900547999,0.0376265593198802,0.0370415600463489,-0.0005849992735313045,0.846112092310736,0.93588295405544,0.08977086174470394
paraboloid,disk,geodesic,stress_fixed_primary,fixed k=64,64,64,0.0015570482881318,0.0024698602543694,0.0009128119662376,0.0001609292839193,0.0006482761893693,0.00048734690545,0.0016475350304975,0.0047662821919865,0.003118747161489,0.0123637839383062,0.0129857353482523,0.0006219514099461004,0.037668842106569,0.037296041180629,-0.0003728009259399978,0.846544971453508,0.936405696565261,0.08986072511175291
paraboloid,disk,geodesic,classical,fixed k/n from k=64,64,128,0.0022257417698751,0.0023379871673518,0.00011224539747669996,0.0001609292839193,6.8557500870891e-05,-9.237178304840899e-05,0.0042539923101095,0.0044207767688155,0.00016678445870599995,0.0162696192077832,0.0166496364532648,0.0003800172454816002,0.0404363319149522,0.0399984509305624,-0.00043788098438980044,0.86776236291868,0.949679302922478,0.08191694000379801
paraboloid,disk,geodesic,stress,fixed k/n from k=64,64,128,0.0015875523309335,0.0017179485728205,0.00013039624188699987,0.0001609292839193,6.8557500870891e-05,-9.237178304840899e-05,0.0016803067396837,0.0018373510932706,0.00015704435358690006,0.0124300472561587,0.0126952231251729,0.0002651758690142003,0.0377552837781161,0.0372582992964322,-0.0004969844816839,0.855130365257066,0.942170960541225,0.08704059528415897
paraboloid,disk,geodesic,stress_primary,fixed k/n from k=64,64,128,0.0015527821574662,0.0016680189292873,0.00011523677182109998,0.0001609292839193,6.8557500870891e-05,-9.237178304840899e-05,0.0016078734243354,0.0017221164047755,0.00011424298044009984,0.0122821883486567,0.0121297323352053,-0.00015245601345140018,0.0376265593198802,0.036903729614664,-0.0007228297052161992,0.846112092310736,0.93601584986669,0.08990375755595392
paraboloid,disk,geodesic,stress_fixed_primary,fixed k/n from k=64,64,128,0.0015570482881318,0.001670767789166,0.0001137195010342,0.0001609292839193,6.8557500870891e-05,-9.237178304840899e-05,0.0016475350304975,0.0017721828483626,0.00012464781786509995,0.0123637839383062,0.0121922404845496,-0.0001715434537565997,0.037668842106569,0.0369445495827699,-0.0007242925237990958,0.846544971453508,0.936089606049043,0.08954463459553497
paraboloid,disk,geodesic,classical,complete graph,239,479,0.0019337242847206,0.002058645862871,0.0001249215781504,0.0,0.0,0.0,0.0019337931345177,0.0020588390081411,0.00012504587362340003,0.0162032832823893,0.0166258108468924,0.0004225275645031029,0.0401827336176233,0.039979434258399,-0.00020329935922430015,0.879652428061945,0.950450018168728,0.07079759010678299
paraboloid,disk,geodesic,stress,complete graph,239,479,0.0014182589154846,0.0015518379134428,0.0001335789979582001,0.0,0.0,0.0,0.0014183192187611,0.0015520135522979,0.00013369433353679992,0.0124950334903071,0.0126940057070671,0.00019897221676000096,0.0377023876631359,0.0372527594587521,-0.00044962820438379514,0.86103034165618,0.942652229624355,0.08162188796817504
paraboloid,disk,geodesic,stress_primary,complete graph,239,479,0.0013798453998153,0.0015223892775445,0.00014254387772920005,0.0,0.0,0.0,0.0013799063669508,0.0015225651896628,0.00014265882271200002,0.0119500076230235,0.0119565871682547,6.579545231200079e-06,0.0374318814372133,0.0367941999217132,-0.000637681515500102,0.846724452612637,0.936395410505813,0.08967095789317603
paraboloid,disk,geodesic,stress_fixed_primary,complete graph,239,479,0.0013798436405036,0.0015223888066301,0.00014254516612649992,0.0,0.0,0.0,0.0013799046065497,0.0015225647156646,0.00014266010911490002,0.0119500900164757,0.0119566899440118,6.599927536101238e-06,0.0374319492321323,0.0367942895644178,-0.0006376596677145005,0.846725041756306,0.936395550118785,0.08967050836247892
paraboloid,disk,ambient,classical,fixed k=8,8,8,0.0251237338964596,0.0274970728047599,0.0023733389083002987,0.0766373391636961,0.0743914549722875,-0.002245884191408601,0.108007797135343,0.0387977911619351,-0.0692100059734079,0.0904028907084703,0.0837893969101758,-0.006613493798294498,0.0785441286972849,0.067183025356835,-0.011361103340449902,0.519179028638225,0.58942810149811,0.07024907285988502
paraboloid,disk,ambient,stress,fixed k=8,8,8,0.011794770878621,0.0169307338622279,0.0051359629836069,0.0766373391636961,0.0743914549722875,-0.002245884191408601,0.0493589775931824,0.0522177967561712,0.0028588191629888016,0.095415476530241,0.0912044669886155,-0.004211009541625496,0.0796856535548958,0.0727559376507016,-0.006929715904194209,0.664808555959643,0.739378871126721,0.0745703151670779
paraboloid,disk,ambient,stress_primary,fixed k=8,8,8,0.001973763700508,0.0045861737651906,0.0026124100646826,0.0766373391636961,0.0743914549722875,-0.002245884191408601,0.073539013402257,0.0768442633791254,0.003305249976868388,0.0938719937544716,0.0881808696722124,-0.005691124082259191,0.0795371361008974,0.0701770026783625,-0.009360133422534903,0.640805613427303,0.731930026869407,0.09112441344210398
paraboloid,disk,ambient,stress_fixed_primary,fixed k=8,8,8,0.0032404296150203,0.0066033658424475,0.0033629362274272,0.0766373391636961,0.0743914549722875,-0.002245884191408601,0.100680385926962,0.115983918969353,0.015303533042391002,0.0862177364564573,0.0837363066811986,-0.0024814297752587117,0.0737347756759753,0.0668620258453628,-0.006872749830612507,0.595192461508079,0.695709483480646,0.10051702197256696
paraboloid,disk,ambient,classical,fixed k/n from k=8,8,16,0.0251237338964596,0.0124959672613207,-0.0126277666351389,0.0766373391636961,0.0272766922790996,-0.0493606468845965,0.108007797135343,0.0237501837199192,-0.0842576134154238,0.0904028907084703,0.0520433878582362,-0.038359502850234095,0.0785441286972849,0.0424342650724856,-0.0361098636247993,0.519179028638225,0.860812290496887,0.34163326185866205
paraboloid,disk,ambient,stress,fixed k/n from k=8,8,16,0.011794770878621,0.0081439791185841,-0.0036507917600369,0.0766373391636961,0.0272766922790996,-0.0493606468845965,0.0493589775931824,0.0293713712780122,-0.019987606315170197,0.095415476530241,0.0529550918752761,-0.042460384654964906,0.0796856535548958,0.0497362604085306,-0.029949393146365202,0.664808555959643,0.714007779995362,0.04919922403571897
paraboloid,disk,ambient,stress_primary,fixed k/n from k=8,8,16,0.001973763700508,0.0063687185026894,0.004394954802181401,0.0766373391636961,0.0272766922790996,-0.0493606468845965,0.073539013402257,0.038330355285649,-0.035208658116608005,0.0938719937544716,0.0510593838098483,-0.0428126099446233,0.0795371361008974,0.0473581078851533,-0.032179028215744095,0.640805613427303,0.666614755094392,0.02580914166708903
paraboloid,disk,ambient,stress_fixed_primary,fixed k/n from k=8,8,16,0.0032404296150203,0.0072517028902831,0.0040112732752628005,0.0766373391636961,0.0272766922790996,-0.0493606468845965,0.100680385926962,0.0487167495386612,-0.0519636363883008,0.0862177364564573,0.0496664503631941,-0.036551286093263205,0.0737347756759753,0.0461396821230993,-0.027595093552876003,0.595192461508079,0.661406985341742,0.066214523833663
paraboloid,disk,ambient,classical,fixed k=64,64,64,0.002094341485914,0.0035642110196065,0.0014698695336924999,0.0032284101963768,0.0032365557461856,8.145549808800251e-06,0.0052624177937869,0.0325493981149105,0.0272869803211236,0.0089679593931846,0.0136087126867112,0.0046407532935266,0.0340877038044878,0.0367425891889621,0.0026548853844743023,0.87227815592969,0.958118678452834,0.085840522523144
paraboloid,disk,ambient,stress,fixed k=64,64,64,0.0004232368520003,0.0007822055952806,0.0003589687432803,0.0032284101963768,0.0032365557461856,8.145549808800251e-06,0.0031066611722173,0.0052919057262298,0.0021852445540124998,0.0023431262533566,0.0041821325560645,0.0018390063027078998,0.02922346092944,0.0295527482939581,0.00032928736451810076,0.875159790276235,0.950772074737657,0.07561228446142199
paraboloid,disk,ambient,stress_primary,fixed k=64,64,64,1.63751515835748e-05,0.0001407737331666,0.0001243985815830252,0.0032284101963768,0.0032365557461856,8.145549808800251e-06,0.0032283376289835,0.003242488917845,1.4151288861500265e-05,0.0003455890590895,0.0020397167765572,0.0016941277174677,0.0281299658528319,0.0280562516674249,-7.371418540699781e-05,0.877348853244321,0.947207061643195,0.06985820839887402
paraboloid,disk,ambient,stress_fixed_primary,fixed k=64,64,64,1.63142369932616e-05,0.0001398094085989,0.00012349517160563841,0.0032284101963768,0.0032365557461856,8.145549808800251e-06,0.0032283338897652,0.003242404224022,1.4070334256800331e-05,0.000344075734246,0.0020358014439884,0.0016917257097424,0.0281299896415772,0.0280556898644323,-7.429977714490041e-05,0.877340321235452,0.947206238037413,0.06986591680196097
paraboloid,disk,ambient,classical,fixed k/n from k=64,64,128,0.002094341485914,0.0021948333075488,0.00010049182163479999,0.0032284101963768,0.0033517856568065,0.00012337546042970023,0.0052624177937869,0.0054551245616892,0.00019270676790229986,0.0089679593931846,0.0091325918352513,0.00016463244206669884,0.0340877038044878,0.0339289333103121,-0.00015877049417570288,0.87227815592969,0.95114953375348,0.07887137782378995
paraboloid,disk,ambient,stress,fixed k/n from k=64,64,128,0.0004232368520003,0.0004082534920961,-1.4983359904200018e-05,0.0032284101963768,0.0033517856568065,0.00012337546042970023,0.0031066611722173,0.0032149004123669,0.00010823924014959985,0.0023431262533566,0.0021128211222886,-0.0002303051310680003,0.02922346092944,0.0289914944986474,-0.00023196643079259963,0.875159790276235,0.94958735219915,0.074427561922915
paraboloid,disk,ambient,stress_primary,fixed k/n from k=64,64,128,1.63751515835748e-05,1.31889754900833e-05,-3.186176093491498e-06,0.0032284101963768,0.0033517856568065,0.00012337546042970023,0.0032283376289835,0.0033518180306259,0.00012348040164240036,0.0003455890590895,0.0002665004529057,-7.908860618379999e-05,0.0281299658528319,0.028013038177316,-0.00011692767551589947,0.877348853244321,0.9471958556938,0.06984700244947906
paraboloid,disk,ambient,stress_fixed_primary,fixed k/n from k=64,64,128,1.63142369932616e-05,1.31529811855288e-05,-3.1612558077328004e-06,0.0032284101963768,0.0033517856568065,0.00012337546042970023,0.0032283338897652,0.0033518214453492,0.00012348755558400006,0.000344075734246,0.0002660261593605,-7.80495748855e-05,0.0281299896415772,0.0280130259995247,-0.00011696364205249915,0.877340321235452,0.947195894321216,0.06985557308576396
paraboloid,disk,ambient,classical,complete graph,239,479,1.02478113272778e-15,1.2615011510095902e-15,2.367200182818101e-16,0.0033019327916661,0.0034319578631195,0.00013002507145340025,0.0033019327916661,0.0034319578631193,0.00013002507145319989,5.53022025961555e-15,3.83207829527553e-15,-1.69814196434002e-15,0.028128262434358,0.0280082357297959,-0.00012002670456209841,0.876517398575756,0.947308572000322,0.07079117342456609
paraboloid,disk,ambient,stress,complete graph,239,479,8.70870616827639e-15,1.76437571506325e-14,8.93505098235611e-15,0.0033019327916661,0.0034319578631195,0.00013002507145340025,0.0033019327916663,0.0034319578631196,0.00013002507145330007,9.69536710355905e-15,1.84685650353046e-14,8.77319793174555e-15,0.028128262434358,0.0280082357297959,-0.00012002670456209841,0.876517398575754,0.947308572000322,0.07079117342456809
paraboloid,disk,ambient,stress_primary,complete graph,239,479,8.708340472681471e-15,1.76435316834191e-14,8.935191210737628e-15,0.0033019327916661,0.0034319578631195,0.00013002507145340025,0.0033019327916663,0.0034319578631196,0.00013002507145330007,9.69753886076919e-15,1.84688548320039e-14,8.77131597123471e-15,0.028128262434358,0.0280082357297959,-0.00012002670456209841,0.876517398575754,0.947308572000322,0.07079117342456809
paraboloid,disk,ambient,stress_fixed_primary,complete graph,239,479,8.708340472681471e-15,1.76435316834191e-14,8.935191210737628e-15,0.0033019327916661,0.0034319578631195,0.00013002507145340025,0.0033019327916663,0.0034319578631196,0.00013002507145330007,9.69753886076919e-15,1.84688548320039e-14,8.77131597123471e-15,0.028128262434358,0.0280082357297959,-0.00012002670456209841,0.876517398575754,0.947308572000322,0.07079117342456809
paraboloid,surface_area,geodesic,classical,fixed k=8,8,8,0.0256943064790883,0.0263266219262783,0.0006323154471899982,0.0474419826141005,0.0599426679901893,0.012500685376088796,0.0349763519750288,0.0519888459219926,0.017012493946963803,0.0908574106237347,0.0780181128014513,-0.012839297822283408,0.0759604009123935,0.0601038132825759,-0.015856587629817606,0.752583207711154,0.827912189858366,0.07532898214721206
paraboloid,surface_area,geodesic,stress,fixed k=8,8,8,0.0159387609243164,0.0146627753269651,-0.0012759855973513007,0.0474419826141005,0.0599426679901893,0.012500685376088796,0.0267401838927504,0.0235144988231537,-0.003225685069596699,0.0941974283579916,0.0808965629921313,-0.013300865365860295,0.0896807416739826,0.0716494813811992,-0.018031260292783402,0.587656409302768,0.767329934274719,0.179673524971951
paraboloid,surface_area,geodesic,stress_primary,fixed k=8,8,8,0.0034859218421414,0.003926563424324,0.00044064158218259973,0.0474419826141005,0.0599426679901893,0.012500685376088796,0.0475673341977446,0.0668087822443384,0.019241448046593793,0.0890995132237909,0.0744794320481398,-0.014620081175651098,0.0865188250762591,0.0664783185231639,-0.020040506553095208,0.51991795021121,0.686467566488162,0.16654961627695197
paraboloid,surface_area,geodesic,stress_fixed_primary,fixed k=8,8,8,0.0060998584927589,0.0077902117806595,0.0016903532879005995,0.0474419826141005,0.0599426679901893,0.012500685376088796,0.0625863819004021,0.0934682438647787,0.030881861964376603,0.0828634693477152,0.0703443134687379,-0.012519155878977298,0.0808919569087478,0.0625958992886466,-0.018296057620101197,0.50716292338902,0.641519927833357,0.13435700444433696
paraboloid,surface_area,geodesic,classical,fixed k/n from k=8,8,16,0.0256943064790883,0.0173532844332622,-0.0083410220458261,0.0474419826141005,0.014993181930835,-0.0324488006832655,0.0349763519750288,0.0330791707358427,-0.0018971812391860993,0.0908574106237347,0.0559874344449624,-0.0348699761787723,0.0759604009123935,0.0603790159885808,-0.015581384923812704,0.752583207711154,0.709343028831676,-0.04324017887947795
paraboloid,surface_area,geodesic,stress,fixed k/n from k=8,8,16,0.0159387609243164,0.0104546736888372,-0.005484087235479201,0.0474419826141005,0.014993181930835,-0.0324488006832655,0.0267401838927504,0.0396441819422451,0.012903998049494703,0.0941974283579916,0.0499678225990428,-0.0442296057589488,0.0896807416739826,0.061517825187673,-0.0281629164863096,0.587656409302768,0.73607624511136,0.14841983580859208
paraboloid,surface_area,geodesic,stress_primary,fixed k/n from k=8,8,16,0.0034859218421414,0.003616773414062,0.00013085157192060026,0.0474419826141005,0.014993181930835,-0.0324488006832655,0.0475673341977446,0.0103659749544061,-0.037201359243338505,0.0890995132237909,0.0461768679989465,-0.042922645224844395,0.0865188250762591,0.0563456310613337,-0.0301731940149254,0.51991795021121,0.68786027074079,0.16794232052958002
paraboloid,surface_area,geodesic,stress_fixed_primary,fixed k/n from k=8,8,16,0.0060998584927589,0.0035625190535137,-0.0025373394392452,0.0474419826141005,0.014993181930835,-0.0324488006832655,0.0625863819004021,0.0117164249704315,-0.050869956929970594,0.0828634693477152,0.0443547304866684,-0.0385087388610468,0.0808919569087478,0.0550709713297522,-0.0258209855789956,0.50716292338902,0.695728534909646,0.188565611520626
paraboloid,surface_area,geodesic,classical,fixed k=64,64,64,0.0031729736613339,0.0049323177971535,0.0017593441358195998,0.0002402490081477,0.0009888292833665,0.0007485802752188,0.0049385434383191,0.0148832085465464,0.0099446651082273,0.0193563600605225,0.0207840048161324,0.0014276447556098998,0.0486195890517051,0.0478055807870356,-0.0008140082646695065,0.875303774947591,0.982061807649906,0.10675803270231499
paraboloid,surface_area,geodesic,stress,fixed k=64,64,64,0.0022684504313912,0.0032937191274675,0.0010252686960763,0.0002402490081477,0.0009888292833665,0.0007485802752188,0.0023117583343343,0.0038886078204588,0.0015768494861245,0.0146715860513903,0.0152442363575735,0.0005726503061831995,0.0453417003654312,0.0445883416405591,-0.0007533587248720955,0.861996611246533,0.957499974708445,0.0955033634619119
paraboloid,surface_area,geodesic,stress_primary,fixed k=64,64,64,0.0022343224077903,0.004117578114127,0.0018832557063366995,0.0002402490081477,0.0009888292833665,0.0007485802752188,0.0023306270201549,0.0059381785965039,0.003607551576349,0.0148138132665777,0.0154363173181377,0.0006225040515600005,0.0453433276036206,0.0447738481317589,-0.0005694794718617002,0.857162784708873,0.946283587499464,0.08912080279059098
paraboloid,surface_area,geodesic,stress_fixed_primary,fixed k=64,64,64,0.0022467904394154,0.0046755246462662,0.0024287342068507996,0.0002402490081477,0.0009888292833665,0.0007485802752188,0.002421034088437,0.0089747284219826,0.0065536943335456,0.0149713088817535,0.0163143539501497,0.0013430450683961995,0.0454163423515529,0.0452206019737277,-0.00019574037782520148,0.858047981242687,0.946405088383539,0.08835710714085199
paraboloid,surface_area,geodesic,classical,fixed k/n from k=64,64,128,0.0031729736613339,0.0033416742879858,0.0001687006266519,0.0002402490081477,9.88147497557036e-05,-0.0001414342583919964,0.0049385434383191,0.0049825304323717,4.398699405259998e-05,0.0193563600605225,0.019870936875591,0.0005145768150685015,0.0486195890517051,0.048282508627665,-0.00033708042404010513,0.875303774947591,0.957015569606922,0.08171179465933098
paraboloid,surface_area,geodesic,stress,fixed k/n from k=64,64,128,0.0022684504313912,0.0024530628795151,0.00018461244812389976,0.0002402490081477,9.88147497557036e-05,-0.0001414342583919964,0.0023117583343343,0.0024842935782682,0.00017253524393390013,0.0146715860513903,0.0150869364947906,0.0004153504434002992,0.0453417003654312,0.0449525736305545,-0.00038912673487669774,0.861996611246533,0.949410277183098,0.08741366593656497
paraboloid,surface_area,geodesic,stress_primary,fixed k/n from k=64,64,128,0.0022343224077903,0.0023972338223069,0.00016291141451659982,0.0002402490081477,9.88147497557036e-05,-0.0001414342583919964,0.0023306270201549,0.0025037612518241,0.00017313423166920002,0.0148138132665777,0.0147059034777928,-0.00010790978878490003,0.0453433276036206,0.0447104543585555,-0.0006328732450650992,0.857162784708873,0.944841695742179,0.08767891103330605
paraboloid,surface_area,geodesic,stress_fixed_primary,fixed k/n from k=64,64,128,0.0022467904394154,0.0024114240527888,0.00016463361337339978,0.0002402490081477,9.88147497557036e-05,-0.0001414342583919964,0.002421034088437,0.0026330214848547,0.00021198739641769973,0.0149713088817535,0.0148234434328148,-0.0001478654489386992,0.0454163423515529,0.0447856194231293,-0.0006307229284236021,0.858047981242687,0.944876971606225,0.08682899036353797
paraboloid,surface_area,geodesic,classical,complete graph,239,479,0.0026031460189018,0.0027895409913316,0.00018639497242979976,0.0,0.0,0.0,0.0026032307306345,0.0027897618922917,0.00018653116165719998,0.0192730246670994,0.0198776341149467,0.0006046094478472999,0.0482972124228055,0.04826943606353,-2.777635927549843e-05,0.887925412534097,0.958321454904559,0.07039604237046204
paraboloid,surface_area,geodesic,stress,complete graph,239,479,0.0019608759037895,0.0021454772215791,0.0001846013177895997,0.0,0.0,0.0,0.0019609473406366,0.0021456694563312,0.00018472211569460018,0.0147961946534213,0.0150963935874262,0.00030019893400489925,0.0452986719893146,0.0449479724311647,-0.0003506995581499042,0.868340738419314,0.950073484807802,0.08173274638848793
paraboloid,surface_area,geodesic,stress_primary,complete graph,239,479,0.001933337128347,0.0021258034147337,0.00019246628638670002,0.0,0.0,0.0,0.0019334091440685,0.002125995433304,0.00019258628923550015,0.0143221498768657,0.0144450136130841,0.0001228637362184013,0.0450844640594418,0.0445506650116663,-0.0005337990477755003,0.857023472188526,0.94542241725912,0.08839894507059398
paraboloid,surface_area,geodesic,stress_fixed_primary,complete graph,239,479,0.0019333402366281,0.0021258125808158,0.0001924723441877,0.0,0.0,0.0,0.0019334122522828,0.0021260045987046,0.0001925923464218002,0.0143222705049873,0.014445187473539,0.0001229169685516996,0.0450845803276459,0.0445508155403537,-0.0005337647872922027,0.857023001957307,0.945421811947179,0.08839880998987204
paraboloid,surface_area,ambient,classical,fixed k=8,8,8,0.0198751619888622,0.0267160927673731,0.0068409307785109,0.0941007436578114,0.0670231910518452,-0.0270775526059662,0.100407713383416,0.0340061560981179,-0.0664015572852981,0.0778579504350823,0.0817959043441802,0.003937953909097902,0.0634300335623968,0.0708208931435181,0.00739085958112129,0.652295986328832,0.625354344154791,-0.026941642174041047
paraboloid,surface_area,ambient,stress,fixed k=8,8,8,0.0138032152431696,0.0166470102251616,0.002843794981992002,0.0941007436578114,0.0670231910518452,-0.0270775526059662,0.0511380580233383,0.0305281670291974,-0.020609890994140897,0.0847447591270051,0.0861966799366381,0.001451920809632995,0.0708767203263313,0.0816494907194262,0.010772770393094905,0.730607556610021,0.586051712460489,-0.14455584414953193
paraboloid,surface_area,ambient,stress_primary,fixed k=8,8,8,0.0037023507564701,0.0039090767697903,0.00020672601332019994,0.0941007436578114,0.0670231910518452,-0.0270775526059662,0.0965048003266333,0.0703051287431909,-0.0261996715834424,0.0798930096163921,0.081974853381812,0.002081843765419894,0.0686540884952199,0.0783163021866076,0.0096622136913877,0.701835254563792,0.495143324474197,-0.20669193008959502
paraboloid,surface_area,ambient,stress_fixed_primary,fixed k=8,8,8,0.0032280887617757,0.0076275324143202,0.0043994436525445005,0.0941007436578114,0.0670231910518452,-0.0270775526059662,0.114671070553497,0.10194119314658,-0.012729877406917,0.0742775418463491,0.0789153531705894,0.004637811324240293,0.0645666608221034,0.074125253103528,0.009558592281424597,0.653521620267508,0.45271962406519,-0.20080199620231803
paraboloid,surface_area,ambient,classical,fixed k/n from k=8,8,16,0.0198751619888622,0.0162905161947717,-0.003584645794090499,0.0941007436578114,0.026268227890115,-0.0678325157676964,0.100407713383416,0.0246109658897265,-0.0757967474936895,0.0778579504350823,0.0635953952832535,-0.014262555151828796,0.0634300335623968,0.0587363935072814,-0.004693640055115404,0.652295986328832,0.739512245580653,0.08721625925182097
paraboloid,surface_area,ambient,stress,fixed k/n from k=8,8,16,0.0138032152431696,0.0091041017863493,-0.0046991134568203,0.0941007436578114,0.026268227890115,-0.0678325157676964,0.0511380580233383,0.0327814591016808,-0.018356598921657495,0.0847447591270051,0.0637299757115837,-0.0210147834154214,0.0708767203263313,0.0645540867996614,-0.006322633526669896,0.730607556610021,0.765454066732271,0.03484651012225004
paraboloid,surface_area,ambient,stress_primary,fixed k/n from k=8,8,16,0.0037023507564701,0.0067436867551683,0.0030413359986981997,0.0941007436578114,0.026268227890115,-0.0678325157676964,0.0965048003266333,0.027905267585164,-0.06859953274146931,0.0798930096163921,0.0599113405970524,-0.019981669019339704,0.0686540884952199,0.061126695522637,-0.007527392972582897,0.701835254563792,0.711410468105546,0.009575213541753946
paraboloid,surface_area,ambient,stress_fixed_primary,fixed k/n from k=8,8,16,0.0032280887617757,0.006524039186874,0.0032959504250983005,0.0941007436578114,0.026268227890115,-0.0678325157676964,0.114671070553497,0.0344943413764223,-0.08017672917707469,0.0742775418463491,0.0576013912335511,-0.016676150612798007,0.0645666608221034,0.0594472723260741,-0.0051193884960292965,0.653521620267508,0.705588697579558,0.05206707731204996
paraboloid,surface_area,ambient,classical,fixed k=64,64,64,0.0027937759392227,0.0050204102591032,0.0022266343198805,0.004398359147476,0.0043586929014418,-3.966624603420066e-05,0.006320481215223,0.029023427897631,0.022702946682408,0.0105546991741517,0.0162145359197339,0.005659836745582198,0.0413037973877873,0.0441840263205277,0.0028802289327404043,0.879412707077148,0.975278792583211,0.09586608550606301
paraboloid,surface_area,ambient,stress,fixed k=64,64,64,0.0005230393791662,0.0012218215185126,0.0006987821393464,0.004398359147476,0.0043586929014418,-3.966624603420066e-05,0.0042265327647926,0.0052546939906874,0.0010281612258948,0.0024821078666597,0.0051137901527734,0.0026316822861136998,0.0350803231739523,0.0358100745806298,0.0007297514066774979,0.881992336551654,0.959944570889184,0.07795223433752996
paraboloid,surface_area,ambient,stress_primary,fixed k=64,64,64,2.99221336026844e-05,0.0001809166166552,0.0001509944830525156,0.004398359147476,0.0043586929014418,-3.966624603420066e-05,0.0043983231674253,0.0043729687993101,-2.5354368115199782e-05,0.000508925803274,0.0026991641171031,0.0021902383138291005,0.0339518615502589,0.0340212003852764,6.933883501750171e-05,0.886237408728886,0.954030188685209,0.06779277995632293
paraboloid,surface_area,ambient,stress_fixed_primary,fixed k=64,64,64,2.94067915336896e-05,0.0001824506147695,0.0001530438232358104,0.004398359147476,0.0043586929014418,-3.966624603420066e-05,0.0043983121825199,0.0043729911124415,-2.5321070078399704e-05,0.0005020042904337,0.0027107754267885,0.0022087711363548,0.0339517454470866,0.0340217963724575,7.005092537090002e-05,0.886218903726968,0.954022050382778,0.06780314665581
paraboloid,surface_area,ambient,classical,fixed k/n from k=64,64,128,0.0027937759392227,0.0029286479076954,0.0001348719684727,0.004398359147476,0.0045964372887333,0.0001980781412573001,0.006320481215223,0.0062419562867154,-7.852492850760062e-05,0.0105546991741517,0.0106864882612677,0.00013178908711599865,0.0413037973877873,0.0412474823113177,-5.631507646959577e-05,0.879412707077148,0.955700123580299,0.07628741650315096
paraboloid,surface_area,ambient,stress,fixed k/n from k=64,64,128,0.0005230393791662,0.0004917500902697,-3.128928889649992e-05,0.004398359147476,0.0045964372887333,0.0001980781412573001,0.0042265327647926,0.0044041276351803,0.00017759487038769995,0.0024821078666597,0.0021651293342382,-0.0003169785324215,0.0350803231739523,0.0349399525748468,-0.0001403705991055021,0.881992336551654,0.956039210540197,0.07404687398854304
paraboloid,surface_area,ambient,stress_primary,fixed k/n from k=64,64,128,2.99221336026844e-05,1.49361257901245e-05,-1.49860078125599e-05,0.004398359147476,0.0045964372887333,0.0001980781412573001,0.0043983231674253,0.0045964721004507,0.00019814893302539955,0.000508925803274,0.0002707405632178,-0.00023818524005619999,0.0339518615502589,0.0339618624124425,1.0000862183598414e-05,0.886237408728886,0.955487417354068,0.06925000862518194
paraboloid,surface_area,ambient,stress_fixed_primary,fixed k/n from k=64,64,128,2.94067915336896e-05,1.49322206942063e-05,-1.4474570839483302e-05,0.004398359147476,0.0045964372887333,0.0001980781412573001,0.0043983121825199,0.0045964671587037,0.00019815497618380033,0.0005020042904337,0.0002707640356767,-0.00023124025475700002,0.0339517454470866,0.0339618611412615,1.0115694174896162e-05,0.886218903726968,0.955487719621195,0.06926881589422706
paraboloid,surface_area,ambient,classical,complete graph,239,479,6.61772451952866e-16,8.36417510768872e-16,1.7464505881600605e-16,0.0045399573225404,0.0047485621419382,0.00020860481939780073,0.0045399573225404,0.0047485621419382,0.00020860481939780073,3.3706488577966703e-15,4.08577951342527e-15,7.151306556286e-16,0.0339489238437707,0.0339573389033452,8.415059574502781e-06,0.885353951876764,0.95558718450746,0.07023323263069603
paraboloid,surface_area,ambient,stress,complete graph,239,479,8.49335781984227e-15,1.7410864178488502e-14,8.917506358646232e-15,0.0045399573225404,0.0047485621419382,0.00020860481939780073,0.0045399573225405,0.0047485621419385,0.00020860481939799936,9.847253197605641e-15,1.8060121213241902e-14,8.212868015636261e-15,0.0339489238437707,0.0339573389033452,8.415059574502781e-06,0.885353951876762,0.95558718450746,0.07023323263069803
paraboloid,surface_area,ambient,stress_primary,complete graph,239,479,8.493314117658771e-15,1.74107508053704e-14,8.917436687711629e-15,0.0045399573225404,0.0047485621419382,0.00020860481939780073,0.0045399573225405,0.0047485621419385,0.00020860481939799936,9.84762826077701e-15,1.80597224264921e-14,8.212094165715091e-15,0.0339489238437707,0.0339573389033452,8.415059574502781e-06,0.885353951876762,0.95558718450746,0.07023323263069803
paraboloid,surface_area,ambient,stress_fixed_primary,complete graph,239,479,8.493314117658771e-15,1.74107508053704e-14,8.917436687711629e-15,0.0045399573225404,0.0047485621419382,0.00020860481939780073,0.0045399573225405,0.0047485621419385,0.00020860481939799936,9.84762826077701e-15,1.80597224264921e-14,8.212094165715091e-15,0.0339489238437707,0.0339573389033452,8.415059574502781e-06,0.885353951876762,0.95558718450746,0.07023323263069803
saddle,disk,geodesic,classical,fixed k=8,8,8,0.0202833182900271,0.0121919331924058,-0.008091385097621301,0.0026639224037119,0.0105970262521277,0.0079331038484158,0.0202706513843604,0.0272057557700283,0.006935104385667901,0.806303240872052,0.804039205837641,-0.0022640350344109716,0.917237706894207,0.946449992990435,0.029212286096227946,0.910387373173464,0.960440999356888,0.050053626183424016
saddle,disk,geodesic,stress,fixed k=8,8,8,0.0205947156943526,0.0202861055249071,-0.0003086101694455001,0.0026639224037119,0.0105970262521277,0.0079331038484158,0.0704511655299447,0.101778546748619,0.0313273812186743,0.806367610799669,0.804055336706699,-0.002312274092969968,0.9104405377642,0.943179234233341,0.03273869646914107,0.899899337675321,0.956010716235362,0.056111378560041
saddle,disk,geodesic,stress_primary,fixed k=8,8,8,0.0010857665667042,0.0022407358168143,0.0011549692501101,0.0026639224037119,0.0105970262521277,0.0079331038484158,0.0039515719241188,0.0147580262674039,0.0108064543432851,0.806426978038226,0.80400113135745,-0.002425846680776056,0.906167300880831,0.942491028645072,0.036323727764240976,0.895610186086978,0.956257564219184,0.060647378132206
saddle,disk,geodesic,stress_fixed_primary,fixed k=8,8,8,0.0030005356435089,0.0215331931302356,0.018532657486726698,0.0026639224037119,0.0105970262521277,0.0079331038484158,0.0107381527081924,0.0841474571050885,0.07340930439689611,0.806700983373159,0.803948500119094,-0.0027524832540649635,0.901687491043161,0.933771763087334,0.03208427204417297,0.890942333810639,0.954621786533711,0.06367945272307196
saddle,disk,geodesic,classical,fixed k/n from k=8,8,16,0.0202833182900271,0.0123040336043377,-0.0079792846856894,0.0026639224037119,0.001220385873544,-0.0014435365301678999,0.0202706513843604,0.0124939797230311,-0.0077766716613292975,0.806303240872052,0.804140975627659,-0.0021622652443930024,0.917237706894207,0.946390256303097,0.029152549408890005,0.910387373173464,0.962238771787053,0.051851398613589006
saddle,disk,geodesic,stress,fixed k/n from k=8,8,16,0.0205947156943526,0.0199171547293486,-0.000677560965004001,0.0026639224037119,0.001220385873544,-0.0014435365301678999,0.0704511655299447,0.0739969857095326,0.003545820179587905,0.806367610799669,0.804142772040286,-0.002224838759383063,0.9104405377642,0.94317283875016,0.03273230098596003,0.899899337675321,0.957878869007673,0.05797953133235201
saddle,disk,geodesic,stress_primary,fixed k/n from k=8,8,16,0.0010857665667042,0.0006896365679574,-0.00039612999874680005,0.0026639224037119,0.001220385873544,-0.0014435365301678999,0.0039515719241188,0.0014465849597025,-0.0025049869644162997,0.806426978038226,0.804039347665266,-0.002387630372960081,0.906167300880831,0.938825592026435,0.032658291145604035,0.895610186086978,0.957673639860362,0.06206345377338407
saddle,disk,geodesic,stress_fixed_primary,fixed k/n from k=8,8,16,0.0030005356435089,0.0036109921283175,0.0006104564848085996,0.0026639224037119,0.001220385873544,-0.0014435365301678999,0.0107381527081924,0.0102739556169621,-0.0004641970912302989,0.806700983373159,0.804038475264238,-0.002662508108920991,0.901687491043161,0.936254509680471,0.03456701863730993,0.890942333810639,0.956633751488246,0.065691417677607
saddle,disk,geodesic,classical,fixed k=64,64,64,0.0240578676676882,0.012669796660914,-0.0113880710067742,7.94995627964176e-06,2.76188186895765e-05,1.966886240993474e-05,0.025425019594113,0.0140765483058762,-0.011348471288236798,0.806299374119938,0.804140309204842,-0.0021590649150959873,0.917457406221362,0.94686889447324,0.029411488251878004,0.910340206999289,0.962146583674979,0.05180637667568999
saddle,disk,geodesic,stress,fixed k=64,64,64,0.018789658305136,0.0179691831022958,-0.0008204752028402006,7.94995627964176e-06,2.76188186895765e-05,1.966886240993474e-05,0.0194354002594548,0.0399459352420958,0.020510534982640997,0.806355257413732,0.804137581660556,-0.002217675753175996,0.910648041088031,0.943670188837406,0.033022147749375064,0.899732345220527,0.957757590921155,0.05802524570062795
saddle,disk,geodesic,stress_primary,fixed k=64,64,64,0.0084337164800745,0.0047417263699935,-0.003691990110081,7.94995627964176e-06,2.76188186895765e-05,1.966886240993474e-05,0.0085860113431763,0.0050072444189628,-0.003578766924213499,0.805643011192004,0.803906811662152,-0.001736199529851934,0.900365957074149,0.940103288957781,0.03973733188363193,0.880538579191608,0.958708192598427,0.07816961340681894
saddle,disk,geodesic,stress_fixed_primary,fixed k=64,64,64,0.0084257736899401,0.0048067599054134,-0.0036190137845267005,7.94995627964176e-06,2.76188186895765e-05,1.966886240993474e-05,0.0085818798915282,0.0050892406048942,-0.003492639286634001,0.805761442202831,0.803907698295686,-0.001853743907144989,0.89991746743385,0.937681186455868,0.037763719022017916,0.880450511847879,0.957575000489126,0.07712448864124699
saddle,disk,geodesic,classical,fixed k/n from k=64,64,128,0.0240578676676882,0.0177555788121709,-0.006302288855517299,7.94995627964176e-06,4.94563115772879e-06,-3.0043251219129695e-06,0.025425019594113,0.0203327508862777,-0.005092268707835298,0.806299374119938,0.804144199333618,-0.002155174786319991,0.917457406221362,0.946845334450747,0.029387928229385074,0.910340206999289,0.962171797697047,0.051831590697758
saddle,disk,geodesic,stress,fixed k/n from k=64,64,128,0.018789658305136,0.0175375459138364,-0.0012521123912996,7.94995627964176e-06,4.94563115772879e-06,-3.0043251219129695e-06,0.0194354002594548,0.018022982616657,-0.0014124176427978002,0.806355257413732,0.804141726339355,-0.002213531074377051,0.910648041088031,0.943645238085162,0.032997196997130995,0.899732345220527,0.957783706326625,0.05805136110609799
saddle,disk,geodesic,stress_primary,fixed k/n from k=64,64,128,0.0084337164800745,0.0091119910015601,0.0006782745214856008,7.94995627964176e-06,4.94563115772879e-06,-3.0043251219129695e-06,0.0085860113431763,0.0094617632522955,0.0008757519091192011,0.805643011192004,0.804074202168587,-0.0015688090234169394,0.900365957074149,0.941688929899635,0.041322972825486026,0.880538579191608,0.954064497201162,0.07352591800955399
saddle,disk,geodesic,stress_fixed_primary,fixed k/n from k=64,64,128,0.0084257736899401,0.0091096225681295,0.0006838488781893987,7.94995627964176e-06,4.94563115772879e-06,-3.0043251219129695e-06,0.0085818798915282,0.0094668593675114,0.0008849794759832,0.805761442202831,0.804402420610506,-0.0013590215923249271,0.89991746743385,0.941221650001838,0.04130418256798796,0.880450511847879,0.95470117755998,0.07425066571210093
saddle,disk,geodesic,classical,complete graph,239,479,0.0708804603933376,0.0701859324990724,-0.0006945278942652039,1.81488263213939e-10,3.38449130165309e-10,1.5696086695137e-10,0.0724989682002213,0.0740422345924117,0.0015432663921904066,0.806300281067595,0.804144565182274,-0.002155715885321041,0.9174540542124,0.946843737422814,0.02938968321041402,0.910342204169015,0.962172461327501,0.05183025715848599
saddle,disk,geodesic,stress,complete graph,239,479,0.0664671327039175,0.0660452821434217,-0.00042185056049580394,1.81488263213939e-10,3.38449130165309e-10,1.5696086695137e-10,0.0680402714162608,0.0698772605071676,0.0018369890909067932,0.806356211269858,0.804142096340462,-0.0022141149293960494,0.910644424456078,0.943643678917574,0.032999254461495986,0.89973421242299,0.957784114545533,0.05804990212254302
saddle,disk,geodesic,stress_primary,complete graph,239,479,0.0669875907030201,0.066376040405665,-0.0006115502973551012,1.81488263213939e-10,3.38449130165309e-10,1.5696086695137e-10,0.0685596281161373,0.0702029525019421,0.0016433243858047925,0.806363062905192,0.804139091209466,-0.002223971695725968,0.90976966599932,0.944826660588124,0.03505699458880407,0.898815223890272,0.958278970988379,0.05946374709810698
saddle,disk,geodesic,stress_fixed_primary,complete graph,239,479,0.0664670566446044,0.0660438347638037,-0.00042322188080069767,1.81488263213939e-10,3.38449130165309e-10,1.5696086695137e-10,0.0680401895519795,0.0698758359111406,0.0018356463591611,0.806334914475047,0.804116452031204,-0.00221846244384305,0.910851082812768,0.943891997093198,0.03304091428042999,0.899717371252356,0.958047509232012,0.05833013797965603
saddle,disk,ambient,classical,fixed k=8,8,8,0.0183959526233321,0.029350485932301,0.010954533308968898,0.367229033533551,0.366733209795887,-0.0004958237376639918,0.36719406996352,0.371188073315024,0.003994003351504016,0.0630440723249412,0.0772006429910898,0.014156570666148588,0.0489863223956218,0.0601761866830886,0.011189864287466801,0.601626839818793,0.752591931374272,0.1509650915554791
saddle,disk,ambient,stress,fixed k=8,8,8,0.0054208726227304,0.0108629115657782,0.005442038943047799,0.367229033533551,0.366733209795887,-0.0004958237376639918,0.367023162888799,0.36764444833165,0.0006212854428510051,0.0661125972703621,0.0778104583906357,0.0116978611202736,0.0478472424233255,0.0539740713435784,0.0061268289202529025,0.782822330111116,0.976344113158653,0.19352178304753698
saddle,disk,ambient,stress_primary,fixed k=8,8,8,0.001852476096898,0.0030909143475018,0.0012384382506038,0.367229033533551,0.366733209795887,-0.0004958237376639918,0.367475935888363,0.367178169133073,-0.00029776675529002983,0.065429848604813,0.0755243010348117,0.010094452429998693,0.0474177947089012,0.0529111721375378,0.005493377428636599,0.800122216250505,0.961353273522359,0.16123105727185405
saddle,disk,ambient,stress_fixed_primary,fixed k=8,8,8,0.005257148103991,0.0082155097843791,0.002958361680388099,0.367229033533551,0.366733209795887,-0.0004958237376639918,0.368082445923717,0.369890285715307,0.0018078397915899935,0.0635940269499248,0.0719787115185268,0.008384684568602002,0.0459779880936722,0.0499963717762797,0.004018383682607499,0.79043709252819,0.939356317836227,0.14891922530803692
saddle,disk,ambient,classical,fixed k/n from k=8,8,16,0.0183959526233321,0.0137057866372514,-0.004690165986080701,0.367229033533551,0.36839339924298,0.0011643657094289606,0.36719406996352,0.387127956568924,0.019933886605404016,0.0630440723249412,0.0457055632293883,-0.017338509095552908,0.0489863223956218,0.0424063294727935,-0.0065799929228283,0.601626839818793,0.895265890304181,0.2936390504853881
saddle,disk,ambient,stress,fixed k/n from k=8,8,16,0.0054208726227304,0.0039858893774187,-0.0014349832453117006,0.367229033533551,0.36839339924298,0.0011643657094289606,0.367023162888799,0.371282893994031,0.004259731105232034,0.0661125972703621,0.0414085340143042,-0.024704063256057902,0.0478472424233255,0.0374106007913719,-0.010436641631953597,0.782822330111116,0.837888257439037,0.05506592732792104
saddle,disk,ambient,stress_primary,fixed k/n from k=8,8,16,0.001852476096898,0.0033752415597667,0.0015227654628687001,0.367229033533551,0.36839339924298,0.0011643657094289606,0.367475935888363,0.368179881841122,0.0007039459527589664,0.065429848604813,0.0409344456529208,-0.024495402951892203,0.0474177947089012,0.0358049173078229,-0.011612877401078303,0.800122216250505,0.784457536369319,-0.015664679881185917
saddle,disk,ambient,stress_fixed_primary,fixed k/n from k=8,8,16,0.005257148103991,0.0037678696556212,-0.0014892784483698002,0.367229033533551,0.36839339924298,0.0011643657094289606,0.368082445923717,0.368111507304988,2.9061381270956144e-05,0.0635940269499248,0.0406650497629466,-0.0229289771869782,0.0459779880936722,0.0355451743997419,-0.010432813693930301,0.79043709252819,0.780873708658194,-0.009563383869996
saddle,disk,ambient,classical,fixed k=64,64,64,0.0007886301666617,0.0021702766194225,0.0013816464527608,0.37013643467758,0.370202172220824,6.573754324401548e-05,0.370031458581078,0.370138453104628,0.00010699452355000805,0.0043735371350633,0.0104713079639165,0.006097770828853199,0.0216664881413654,0.0238265885948434,0.002160100453478,0.862361468255613,0.972357847486403,0.10999637923078998
saddle,disk,ambient,stress,fixed k=64,64,64,0.0003680650085247,0.0005545706979018,0.00018650568937710006,0.37013643467758,0.370202172220824,6.573754324401548e-05,0.370067954247395,0.370084188546409,1.62342990139841e-05,0.0029135225862871,0.0055574191006044,0.0026438965143173,0.0208088498135091,0.0201627921963864,-0.0006460576171227021,0.863727056922416,0.970654956954714,0.10692790003229802
saddle,disk,ambient,stress_primary,fixed k=64,64,64,1.864420376312e-05,4.06402792009665e-05,2.1996075437846502e-05,0.37013643467758,0.370202172220824,6.573754324401548e-05,0.370136240801565,0.370200275049995,6.40342484299894e-05,0.0006485135725532,0.0021514508082141,0.0015029372356608998,0.019908544294657,0.0187922803626437,-0.0011162639320132992,0.868502551496119,0.976703412685708,0.10820086118958905
saddle,disk,ambient,stress_fixed_primary,fixed k=64,64,64,1.86451391804786e-05,4.06733990560694e-05,2.20282598755908e-05,0.37013643467758,0.370202172220824,6.573754324401548e-05,0.370136240848474,0.370200174512425,6.393366395096578e-05,0.0006485262153798,0.0021515925168655,0.0015030663014857,0.019908496181406,0.018791824763255,-0.0011166714181509996,0.868503207922146,0.976706853079602,0.10820364515745606
saddle,disk,ambient,classical,fixed k/n from k=64,64,128,0.0007886301666617,0.0007428561795431,-4.5773987118600005e-05,0.37013643467758,0.370338032744627,0.00020159806704700411,0.370031458581078,0.370238592600861,0.00020713401978300627,0.0043735371350633,0.0040962025307286,-0.0002773346043347001,0.0216664881413654,0.0207299788803168,-0.000936509261048598,0.862361468255613,0.946016237995353,0.08365476973973995
saddle,disk,ambient,stress,fixed k/n from k=64,64,128,0.0003680650085247,0.0003687776949081,7.126863834000302e-07,0.37013643467758,0.370338032744627,0.00020159806704700411,0.370067954247395,0.370267109446305,0.00019915519890995048,0.0029135225862871,0.0027034946416972,-0.0002100279445899,0.0208088498135091,0.0199879402820563,-0.0008209095314528,0.863727056922416,0.944136684011659,0.08040962708924293
saddle,disk,ambient,stress_primary,fixed k/n from k=64,64,128,1.864420376312e-05,1.40776602865788e-05,-4.566543476541201e-06,0.37013643467758,0.370338032744627,0.00020159806704700411,0.370136240801565,0.370337982136055,0.0002017413344900243,0.0006485135725532,0.0007578624488337,0.00010934887628049998,0.019908544294657,0.0190753264118792,-0.0008332178827777995,0.868502551496119,0.942598238830695,0.07409568733457605
saddle,disk,ambient,stress_fixed_primary,fixed k/n from k=64,64,128,1.86451391804786e-05,1.40769905980524e-05,-4.5681485824262e-06,0.37013643467758,0.370338032744627,0.00020159806704700411,0.370136240848474,0.370337979883952,0.000201739035477988,0.0006485262153798,0.0007577909460414,0.00010926473066159999,0.019908496181406,0.0190752996134233,-0.0008331965679827004,0.868503207922146,0.942598329915674,0.07409512199352808
saddle,disk,ambient,classical,complete graph,239,479,1.1093262330765902e-15,7.89786106464348e-16,-3.195401266122422e-16,0.370150598962957,0.37035126413864,0.00020066517568301245,0.370150598962957,0.37035126413864,0.00020066517568301245,7.135392638760551e-15,8.85769611815317e-15,1.7223034793926195e-15,0.0198433486399831,0.0190166760760911,-0.000826672563892003,0.874119944754739,0.94699230490294,0.07287236014820098
saddle,disk,ambient,stress,complete graph,239,479,9.07329521439462e-15,1.65691799578719e-14,7.49588474347728e-15,0.370150598962957,0.37035126413864,0.00020066517568301245,0.370150598962958,0.370351264138641,0.00020066517568301245,1.03210619116705e-14,1.79650893198624e-14,7.6440274081919e-15,0.0198433486399831,0.0190166760760912,-0.0008266725638919024,0.874119944754737,0.94699230490294,0.07287236014820297
saddle,disk,ambient,stress_primary,complete graph,239,479,9.073238396657212e-15,1.65706865474421e-14,7.497448150784888e-15,0.370150598962957,0.37035126413864,0.00020066517568301245,0.370150598962958,0.370351264138641,0.00020066517568301245,1.03208602924552e-14,1.79496026258748e-14,7.628742333419599e-15,0.0198433486399831,0.0190166760760912,-0.0008266725638919024,0.874119944754738,0.946992304902939,0.07287236014820098
saddle,disk,ambient,stress_fixed_primary,complete graph,239,479,9.073238396657212e-15,1.65706865474421e-14,7.497448150784888e-15,0.370150598962957,0.37035126413864,0.00020066517568301245,0.370150598962958,0.370351264138641,0.00020066517568301245,1.03208602924552e-14,1.79496026258748e-14,7.628742333419599e-15,0.0198433486399831,0.0190166760760912,-0.0008266725638919024,0.874119944754738,0.946992304902939,0.07287236014820098
saddle,surface_area,geodesic,classical,fixed k=8,8,8,0.0163226714008937,0.0089572450290801,-0.0073654263718136,0.004028718671068,0.0095697904462287,0.005541071775160699,0.0169219489654786,0.0404651979761887,0.0235432490107101,0.806705607252947,0.805050727962935,-0.001654879290012068,0.925111447332468,0.950828814655839,0.025717367323371043,0.927275233508784,0.978317127571078,0.05104189406229398
saddle,surface_area,geodesic,stress,fixed k=8,8,8,0.018106478517612,0.0177229962398235,-0.0003834822777885015,0.004028718671068,0.0095697904462287,0.005541071775160699,0.0685231505596387,0.108266849333853,0.0397436987742143,0.80683495440213,0.80514200102999,-0.001692953372140038,0.919795561045388,0.948235882725161,0.028440321679773062,0.920416654708751,0.975907073924375,0.05549041921562403
saddle,surface_area,geodesic,stress_primary,fixed k=8,8,8,0.0019727633764893,0.0027256497074175,0.0007528863309282001,0.004028718671068,0.0095697904462287,0.005541071775160699,0.0056804977551812,0.0136477708158788,0.0079672730606976,0.806860021365693,0.805103777614136,-0.0017562437515570295,0.916717195572553,0.947318384001555,0.030601188429001946,0.917254549345858,0.975623085001827,0.058368535655969
saddle,surface_area,geodesic,stress_fixed_primary,fixed k=8,8,8,0.0055850310901725,0.0185236777607448,0.012938646670572299,0.004028718671068,0.0095697904462287,0.005541071775160699,0.0182680642627917,0.0830363123132475,0.0647682480504558,0.807264983514231,0.805078857233519,-0.0021861262807120196,0.907610723144024,0.937153143167484,0.02954242002345997,0.910591275108814,0.980596443071318,0.070005167962504
saddle,surface_area,geodesic,classical,fixed k/n from k=8,8,16,0.0163226714008937,0.0092517783476522,-0.0070708930532415,0.004028718671068,0.0017732173936253,-0.0022555012774427004,0.0169219489654786,0.0120456922516725,-0.004876256713806098,0.806705607252947,0.804911043944202,-0.0017945633087450563,0.925111447332468,0.949411649767336,0.02430020243486808,0.927275233508784,0.978122226720969,0.050846993212185
saddle,surface_area,geodesic,stress,fixed k/n from k=8,8,16,0.018106478517612,0.0175723537160821,-0.0005341248015299019,0.004028718671068,0.0017732173936253,-0.0022555012774427004,0.0685231505596387,0.071784330085142,0.0032611795255032966,0.80683495440213,0.804969522307437,-0.0018654320946930314,0.919795561045388,0.946810177954848,0.027014616909460054,0.920416654708751,0.975667836829517,0.05525118212076596
saddle,surface_area,geodesic,stress_primary,fixed k/n from k=8,8,16,0.0019727633764893,0.0022513899739521,0.00027862659746279985,0.004028718671068,0.0017732173936253,-0.0022555012774427004,0.0056804977551812,0.003825512868667,-0.0018549848865142002,0.806860021365693,0.804853725216148,-0.0020062961495450615,0.916717195572553,0.943651731126599,0.026934535554045902,0.917254549345858,0.975778261909762,0.058523712563903985
saddle,surface_area,geodesic,stress_fixed_primary,fixed k/n from k=8,8,16,0.0055850310901725,0.0040579874408941,-0.0015270436492784006,0.004028718671068,0.0017732173936253,-0.0022555012774427004,0.0182680642627917,0.014105965407079,-0.004162098855712698,0.807264983514231,0.804857279855864,-0.0024077036583670663,0.907610723144024,0.940078971472786,0.03246824832876194,0.910591275108814,0.975947489063343,0.06535621395452906
saddle,surface_area,geodesic,classical,fixed k=64,64,64,0.0250807490085079,0.011869212144868,-0.013211536863639899,6.71132003787064e-06,2.24951186305372e-05,1.5783798592666562e-05,0.0283269692353619,0.0137816674007659,-0.014545301834596,0.805975558879669,0.804142518981028,-0.0018330398986410312,0.927016226144785,0.950559552317878,0.02354332617309307,0.924693098810002,0.975395646047011,0.050702547237009066
saddle,surface_area,geodesic,stress,fixed k=64,64,64,0.0199625605019563,0.0161857848155894,-0.0037767756863669004,6.71132003787064e-06,2.24951186305372e-05,1.5783798592666562e-05,0.019961157697988,0.0410853224954598,0.021124164797471798,0.806044496931242,0.80414653554643,-0.0018979613848120191,0.921793837107773,0.948053362636032,0.026259525528259053,0.917634397635381,0.972777019882755,0.055142622247373985
saddle,surface_area,geodesic,stress_primary,fixed k=64,64,64,0.0112774221912374,0.0061307033692753,-0.0051467188219621,6.71132003787064e-06,2.24951186305372e-05,1.5783798592666562e-05,0.0114937386188172,0.0061850158523331,-0.0053087227664841,0.807508396474291,0.803809227838749,-0.003699168635541983,0.906271914140739,0.942284591823971,0.03601267768323191,0.913925444672647,0.976718636801407,0.06279319212876
saddle,surface_area,geodesic,stress_fixed_primary,fixed k=64,64,64,0.0112271513870326,0.0060554920346119,-0.0051716593524207,6.71132003787064e-06,2.24951186305372e-05,1.5783798592666562e-05,0.0114446211538171,0.0060992775672337,-0.0053453435865834,0.80777392676357,0.803731289308038,-0.0040426374555319056,0.905296339193003,0.939861160424694,0.03456482123169102,0.913640445824011,0.975533537784121,0.06189309196010995
saddle,surface_area,geodesic,classical,fixed k/n from k=64,64,128,0.0250807490085079,0.0209309405394698,-0.004149808469038098,6.71132003787064e-06,3.29059400959906e-06,-3.42072602827158e-06,0.0283269692353619,0.0253159428325138,-0.003011026402848102,0.805975558879669,0.804136498873518,-0.001839060006150972,0.927016226144785,0.950559491294819,0.02354326515003402,0.924693098810002,0.975377124225085,0.0506840254150831
saddle,surface_area,geodesic,stress,fixed k/n from k=64,64,128,0.0199625605019563,0.0188726487439158,-0.0010899117580405009,6.71132003787064e-06,3.29059400959906e-06,-3.42072602827158e-06,0.019961157697988,0.0188694315360813,-0.001091726161906701,0.806044496931242,0.804140164961311,-0.0019043319699310057,0.921793837107773,0.94805426331772,0.026260426209947063,0.917634397635381,0.972758627802451,0.05512423016707002
saddle,surface_area,geodesic,stress_primary,fixed k/n from k=64,64,128,0.0112774221912374,0.0126308566078991,0.0013534344166617005,6.71132003787064e-06,3.29059400959906e-06,-3.42072602827158e-06,0.0114937386188172,0.0131079047485724,0.0016141661297551999,0.807508396474291,0.804736718628352,-0.0027716778459389024,0.906271914140739,0.94415008818528,0.03787817404454097,0.913925444672647,0.967047881077315,0.05312243640466796
saddle,surface_area,geodesic,stress_fixed_primary,fixed k/n from k=64,64,128,0.0112271513870326,0.0125484643164638,0.0013213129294312002,6.71132003787064e-06,3.29059400959906e-06,-3.42072602827158e-06,0.0114446211538171,0.0130106385392134,0.0015660173853962994,0.80777392676357,0.804510981904736,-0.0032629448588339383,0.905296339193003,0.944127216640978,0.038830877447974976,0.913640445824011,0.968322013110754,0.054681567286743005
saddle,surface_area,geodesic,classical,complete graph,239,479,0.0669488536956056,0.0667767201420092,-0.0001721335535964097,2.63888968563229e-10,3.9450747001813006e-10,1.3061850145490104e-10,0.0685943280885248,0.0703895537026107,0.0017952256140859046,0.805973836501208,0.804135187048755,-0.001838649452453045,0.927020706845136,0.950562085343645,0.023541378498508903,0.924685861951997,0.975373736610052,0.05068787465805502
saddle,surface_area,geodesic,stress,complete graph,239,479,0.0625962906283899,0.0625045808303489,-9.170979804098978e-05,2.63888968563229e-10,3.9450747001813006e-10,1.3061850145490104e-10,0.0641835731605102,0.0660530200290778,0.0018694468685676036,0.806042620659093,0.804138776854055,-0.0019038438050380524,0.921798599724438,0.948056941053283,0.02625834132884497,0.91762662735062,0.972754956215425,0.05512832886480501
saddle,surface_area,geodesic,stress_primary,complete graph,239,479,0.063137261024707,0.0629773753976698,-0.00015988562703719844,2.63888968563229e-10,3.9450747001813006e-10,1.3061850145490104e-10,0.0647218076515373,0.0665147100826,0.0017929024310626984,0.80604927428845,0.804153359206013,-0.0018959150824369164,0.920946666334496,0.949113737721265,0.028167071386768994,0.91679566392267,0.97346902132224,0.056673357399570023
saddle,surface_area,geodesic,stress_fixed_primary,complete graph,239,479,0.0625983801917761,0.0625049682808133,-9.341191096280677e-05,2.63888968563229e-10,3.9450747001813006e-10,1.3061850145490104e-10,0.0641848155860417,0.0660523044625141,0.001867488876472409,0.806022355188906,0.804124873051912,-0.001897482136993922,0.921966367294035,0.948113947490048,0.02614758019601293,0.917740769160192,0.97308398146613,0.05534321230593797
saddle,surface_area,ambient,classical,fixed k=8,8,8,0.0176420068203774,0.0301133154887244,0.012471308668347,0.394734988018007,0.391618967084176,-0.0031160209338310096,0.394771243707347,0.400037116170082,0.005265872462734966,0.0572045522556335,0.0794222968489126,0.022217744593279097,0.0453492773610477,0.0634954023495828,0.0181461249885351,0.689099786573143,0.686269361760388,-0.0028304248127549725
saddle,surface_area,ambient,stress,fixed k=8,8,8,0.006490062023097,0.0117710925658884,0.005281030542791401,0.394734988018007,0.391618967084176,-0.0031160209338310096,0.394571497621777,0.392042704297321,-0.0025287933244559913,0.0593442942153697,0.081191024766275,0.021846730550905302,0.0442867814529319,0.0591111228281285,0.0148243413751966,0.835310518880328,0.90246441726939,0.06715389838906194
saddle,surface_area,ambient,stress_primary,fixed k=8,8,8,0.0020552455591605,0.0024574942838836,0.0004022487247231001,0.394734988018007,0.391618967084176,-0.0031160209338310096,0.39493488611697,0.391949632109175,-0.0029852540077949796,0.0591929153586256,0.079413861552906,0.0202209461942804,0.043701407276892,0.0575959271318454,0.0138945198549534,0.850624306070703,0.895636154741797,0.04501184867109398
saddle,surface_area,ambient,stress_fixed_primary,fixed k=8,8,8,0.0052107782700734,0.0065707198170257,0.0013599415469522994,0.394734988018007,0.391618967084176,-0.0031160209338310096,0.395456187041349,0.394858448377931,-0.0005977386634180015,0.0573744773984484,0.0748131613022588,0.017438683903810405,0.0420054529830346,0.0545304259676833,0.012524972984648705,0.842449586250848,0.854002747926706,0.01155316167585807
saddle,surface_area,ambient,classical,fixed k/n from k=8,8,16,0.0176420068203774,0.0161940852245193,-0.0014479215958581003,0.394734988018007,0.395253907319029,0.0005189193010219917,0.394771243707347,0.431770915983018,0.03699967227567097,0.0572045522556335,0.0447517555516316,-0.0124527967040019,0.0453492773610477,0.0415140369140542,-0.0038352404469935014,0.689099786573143,0.918702453498308,0.22960266692516507
saddle,surface_area,ambient,stress,fixed k/n from k=8,8,16,0.006490062023097,0.0048120270350747,-0.0016780349880222995,0.394734988018007,0.395253907319029,0.0005189193010219917,0.394571497621777,0.400089404623759,0.005517907001982014,0.0593442942153697,0.0398170777987548,-0.019527216416614902,0.0442867814529319,0.0389310543514555,-0.005355727101476394,0.835310518880328,0.645416617289775,-0.18989390159055308
saddle,surface_area,ambient,stress_primary,fixed k/n from k=8,8,16,0.0020552455591605,0.0035984765334525,0.001543230974292,0.394734988018007,0.395253907319029,0.0005189193010219917,0.39493488611697,0.395010209215217,7.532309824703765e-05,0.0591929153586256,0.0398900106686994,-0.019302904689926202,0.043701407276892,0.0370519839874323,-0.006649423289459701,0.850624306070703,0.569486859885556,-0.281137446185147
saddle,surface_area,ambient,stress_fixed_primary,fixed k/n from k=8,8,16,0.0052107782700734,0.0040001641093688,-0.0012106141607046003,0.394734988018007,0.395253907319029,0.0005189193010219917,0.395456187041349,0.394955421705568,-0.0005007653357809727,0.0573744773984484,0.0396222009109923,-0.0177522764874561,0.0420054529830346,0.0368104984056848,-0.005194954577349795,0.842449586250848,0.565097890978413,-0.277351695272435
saddle,surface_area,ambient,classical,fixed k=64,64,64,0.0007791157794799,0.0021359025539502,0.0013567867744702998,0.396809294352977,0.397366571893017,0.0005572775400399799,0.396671064152315,0.39758837267412,0.0009173085218049937,0.0043585882287707,0.0105346649860399,0.0061760767572691996,0.0214184728332488,0.0238976034353066,0.002479130602057799,0.87612224633367,0.992523781400494,0.11640153506682405
saddle,surface_area,ambient,stress,fixed k=64,64,64,0.0003771049307471,0.0005518279066114,0.00017472297586429994,0.396809294352977,0.397366571893017,0.0005572775400399799,0.396729445740184,0.397317455153823,0.0005880094136390124,0.0027581547118606,0.005249023220104,0.0024908685082434003,0.0203665457534366,0.019756386779894,-0.0006101589735426002,0.87559050842716,0.980341140916648,0.10475063248948802
saddle,surface_area,ambient,stress_primary,fixed k=64,64,64,1.75539689634182e-05,7.38269765194728e-05,5.62730075560546e-05,0.396809294352977,0.397366571893017,0.0005572775400399799,0.396809312873609,0.397365483040922,0.0005561701673130193,0.000790810003807,0.003410191541734,0.002619381537927,0.0192849149314007,0.0185371967663594,-0.0007477181650413015,0.877409005983563,0.961031439755419,0.08362243377185608
saddle,surface_area,ambient,stress_fixed_primary,fixed k=64,64,64,1.75733046978683e-05,7.3711256055059e-05,5.613795135719071e-05,0.396809294352977,0.397366571893017,0.0005572775400399799,0.396809315530949,0.397365495093587,0.0005561795626379817,0.0007909740562389,0.0034072279867141,0.0026162539304751997,0.0192849163642395,0.0185361413093847,-0.0007487750548547979,0.877404985198048,0.96106533768835,0.08366035249030201
saddle,surface_area,ambient,classical,fixed k/n from k=64,64,128,0.0007791157794799,0.0007346160750901,-4.4499704389799996e-05,0.396809294352977,0.397545695391357,0.0007364010383799635,0.396671064152315,0.397426050892002,0.0007549867396869914,0.0043585882287707,0.0040902206112316,-0.0002683676175391,0.0214184728332488,0.0203057186749274,-0.0011127541583214016,0.87612224633367,0.95550105152885,0.07937880519518004
saddle,surface_area,ambient,stress,fixed k/n from k=64,64,128,0.0003771049307471,0.000379765231857,2.6603011099000126e-06,0.396809294352977,0.397545695391357,0.0007364010383799635,0.396729445740184,0.397468096137713,0.0007386503975290171,0.0027581547118606,0.0025642372246976,-0.0001939174871630001,0.0203665457534366,0.0194200663599807,-0.0009464793934558999,0.87559050842716,0.954913372225038,0.07932286379787801
saddle,surface_area,ambient,stress_primary,fixed k/n from k=64,64,128,1.75539689634182e-05,1.3918233777949e-05,-3.6357351854691993e-06,0.396809294352977,0.397545695391357,0.0007364010383799635,0.396809312873609,0.397545738604174,0.0007364257305650379,0.000790810003807,0.0007010002509628,-8.98097528442e-05,0.0192849149314007,0.0184301388703367,-0.0008547760610639991,0.877409005983563,0.951880012335855,0.07447100635229198
saddle,surface_area,ambient,stress_fixed_primary,fixed k/n from k=64,64,128,1.75733046978683e-05,1.41365532678777e-05,-3.4367514299906022e-06,0.396809294352977,0.397545695391357,0.0007364010383799635,0.396809315530949,0.397545746175347,0.0007364306443979896,0.0007909740562389,0.0007046229266293,-8.635112960959999e-05,0.0192849163642395,0.0184306017908259,-0.0008543145734135997,0.877404985198048,0.951851821974142,0.07444683677609398
saddle,surface_area,ambient,classical,complete graph,239,479,6.19064838711168e-16,7.96750600562196e-16,1.77685761851028e-16,0.396832235498289,0.397566870785422,0.0007346352871330231,0.396832235498289,0.397566870785422,0.0007346352871330231,6.1133204565186705e-15,5.377774945130181e-15,-7.355455113884898e-16,0.0191938203275086,0.0183733957765564,-0.0008204245509522007,0.883827962823987,0.955756409123889,0.07192844629990203
saddle,surface_area,ambient,stress,complete graph,239,479,9.010590720697831e-15,1.66206440008742e-14,7.610053280176369e-15,0.396832235498289,0.397566870785422,0.0007346352871330231,0.396832235498289,0.397566870785422,0.0007346352871330231,1.19893037395057e-14,1.92446453354569e-14,7.255341595951201e-15,0.0191938203275087,0.0183733957765564,-0.0008204245509523013,0.883827962823984,0.955756409123889,0.07192844629990502
saddle,surface_area,ambient,stress_primary,complete graph,239,479,9.011119432648731e-15,1.66205138803452e-14,7.60939444769647e-15,0.396832235498289,0.397566870785422,0.0007346352871330231,0.396832235498289,0.397566870785422,0.0007346352871330231,1.19896848204336e-14,1.92445560802279e-14,7.2548712597943e-15,0.0191938203275087,0.0183733957765564,-0.0008204245509523013,0.883827962823984,0.955756409123889,0.07192844629990502
saddle,surface_area,ambient,stress_fixed_primary,complete graph,239,479,9.011119432648731e-15,1.66205138803452e-14,7.60939444769647e-15,0.396832235498289,0.397566870785422,0.0007346352871330231,0.396832235498289,0.397566870785422,0.0007346352871330231,1.19896848204336e-14,1.92445560802279e-14,7.2548712597943e-15,0.0191938203275087,0.0183733957765564,-0.0008204245509523013,0.883827962823984,0.955756409123889,0.07192844629990502
