"path","bytes","sha256"
"results/all_scores.csv",1026527,"8cc381d9816bc0fd9dcbae0c5109023dc66d9ceaccae781cf5d638a7c62e939f"
"results/all_time_comparisons.csv",595526,"7b08317598620586d7ad2a36b03d0aa1160074b7bf2a3098ca7db328ac602f9d"
"output/paraboloid_17_ambient/fixture.rds",15525,"de63e74dfee14da918d5ed041176abb367cf51e8fa054c5a9c880d72940b8d5b"
"output/paraboloid_17_ambient/targets.bin",320000,"a765d633511fad236a6344295eff45ed37d1f0b95a4196903b423708bc9b9192"
"output/paraboloid_17_ambient/classical_3_0.csv",11112,"7de7a8980ebe4ae61d2d258cfa880bdbb20b8b856b26694be41880914ac7c9d5"
"output/paraboloid_17_ambient/direct_3_17.csv",11108,"7deedde77a411b9c594d111354c476765dd139ffe6f24bc4fbb99e983be5bbff"
"output/paraboloid_17_ambient/classical_refined_3_17.csv",11114,"3f2dcef20459144f3f21acbc83d08267dfe4906456369fcbdef72ad7dbf623da"
"output/paraboloid_17_ambient/pca_4_17.csv",11126,"5df7378f4d71fdd0fc22b49e00d9b608cdd4bd50210cb79bc8875b9e766876d4"
"output/paraboloid_17_ambient/refined_4_17.csv",11146,"d1f607c0b6c46e027f14ca1df5ff54aa04e180efa2c43c1c68735d810f986714"
"output/paraboloid_17_ambient/pca_6_17.csv",11124,"493a9d93eebac98bdc9deae8d0960dc61f34d6e5abdca0b025150d11df43e466"
"output/paraboloid_17_ambient/refined_6_17.csv",11130,"6197ecf0049bf9adfb417f3d4abc1b9ecf2fa368031e4d306fad2490ab611861"
"output/paraboloid_17_ambient/pca_8_17.csv",11126,"f310d67a1f82a58033f5e000bb47bcf11d86cc1f29236e26944a3a7a1e975bbb"
"output/paraboloid_17_ambient/refined_8_17.csv",11136,"b6b77483db68e777581595618255d33ac20c8f743c1abb008d3a7290854001db"
"output/paraboloid_17_ambient/pca_10_17.csv",11136,"8f191e524b3764d2a2b695e5b489c7fd530a7a39b4324d78dafca34b0bfd10f4"
"output/paraboloid_17_ambient/refined_10_17.csv",11128,"a12d8ba079252386c614b77dc89f9fff92a413447c5bdfdde724afd2deff52ef"
"output/paraboloid_17_ambient/pca_15_17.csv",11141,"d9a534e6610a0f8c150cefc3388cfb7378417cdf1f3bda54e36d0a0a4d8cd27f"
"output/paraboloid_17_ambient/refined_15_17.csv",11132,"4a50afb3935568beb4bc0c2590e007dc50d4fab5799115124d30337f1268f58d"
"output/paraboloid_17_ambient/pca_20_17.csv",11125,"2dd24c34b3d286a7c885f8051b70b537babd4446ede528d712ff4137c6b17ccd"
"output/paraboloid_17_ambient/refined_20_17.csv",11126,"c74d6c156a7c57fd477488c2238eda6118e75ea5eadefc9d07321a42692355d7"
"output/paraboloid_17_6/fixture.rds",15526,"69a453d80018831f607f5efc46cc5cd5cc9bd9d7b352c8344be54bc04cdfbbc1"
"output/paraboloid_17_6/targets.bin",320000,"1fb8a75a6b9c556e6c06fdd5014ce53f586b780311d3c151e6e3e716e415cf1a"
"output/paraboloid_17_6/classical_3_0.csv",11068,"f0922a0be06a802e4a5b7d8231adcebe107a4f8cb605adb516d8f695580d528f"
"output/paraboloid_17_6/direct_3_17.csv",11055,"f5ffa3f9ba15f4f9f431d9cb783b1988ad861476fba6092761139a5908025771"
"output/paraboloid_17_6/classical_refined_3_17.csv",11084,"093fa555da74c2da50741a12e96490bc49bd7a2f31a9adcf14cf35bd5a734c06"
"output/paraboloid_17_6/pca_4_17.csv",11099,"fc144b2d657bcc5a4f29304a574f96dbdfe4d7eef5069d0680c722bb2a26ad87"
"output/paraboloid_17_6/refined_4_17.csv",11095,"c14996dd2e7152ba1c22e751979e1cd8083e52bcda2372a374e928fd32c77b24"
"output/paraboloid_17_6/pca_6_17.csv",11109,"10655ee9bef8531f0c4cd03659cf63175ff2a3ce5a83f387a0a59667e4be07e6"
"output/paraboloid_17_6/refined_6_17.csv",11109,"ecd07af8eb61e721415718eb096ca1d84685c036ca2a695c26d68f10c9285d61"
"output/paraboloid_17_6/pca_8_17.csv",11077,"da48384e112e8c68ccda7b453a850f9b1ef5d1cdc1cd2403f1d88b1daa1869e3"
"output/paraboloid_17_6/refined_8_17.csv",11093,"20a13798b5a783b1808b6f468add4f16a16dcedc4eaf7714474a08660d7df504"
"output/paraboloid_17_6/pca_10_17.csv",11083,"c5c1e06e59316be55060f20ef2b082e22bbfdf87a618004916400de103c9fc8a"
"output/paraboloid_17_6/refined_10_17.csv",11081,"3ea3cf66778e1b1f79c24fc637c1e0c84d57b05e23caa073a593efba6ff72191"
"output/paraboloid_17_6/pca_15_17.csv",11073,"55dfb86dd68bceaa323b16d1ebf770eaf6dbf2a945b5fecd12df5121ba9ae804"
"output/paraboloid_17_6/refined_15_17.csv",11077,"739e8af121eeea008be1d615481f3fc5f7218fad1ec9e10d151f4298594d75e0"
"output/paraboloid_17_6/pca_20_17.csv",11099,"2c73cdb792bb7bdcd35065198421042b412834593af4abe2d402dd5d8c7833fa"
"output/paraboloid_17_6/refined_20_17.csv",11098,"466814869049532a70d891e144a8e040973dea826d38375fd4ddff5ed40db7e7"
"output/HB__illc1033/fixture.rds",8753,"da4ea1339ebf8f2bc4f0c880a318a1ceb9b6a9c8d16b4c126e86c105a5b4eac0"
"output/HB__illc1033/targets.bin",14644872,"3a3a61b99f3b65e0aabef61187d3da30244828b391372633c0b35a673695e4f5"
"output/HB__illc1033/classical_3_0.csv",72433,"074c9f91d436a3ca72bc2553bd7b76ff8373ae162b6d3de38a173207ca4c546a"
"output/HB__illc1033/direct_3_17.csv",71924,"9d120b43e9cb88a7e335c6856c2596f3482795e5d05ab537cca88168e4a3320d"
"output/HB__illc1033/classical_refined_3_17.csv",72186,"0bce2aea73403126c3e4c1bd0f107a6b74f279195bcbca719f6ee1934ef2bbdf"
"output/HB__illc1033/pca_4_17.csv",72393,"d473b2bc87f72d3deafbff9f8d59e49a7576459c6d7208bdb43f5bc2927e5ffd"
"output/HB__illc1033/refined_4_17.csv",72359,"131a1adb7e534ee5d387348729b742387fa4d8f25398c9844b38a8f151916e88"
"output/HB__illc1033/pca_6_17.csv",72432,"1dcdd409033ee6809a343294c8b1692afbe143dd732232646648774938acde57"
"output/HB__illc1033/refined_6_17.csv",72166,"aaa74849d5a4fd2ce151fd843e7cb823094306ca63ea63105535e58f20816bef"
"output/HB__illc1033/pca_8_17.csv",72425,"32b12e6c98b536cacfe15c118700ac3c56ecc4a3d8f65f5753aacf0c3af7f744"
"output/HB__illc1033/refined_8_17.csv",72123,"3ee44aca4ba4abe67f7f92d9b4b1d69e4cfa2b4e2ce88443a7cd1e9839af1d71"
"output/HB__illc1033/pca_10_17.csv",72483,"7c1dc2536a73c2450e4ff4c58e1062d52c752cf4a7967e4981c3154b8104ee02"
"output/HB__illc1033/refined_10_17.csv",72136,"d55e0631d68b2761ebe90bfec9e328559e4f9cdc9f825e0d43a73a924cf1cff0"
"output/HB__illc1033/pca_15_17.csv",72477,"bfd6f3c5996a6cf3b5ff766dc8f0a7b6d29bad8d8eeb6d826a1662f622191b91"
"output/HB__illc1033/refined_15_17.csv",72078,"5dd6a37501d84537facb35bfcc9da25e30c0d91984b9c0cea8fbb0b65991c29f"
"output/HB__illc1033/pca_20_17.csv",72483,"f9d8abccfd8c6b90f45950e8d45002ff9577564c49f8ed133a595498f280f0c0"
"output/HB__illc1033/refined_20_17.csv",72097,"a47231c100182c98e9395dcde7706fb35bbdc2528a0289eed7906041a809cb48"
"output/HB__lock_700/fixture.rds",7657,"f4a1b5d73b338e7aeaef9264641846bf66ba680c168105378add3aade4fc928f"
"output/HB__lock_700/targets.bin",3920000,"defbd846c682b6544f4e70479431355109a2ff09ddd60554b2f30e5539acd5a8"
"output/HB__lock_700/classical_3_0.csv",36989,"c92964922d66c020534b9263ab0ccd102c155fef520c382ff51ba485143d6c25"
"output/HB__lock_700/direct_3_17.csv",36846,"c33d47f98321edb83d6180d1efc0d6753ebd6920b16a61db6194c6b1247019ae"
"output/HB__lock_700/classical_refined_3_17.csv",36953,"4b3baa9c5a2781157ee0dcd70886e0004f8fef31da3922173bbc58a0b035872d"
"output/HB__lock_700/pca_4_17.csv",36996,"fcdcaac59ce7f3febef68dbe01aba59e02077e2baef8646ff419f9570d63586d"
"output/HB__lock_700/refined_4_17.csv",36980,"2fb7be2455ddb4cf3fe7d83929b72399176b3333ac38355342013ff53663a414"
"output/HB__lock_700/pca_6_17.csv",37087,"5d0b2fa4a0b6e18185201567835f3d51e8216c2a57708bcfffb7809a33b45003"
"output/HB__lock_700/refined_6_17.csv",36998,"7b8d251a507028fb76a0e8d2b40cc5bb228bf2c765251aab0a040fc558637cd0"
"output/HB__lock_700/pca_8_17.csv",37085,"78f052ded234c3c20819e7edf9f6512dcf29569d770ac06a4fd19458c5b43aa4"
"output/HB__lock_700/refined_8_17.csv",36978,"8393be14f0688a8b6b72246f11dc510f512f06812c537f46a478dad2bfcbf3ef"
"output/HB__lock_700/pca_10_17.csv",37116,"9b57f98bc5e775cdf3559adae517cfa9d8bf77e84eedfee4dc459062fee93634"
"output/HB__lock_700/refined_10_17.csv",36982,"f19919ecd637e8027adfc39ce429592a551ecdf8816ece67d773f0912ef81b32"
"output/HB__lock_700/pca_15_17.csv",37072,"c91c814c3c2652fc844516b59945e57278f98173b249a7a2dd3b1dcccf680c75"
"output/HB__lock_700/refined_15_17.csv",36967,"8be89955cdd0edbbeec4cfd6d9c4f72fb37dcfc7a11667c719903b2af96ad935"
"output/HB__lock_700/pca_20_17.csv",37104,"0e930ccbfa999517fb7aeb7c2c6c2cc182d9660cbbf8497cad85cff2eb0ca1f8"
"output/HB__lock_700/refined_20_17.csv",36949,"39c6efc8134f390a41ac269a02c5fe669936b4a802f41d089e21881472e1d347"
