"path","md5"
"papers/grip-software-paper/build/two-fidelity-pilot/cloud-01.rds","395bdb3a047dc996fff77ce9cd2b5174"
"papers/grip-software-paper/build/two-fidelity-pilot/graphs-01.rds","c5a3d30f9b50bc40a2173fb4b84e5863"
"papers/grip-software-paper/build/two-fidelity-pilot/calibration-01.rds","9883c6b0fd7458786f65899b1b356cf0"
"papers/grip-software-paper/build/two-fidelity-pilot/fit-01-k71.rds","25cef1e2cbb805e4ebd17086e6fb88b2"
"papers/grip-software-paper/build/two-fidelity-pilot/cloud-02.rds","507fcd38cbff935aa3d90f15c2fc9eab"
"papers/grip-software-paper/build/two-fidelity-pilot/graphs-02.rds","7ef7c2ebbb567f39b5b9a2822cc5942b"
"papers/grip-software-paper/build/two-fidelity-pilot/calibration-02.rds","71087274d8243604f59d9bdf1dab7967"
"papers/grip-software-paper/build/two-fidelity-pilot/fit-02-k70.rds","016bdf224c785f7d1f9ccd4c1b361c8b"
"papers/grip-software-paper/build/two-fidelity-pilot/cloud-03.rds","61196c3dd88aa99a44d6b12887fdebd2"
"papers/grip-software-paper/build/two-fidelity-pilot/graphs-03.rds","9821c417c804a888d6627dad8f48be22"
"papers/grip-software-paper/build/two-fidelity-pilot/calibration-03.rds","cc0345ef9f38e07e042ef4d1c9a25222"
"papers/grip-software-paper/build/two-fidelity-pilot/fit-03-k67.rds","03cf8678e9024606ae6d9af352f986fd"
"papers/grip-software-paper/build/two-fidelity-pilot/cloud-04.rds","aa0eb9a924eb1729d3d021848feb6f0c"
"papers/grip-software-paper/build/two-fidelity-pilot/graphs-04.rds","7ba684ae9e7dd03eb4206643277ea423"
"papers/grip-software-paper/build/two-fidelity-pilot/calibration-04.rds","c7cd67f70c5ce37adf6e52f1c97421e7"
"papers/grip-software-paper/build/two-fidelity-pilot/fit-04-k72.rds","b9623bb01023d47f6b59349dbed4ffa1"
"papers/grip-software-paper/build/two-fidelity-pilot/cloud-05.rds","743ef2870da35ad169b308ca8f880f02"
"papers/grip-software-paper/build/two-fidelity-pilot/graphs-05.rds","cfe1c20fab193ae8032999d921c42bab"
"papers/grip-software-paper/build/two-fidelity-pilot/calibration-05.rds","4272699c291df8578cae743b59d07243"
"papers/grip-software-paper/build/two-fidelity-pilot/fit-05-k73.rds","d0294ed67d8035a9fccfea0123815161"
