"replicate","k","method","path_rel","edge_rel","raw_stress","raw_target_rmse","raw_optimal_scale","stress1","stress1_identity","xg_error","xz_path_error","graph_path_error_edge_scale","procrustes","rigid_relative_rmse","similarity_scale","edge_scale","sigma2_sigma1","sigma3_sigma1","package_score_difference","independent_path_difference","selected","role"
1,32,"Original saddle",0,4.85954646339179e-17,6756.01151572227,0.0828248836527302,1.06468642713374,0.0563947779047149,0.0883230914009315,0.00775999749795819,0.00775999749795819,8.26583806407368e-17,2.15398845846951e-16,2.15398845846951e-16,1,1,0.942922456756166,0.55200135522435,0,4.44089209850063e-16,FALSE,"sparse"
1,32,"Classical MDS",0.0338637495204605,0.0736624621720291,1432.50350679637,0.0381384896996417,1.01673224135124,0.0344098262205675,0.0387996089870836,0.00775999749795819,0.0523319977998931,0.0475142032104194,0.376934619433114,0.396178202801423,0.883637018040892,0.984347358162239,0.949135720603453,0.329570570856522,0,4.44089209850063e-16,FALSE,"sparse"
1,32,"Stress MDS",0.0223549736549042,0.051767314862326,761.316728240649,0.0278034270392145,1,0.0278034270392141,0.0278141797230505,0.00775999749795819,0.0376733284933025,0.0325383287364604,0.292450824199546,0.312345219551529,0.897097875236198,1.0132397682455,0.951653975782867,0.359568467740211,0,4.44089209850063e-16,FALSE,"sparse"
1,32,"Classical MDS + edge-KK",0.00199472907368355,0.00485481073426301,1968.97427633026,0.0447131910259643,1.02790418311911,0.0355423453556012,0.0459899338590976,0.00775999749795819,0.00896362089411192,0.00227785574226693,0.403819983791926,0.421829515185485,0.882384987202147,1.02520531931541,0.94529500080981,0.404819150203167,0,4.44089209850063e-16,FALSE,"sparse"
1,32,"Stress MDS + edge-KK",0.00156795859771225,0.00426105762610759,1514.24144287666,0.039211477590552,1.00842473245773,0.0383124949752844,0.0395708764651798,0.00775999749795819,0.0087644783290031,0.00185046854923034,0.300633561281626,0.317775053552364,0.902565869502768,1.0472623514532,0.952448906760915,0.452068794092433,0,4.44089209850063e-16,FALSE,"sparse"
1,66,"Original saddle",0,4.97426774912106e-17,5988.59153048236,0.0784498352254534,1.05832579863696,0.055916083785177,0.0831555837643052,0.0022118976362733,0.0022118976362733,7.2723319783014e-17,2.15398845846951e-16,2.15398845846951e-16,1,1,0.942922456756166,0.55200135522435,0,4.44089209850063e-16,FALSE,"nearby"
1,66,"Classical MDS",0.0351097014759175,0.0721106215082455,1434.39641425048,0.038394081753312,1.01686035219474,0.0346339797279169,0.0390648559165504,0.0022118976362733,0.0469015150035301,0.0467574039680248,0.363219809599335,0.37953421825948,0.894335102341464,0.980729347643187,0.948944170906289,0.327172323935246,0,2.22044604925031e-16,FALSE,"nearby"
1,66,"Stress MDS",0.0229193642883544,0.0512343128469684,755.719048733571,0.0278682613343381,1.00000000000001,0.0278682613343385,0.0278790894450037,0.0022118976362733,0.0311396718779437,0.0309046083461757,0.270949723809784,0.287782340367221,0.908473481578507,1.01048236155571,0.951308102655451,0.357743815011781,0,8.88178419700125e-16,FALSE,"nearby"
1,66,"Classical MDS + edge-KK",0.00236385528993894,0.00359528317714569,3422.59842079395,0.0593072330451869,1.03787028133886,0.0467851998095794,0.0616206909665708,0.0022118976362733,0.00267170923900383,0.00241915632357537,0.414299062417104,0.428665647186219,0.892129923486865,1.01548945082785,0.944466619998835,0.499024925230527,0,4.44089209850063e-16,FALSE,"nearby"
1,66,"Stress MDS + edge-KK",0.00178040234804838,0.00237927345224079,2767.57107130996,0.0533309206616658,1.01381374055431,0.0515657437963729,0.0541396474389562,0.0022118976362733,0.00232976273336656,0.00177627708708265,0.281102332277476,0.2935202431632,0.919099245332615,1.04195643623631,0.944695536365807,0.535319808062252,0,4.44089209850063e-16,FALSE,"nearby"
1,71,"Original saddle",0,4.94752848645678e-17,5932.27383656704,0.0781112901692977,1.05790956112973,0.0558057345402896,0.0827636557960219,0.0021673854259394,0.0021673854259394,7.07648343831833e-17,2.15398845846951e-16,2.15398845846951e-16,1,1,0.942922456756166,0.55200135522435,0,4.44089209850063e-16,TRUE,"selected"
1,71,"Classical MDS",0.0350634340856013,0.072064492311731,1431.83629589823,0.038375133535947,1.01690891843214,0.0345904502686162,0.0390473826124932,0.0021673854259394,0.0461163953704265,0.0462176604090089,0.352154107908385,0.36758242414392,0.898804264083636,0.981145988249664,0.948860282761146,0.326908200465614,0,4.44089209850063e-16,TRUE,"selected"
1,71,"Stress MDS",0.0229371626453587,0.0513100187763826,754.661683192069,0.0278598879924056,0.999999999999942,0.0278598879924062,0.0278707063419201,0.0021673854259394,0.0304875504230707,0.030508942121648,0.26706104091889,0.283612568709388,0.909861789805197,1.01084225929929,0.951200858531201,0.357818122823147,0,8.88178419700125e-16,TRUE,"selected"
1,71,"Classical MDS + edge-KK",0.00257232269420753,0.00399532282392437,3365.12530799216,0.0588306756992371,1.03756480324847,0.046401343668987,0.0611064575937722,0.0021673854259394,0.00262973400716173,0.00265440650917544,0.397778063380216,0.410801448932929,0.899403995376091,1.01483263152381,0.944921135786865,0.497268504305618,0,4.44089209850063e-16,TRUE,"selected"
1,71,"Stress MDS + edge-KK",0.0020133718415621,0.00260727640228899,2821.06910660501,0.053865423489988,1.01377727324503,0.052127694442196,0.0546818861355556,0.0021673854259394,0.00234763094908083,0.0020073741397987,0.27544646085013,0.28751425659232,0.921030284392432,1.04170683462298,0.944182342398084,0.538623559124122,0,4.44089209850063e-16,TRUE,"selected"
1,76,"Original saddle",0,4.96882738038365e-17,5882.7354740447,0.0778119676783528,1.05754144216333,0.0557079778527285,0.0824173660433029,0.0021891885745556,0.0021891885745556,6.98188764737232e-17,2.15398845846951e-16,2.15398845846951e-16,1,1,0.942922456756166,0.55200135522435,0,2.22044604925031e-16,FALSE,"nearby"
1,76,"Classical MDS",0.0349451495176872,0.0721084621333785,1425.58985556702,0.0383048737961634,1.01693961154221,0.0344981628641776,0.0389769440668882,0.0021891885745556,0.0455435663815826,0.0458810478615161,0.339830818017193,0.354362029690038,0.903512201203243,0.98123506707566,0.94891222828271,0.326760715469904,0,4.44089209850063e-16,FALSE,"nearby"
1,76,"Stress MDS",0.022941842074793,0.0515025936782615,753.155418246652,0.0278419109478535,0.999999999999968,0.0278419109478532,0.0278527083606178,0.0021891885745556,0.0298694059533151,0.0301312534235339,0.263125549623717,0.279416704809,0.911204944557246,1.01119415665658,0.951222023422195,0.357940637415181,0,4.44089209850063e-16,FALSE,"nearby"
1,76,"Classical MDS + edge-KK",0.00273092705996901,0.00429338983992214,3372.34167493644,0.0589145442490453,1.03746390153488,0.0465805281477563,0.0611881303188787,0.0021891885745556,0.00260823738065348,0.00282046573492447,0.380502762896868,0.392194909282088,0.906798210422318,1.01459528017825,0.944648156061172,0.497237060247941,0,4.44089209850063e-16,FALSE,"nearby"
1,76,"Stress MDS + edge-KK",0.00216435160926339,0.00273776240239837,2868.27537163438,0.0543334346588048,1.0137273920192,0.0526237364392171,0.0551557141529508,0.0021891885745556,0.00236483919423784,0.0021685103293371,0.270230213224679,0.281994145515962,0.922752388963459,1.04148109858183,0.943955280669703,0.541355526869232,0,4.44089209850063e-16,FALSE,"nearby"
1,80,"Original saddle",0,4.98763151046202e-17,5841.52786069343,0.0775603247876299,1.05725622295671,0.055604454209674,0.0821281985812299,0.0023146020371499,0.0023146020371499,6.89758709986609e-17,2.15398845846951e-16,2.15398845846951e-16,1,1,0.942922456756166,0.55200135522435,0,2.22044604925031e-16,FALSE,"dense"
1,80,"Classical MDS",0.0347907577002164,0.0719297673686994,1415.8748166856,0.0381846506402665,1.01696930323601,0.0343506688302792,0.0388555484830222,0.0023146020371499,0.0449782773803119,0.0454788992885807,0.325108788003472,0.338686107764318,0.908770452291596,0.98144172896674,0.948947751025329,0.326655686777234,0,2.22044604925031e-16,FALSE,"dense"
1,80,"Stress MDS",0.0229588065290796,0.0513930142378659,751.091770650035,0.0278114027720435,1,0.0278114027720441,0.0278221647157095,0.0023146020371499,0.0294305922533848,0.029860033308211,0.257246433100538,0.273249573488756,0.912951956994622,1.01148779795212,0.951215402026902,0.358111220929352,0,2.22044604925031e-16,FALSE,"dense"
1,80,"Classical MDS + edge-KK",0.00287702591548165,0.00456062138775393,3312.8881838566,0.0584090014656262,1.03721127680384,0.0461220375374146,0.06064701477723,0.0023146020371499,0.00268787949496867,0.00296800136507564,0.358012468205684,0.368220705493875,0.91557124432571,1.01425551869886,0.944660771026024,0.494502946298747,0,4.44089209850063e-16,FALSE,"dense"
1,80,"Stress MDS + edge-KK",0.00218395806357404,0.00265479349474279,2933.09411267775,0.0549590721298138,1.01368413691325,0.0532802297748516,0.0557903842710425,0.0023146020371499,0.00238886383224488,0.00219125837466451,0.261833826285102,0.273205904726626,0.925220901933591,1.04152002821428,0.943954676730584,0.545378305247827,0,2.22044604925031e-16,FALSE,"dense"
2,32,"Original saddle",0,2.27164361427073e-16,6550.90224328228,0.0823215849938812,1.06400358516828,0.0563015509616507,0.0877296174402047,0.0073431223941501,0.00734312239414993,2.36592329185826e-16,1.5271853765718e-15,1.79901827649064e-16,0.999999999999998,1,0.939811447046768,0.551314430509982,0,2.22044604925031e-16,FALSE,"sparse"
2,32,"Classical MDS",0.0337664817328891,0.0715267572031959,1367.4942087364,0.0376119553755221,1.01631048172006,0.0340205216605726,0.0382475646813893,0.0073431223941501,0.0519017336061101,0.0471621288662958,0.337392407813516,0.353838144414425,0.898261930736084,0.984094860727048,0.942998660338222,0.328441943519106,0,2.22044604925031e-16,FALSE,"sparse"
2,32,"Stress MDS",0.0222709149527759,0.050964185541742,736.380533658752,0.0276003324947906,1.00000000000002,0.0276003324947917,0.0276108511727755,0.0073431223941501,0.0367461003918632,0.0318504871047642,0.249077791763943,0.267228103398438,0.909128320639015,1.01277431005629,0.946021838720814,0.358435961625621,0,4.44089209850063e-16,FALSE,"sparse"
2,32,"Classical MDS + edge-KK",0.00213329477619594,0.00534282624679633,1864.85820820616,0.0439224009875007,1.02771456229708,0.0346817431349182,0.0451668631570115,0.0073431223941501,0.00867391744746349,0.00249283356240044,0.358727029706416,0.373190573897415,0.900718162803906,1.02445222124027,0.941988518357963,0.405667500249378,0,4.44089209850063e-16,FALSE,"sparse"
2,32,"Stress MDS + edge-KK",0.00183305665106264,0.00489881256172245,1408.64079070174,0.038173615467388,1.0083336344243,0.0372694721686974,0.0385185010793775,0.0073431223941501,0.00857064869048644,0.00219678332148895,0.245995388384886,0.26088702607411,0.917738160842004,1.04559166416719,0.94410721395746,0.444252978976735,0,4.44089209850063e-16,FALSE,"sparse"
2,65,"Original saddle",0,4.95445023313927e-17,5826.12750417993,0.0780784582892444,1.05798588643144,0.0556926117940962,0.0827343136960798,0.00206092940511671,0.00206092940513271,4.67660459204861e-12,1.5271853765718e-15,1.79901827649064e-16,0.999999999999998,1,0.939811447046768,0.551314430509982,0,4.44089209850063e-16,FALSE,"nearby"
2,65,"Classical MDS",0.0339653284159529,0.0715726028292121,1307.77268314118,0.0369919621163694,1.01601868304072,0.0334680866049951,0.0376055917863658,0.00206092940511671,0.0461277765122283,0.046059821541897,0.29677202606649,0.30937182221916,0.916158270038787,0.980680416122188,0.943221765717175,0.329062518965838,0,4.44089209850063e-16,FALSE,"nearby"
2,65,"Stress MDS",0.0226318150496555,0.0509224152551443,706.348922161904,0.0271863485298746,0.999999999999989,0.0271863485298736,0.0271964007841625,0.00206092940511671,0.030130796880484,0.0300521050002418,0.234522951488883,0.250184619269861,0.917744486436763,1.0104825150032,0.946149784106947,0.359096966493646,0,4.44089209850063e-16,FALSE,"nearby"
2,65,"Classical MDS + edge-KK",0.00221749084341268,0.00351240152817274,3016.6849349506,0.0561831667048785,1.03526990124246,0.0447014245433288,0.0582229415809154,0.00206092940511671,0.00247072497721858,0.00224760163337178,0.315319980869637,0.323777995972284,0.92809626677308,1.01680822535413,0.947120108383687,0.493853888334232,0,4.44089209850063e-16,FALSE,"nearby"
2,65,"Stress MDS + edge-KK",0.00156511741364883,0.00219711682226326,2662.13880006187,0.0527784442622674,1.01326004640435,0.0511346751795149,0.0535483426040726,0.00206092940511671,0.00219355983891796,0.00156059365121904,0.227499898685331,0.23820793440265,0.932384434209267,1.04195537364341,0.945778052806377,0.537795005536151,0,4.44089209850063e-16,FALSE,"nearby"
2,70,"Original saddle",0,4.9811717405716e-17,5778.903820214,0.077789709133354,1.05760482714571,0.0556213590984981,0.0823983299387028,0.00204721002303402,0.00204721002303402,7.15115159119797e-17,1.5271853765718e-15,1.79901827649064e-16,0.999999999999998,1,0.939811447046768,0.551314430509982,0,4.44089209850063e-16,TRUE,"selected"
2,70,"Classical MDS",0.0339072486029618,0.0713324084207198,1302.04369050033,0.0369242933877045,1.01600059488715,0.0334015194204555,0.037536048653262,0.00204721002303402,0.0454891036200641,0.0457076450296929,0.291378059921424,0.303627680057974,0.918066409529715,0.980880493352358,0.94313364977439,0.329064265546403,0,4.44089209850063e-16,TRUE,"selected"
2,70,"Stress MDS",0.0226391523387603,0.0508113762428522,704.081245003935,0.0271525612691756,1.00000000000005,0.0271525612691762,0.0271625760773249,0.00204721002303402,0.0296539566361867,0.0298399346858297,0.232041655159009,0.247517362640908,0.918640142615829,1.01054734444,0.946053423796494,0.359122596787543,0,4.44089209850063e-16,TRUE,"selected"
2,70,"Classical MDS + edge-KK",0.00237553509052991,0.00382855750924334,3028.72284527019,0.0563156603650359,1.03532689114304,0.0448276419844586,0.0583637885851814,0.00204721002303402,0.00245793711441343,0.00243003798712937,0.306706213614467,0.314652853315831,0.931248668419878,1.01635717904348,0.946446533756506,0.495413368832812,0,4.44089209850063e-16,TRUE,"selected"
2,70,"Stress MDS + edge-KK",0.00164074746054837,0.0022719135760566,2717.18950233914,0.0533407820064776,1.01324563513339,0.0517185299625099,0.0541197429238552,0.00204721002303402,0.00213083813561515,0.0016330764937714,0.223241615027587,0.233731399493839,0.933682423898033,1.04179700180784,0.945680410691456,0.541252364016862,0,4.44089209850063e-16,TRUE,"selected"
2,75,"Original saddle",0,5.0447239739421e-17,5737.8701138037,0.0775390153728412,1.0572531305307,0.0555773346278509,0.0821052698387866,0.00210375027136822,0.00210375027136822,7.04827495471249e-17,1.5271853765718e-15,1.79901827649064e-16,0.999999999999998,1,0.939811447046768,0.551314430509982,0,4.44089209850063e-16,FALSE,"nearby"
2,75,"Classical MDS",0.0338938335767812,0.0711365823573,1298.67170542975,0.03688880737257,1.01600014978424,0.0333624802203166,0.037499909358845,0.00210375027136822,0.045273880963333,0.045727402161962,0.287797701550427,0.299789770557501,0.919412408592493,0.980640171413818,0.943091398491049,0.329008186609824,0,4.44089209850063e-16,FALSE,"nearby"
2,75,"Stress MDS",0.0224828272916106,0.0501376252085677,702.596798317845,0.0271330121008925,0.999999999999948,0.0271330121008923,0.0271430052854134,0.00210375027136822,0.0288744104987523,0.0292614595709546,0.197408639060833,0.212325383866853,0.926142055699011,1.01111905412247,0.945880472783609,0.357514507187463,0,4.44089209850063e-16,FALSE,"nearby"
2,75,"Classical MDS + edge-KK",0.00252662234190434,0.00411923399347361,2979.64634233748,0.0558762543262433,1.0349488465847,0.0445431835390769,0.0578865196623627,0.00210375027136822,0.00255326979855199,0.00261488561802527,0.301086429210029,0.308784785055182,0.932962553820976,1.01602746556124,0.946075444627246,0.492527714255527,0,4.44089209850063e-16,FALSE,"nearby"
2,75,"Stress MDS + edge-KK",0.00158202827394678,0.00241913422820741,2751.13677053819,0.0536909410608102,1.01279842851964,0.0521868364569474,0.0544523007790543,0.00210375027136822,0.00230356418434212,0.00160769571777641,0.161232569605909,0.171067520844606,0.945246006123415,1.04257610659316,0.943789424852201,0.541823135067275,0,8.88178419700125e-16,FALSE,"nearby"
2,80,"Original saddle",0,5.04410667811051e-17,5685.30279930207,0.0772105395308548,1.05688433575376,0.0554390769483687,0.0817283020488263,0.00229168523395202,0.00229168523395202,6.90708198313307e-17,1.5271853765718e-15,1.79901827649064e-16,0.999999999999998,1,0.939811447046768,0.551314430509982,0,4.44089209850063e-16,FALSE,"dense"
2,80,"Classical MDS",0.0337740092311009,0.0706684220541517,1290.81599771241,0.0367901837326344,1.0159958828277,0.0332553282848504,0.0373993612137136,0.00229168523395202,0.0446848080955898,0.0453867171307223,0.278614714064502,0.29011334989994,0.922337417461235,0.980775082781963,0.943134938950448,0.329042318516103,0,4.44089209850063e-16,FALSE,"dense"
2,80,"Stress MDS",0.0224413300867784,0.0499266385265438,698.231294539509,0.0270582336156467,1.00000000000003,0.0270582336156476,0.0270681443739849,0.00229168523395202,0.0283831019392537,0.0289931013817374,0.194936793832507,0.209706977859625,0.926937835153022,1.01126037219933,0.945908468272773,0.357737034621731,0,2.22044604925031e-16,FALSE,"dense"
2,80,"Classical MDS + edge-KK",0.00258559732921616,0.00417621261976213,3050.63017582314,0.0565580683041343,1.0350068757961,0.0453561872368087,0.0585982943355651,0.00229168523395202,0.00253449470092953,0.00267741194417678,0.287288259186546,0.294290216070538,0.937539077221133,1.01598934815527,0.947416628857137,0.49729202286693,0,2.22044604925031e-16,FALSE,"dense"
2,80,"Stress MDS + edge-KK",0.00154955352688979,0.00239919866063087,2741.21786391577,0.0536131795287252,1.01277512643306,0.0521123075430028,0.0543719736511072,0.00229168523395202,0.00233862827591631,0.00156377095596915,0.156528678450843,0.166266943995208,0.946282935757027,1.04202821146462,0.943069810782942,0.542029756638564,0,2.22044604925031e-16,FALSE,"dense"
3,32,"Original saddle",0,4.96260029380723e-17,7186.41121212942,0.0834513338217889,1.06518670224215,0.0568427567242223,0.0890352082361781,0.00700880041578622,0.0070088004157899,1.82568705963683e-12,4.24169993337792e-16,2.8557931254801e-16,1,1,0.996347174885669,0.565450737099319,0,4.44089209850063e-16,FALSE,"sparse"
3,32,"Classical MDS",0.0349708588399778,0.0750439347663316,1620.0992376925,0.0396230642990381,1.01757214642544,0.0356673330970056,0.0403449973723523,0.00700880041578622,0.0511540605146751,0.0472386567781644,0.416351223978248,0.438819890930834,0.867709608680508,0.983014593199535,0.997561526748775,0.344116118362881,0,4.44089209850063e-16,FALSE,"sparse"
3,32,"Stress MDS",0.022963857876054,0.0538081137086665,851.601717181924,0.0287273466237814,1.00000000000003,0.0287273466237818,0.0287392077370825,0.00700880041578622,0.0369286737167124,0.0326357657113743,0.391649565853459,0.418102548325267,0.862765233373411,1.01296841243091,0.997417922261676,0.376935291905048,0,4.44089209850063e-16,FALSE,"sparse"
3,32,"Classical MDS + edge-KK",0.00208264197124627,0.00539079369456065,2276.33240877937,0.0469672455458827,1.02974252064608,0.0370514981988273,0.048397401528921,0.00700880041578622,0.0083230854285273,0.00248269314410025,0.452354609927244,0.474584201714046,0.861359621739669,1.02433728514042,0.991610357004238,0.426884393356972,0,4.44089209850063e-16,FALSE,"sparse"
3,32,"Stress MDS + edge-KK",0.00183874135869576,0.00440494513879079,1695.12694631048,0.0405301642914543,1.00864592703233,0.039614814158573,0.0409127005752436,0.00700880041578622,0.00803526554792482,0.00209592620578201,0.41973322465303,0.445491915225804,0.858753484427036,1.04766735084698,0.997580728384847,0.466532964414594,0,4.44089209850063e-16,FALSE,"sparse"
3,62,"Original saddle",0,5.05171207959857e-17,6465.5750268297,0.0795760272658833,1.05958401428978,0.0563933063052175,0.0844518804930204,0.00221546133314776,0.0022154613327307,9.48258473968497e-11,4.24169993337792e-16,2.8557931254801e-16,1,1,0.996347174885669,0.565450737099319,0,2.22044604925031e-16,FALSE,"nearby"
3,62,"Classical MDS",0.0365036152878994,0.0739405336652017,1604.18444000842,0.0396374608134629,1.01754151585056,0.0356976176160826,0.0403584849683806,0.00221546133314776,0.0483408407398347,0.0481921497372169,0.407699747566694,0.427680800158038,0.87604806270744,0.978135149954159,0.996843170380193,0.341006568564577,0,4.44089209850063e-16,FALSE,"nearby"
3,62,"Stress MDS",0.0233573338015332,0.0521429598101294,838.931158994508,0.0286643328621663,0.999999999999973,0.0286643328621661,0.0286761160621051,0.00221546133314776,0.0303291553228716,0.0302377060252352,0.262653641678587,0.279629558892114,0.909555717056445,1.01199832183356,0.996288335166181,0.369616499786384,0,4.44089209850063e-16,FALSE,"nearby"
3,62,"Classical MDS + edge-KK",0.00286615998969173,0.00466329759673698,3406.42342462068,0.0577601072813995,1.03730558124269,0.0452268906234677,0.0599762529176028,0.00221546133314776,0.00309719102090772,0.00296655661050264,0.46740969123216,0.487360938026453,0.864961124416556,1.01574829344061,0.996504199242837,0.492879584872181,0,4.44089209850063e-16,FALSE,"nearby"
3,62,"Stress MDS + edge-KK",0.00178620441898784,0.00274438548588747,2821.23128549565,0.0525651637343275,1.01263382900083,0.0510670797101451,0.0532988059490082,0.00221546133314776,0.00244190143553445,0.00186036710971792,0.267951646024815,0.280581041616699,0.920478433396477,1.04339493377186,0.99455913832165,0.542756509077925,0,2.22044604925031e-16,FALSE,"nearby"
3,67,"Original saddle",0,5.04400350841902e-17,6403.22885243586,0.0792266245653881,1.05911818638215,0.0563121159521019,0.0840437183308316,0.00212539219729216,0.00212539219707032,5.47749311405509e-11,4.24169993337792e-16,2.8557931254801e-16,1,1,0.996347174885669,0.565450737099319,0,4.44089209850063e-16,TRUE,"selected"
3,67,"Classical MDS",0.0365641751725343,0.0739898371707644,1609.20167947527,0.0397170405182281,1.0176042990415,0.0357567424919674,0.0404420929560192,0.00212539219729216,0.048206233777563,0.0483764496217612,0.405728246068395,0.425376960730394,0.87733583344382,0.977544002116958,0.99686262487056,0.340393800655801,0,4.44089209850063e-16,TRUE,"selected"
3,67,"Stress MDS",0.0233446942515009,0.0521591516801023,837.392127649617,0.0286507554835663,0.999999999999975,0.0286507554835668,0.0286625219405869,0.00212539219729216,0.0302011114727916,0.030410213598399,0.26067706541098,0.277427685542738,0.91046495116355,1.0114053931158,0.996315289242369,0.369422209875735,0,4.44089209850063e-16,TRUE,"selected"
3,67,"Classical MDS + edge-KK",0.00291978990491213,0.00381693000605808,4060.85507272291,0.0630928849996612,1.04126710506381,0.0491308248435226,0.0657759799563314,0.00212539219729216,0.00263390237352382,0.00297643267677209,0.476136200545079,0.495775556146216,0.864221855331543,1.01345227311121,0.993246854940122,0.525383831968325,0,4.44089209850063e-16,TRUE,"selected"
3,67,"Stress MDS + edge-KK",0.00174708447331193,0.00194796855540035,3259.27327972387,0.0565238882969937,1.01355097765644,0.0549248353922075,0.0573764524628846,0.00212539219729216,0.00206842330627771,0.00176913332602844,0.26740671624662,0.279537631107873,0.922055423012259,1.04419897030242,0.99553086393768,0.564476789397168,0,2.22044604925031e-16,TRUE,"selected"
3,72,"Original saddle",0,2.30328732929567e-16,6347.47396658788,0.078911028887512,1.05872001422245,0.0562183659311904,0.0836770210784043,0.00221872948067199,0.00221872948045782,5.4788457565494e-11,4.24169993337792e-16,2.8557931254801e-16,1,1,0.996347174885669,0.565450737099319,0,2.22044604925031e-16,FALSE,"nearby"
3,72,"Classical MDS",0.0366418930385558,0.0739401207107585,1614.06122887116,0.0397921352985127,1.01767309612548,0.0358080501193772,0.0405213724487986,0.00221872948067199,0.0481069041404482,0.0485613334825609,0.400364840623416,0.419412075523747,0.87999973410241,0.977010751469602,0.996875982657466,0.339952923894289,0,4.44089209850063e-16,FALSE,"nearby"
3,72,"Stress MDS",0.0233570417097219,0.0520703774720405,835.03067541028,0.0286212407485629,1.00000000000004,0.0286212407485626,0.028632970864307,0.00221872948067199,0.0299185425456248,0.0303940990785455,0.257847165836448,0.274370677461878,0.911528102822874,1.01117587269632,0.996331449834848,0.369478253290042,0,4.44089209850063e-16,FALSE,"nearby"
3,72,"Classical MDS + edge-KK",0.00313662667132882,0.0040508523273709,4190.33282987245,0.0641152738505009,1.04159839719479,0.0501977799979147,0.0668666655005443,0.00221872948067199,0.00262817061550876,0.00320126044813919,0.472904150740351,0.491975004810184,0.866586065022297,1.01302345404504,0.994081406672023,0.533988012096597,0,4.44089209850063e-16,FALSE,"nearby"
3,72,"Stress MDS + edge-KK",0.00186162211315918,0.00208475807364094,3234.69802684488,0.0563318629006739,1.01338243824095,0.0547668784596903,0.0571715254166833,0.00221872948067199,0.00214443608278725,0.00189510945757753,0.263039887681998,0.274947475835834,0.92339535547449,1.04380493060419,0.995570333664927,0.563755939167449,0,4.44089209850063e-16,FALSE,"nearby"
3,80,"Original saddle",0,5.11931552381499e-17,6272.32717197099,0.0784841077142873,1.0581659378914,0.0561045028578184,0.0831802264646753,0.0024307681325254,0.00243076813232985,5.48167321581887e-11,4.24169993337792e-16,2.8557931254801e-16,1,1,0.996347174885669,0.565450737099319,0,2.22044604925031e-16,FALSE,"dense"
3,80,"Classical MDS",0.0366816250713884,0.0740299780225037,1617.65049970416,0.0398574694114812,1.01774551600487,0.0358467687202141,0.0405908485902452,0.0024307681325254,0.0479905093850279,0.0488174813461631,0.393063726043923,0.411318080296126,0.883562092345722,0.976262056617211,0.996982171357864,0.339507502892646,0,4.44089209850063e-16,FALSE,"dense"
3,80,"Stress MDS",0.0233718196178096,0.0520093016287759,832.070942228444,0.0285856157257298,1.00000000000002,0.0285856157257297,0.0285973020764676,0.0024307681325254,0.0298161654568444,0.0306270957479463,0.254960254621264,0.271204448959903,0.912733193727633,1.01050266385473,0.996421604500368,0.369603293051781,0,6.66133814775094e-16,FALSE,"dense"
3,80,"Classical MDS + edge-KK",0.00359035591264292,0.00463995995298149,4252.66636698061,0.064624624045951,1.04172585781949,0.0507553768859627,0.0674080230937512,0.0024307681325254,0.00292408874056805,0.00374937490226578,0.463900966774934,0.481821984074269,0.871873641981394,1.01204703417792,0.994755378094114,0.537009022639763,0,4.44089209850063e-16,FALSE,"dense"
3,80,"Stress MDS + edge-KK",0.00216672610958546,0.00245738142361985,3262.68957935044,0.0566050595064303,1.01333783736376,0.0550582627728001,0.0574471877286141,0.0024307681325254,0.00239603460877761,0.00223631514562323,0.258869439499367,0.270477085951214,0.924938495012095,1.04330203887039,0.997074962305887,0.566055450593997,0,4.44089209850063e-16,FALSE,"dense"
4,32,"Original saddle",0,4.89943460523953e-17,6770.30559579473,0.0831537082947302,1.06474344923872,0.0568245850285192,0.0886806583607692,0.00813960730667251,0.0081396073066725,8.32222203718443e-17,7.4811030727421e-16,3.86384444491801e-16,1,1,0.978070631482811,0.568015204607556,0,4.44089209850063e-16,FALSE,"sparse"
4,32,"Classical MDS",0.0341853909093659,0.0725703470313239,1469.3751061655,0.0387385913537814,1.01680263879616,0.0350419600008631,0.0394137081589185,0.00813960730667251,0.0506460700488165,0.0457187026813704,0.395962072729269,0.41673537033319,0.8760423445928,0.985893140751785,0.970638695390132,0.332029995273388,0,4.44089209850063e-16,FALSE,"sparse"
4,32,"Stress MDS",0.0225972981619445,0.0516165305808477,798.35296681922,0.0285545261299182,0.999999999999968,0.0285545261299182,0.0285661743764999,0.00813960730667251,0.0379654499470874,0.032623036234795,0.409339763219608,0.437226824863795,0.855867546690327,1.01272609999963,0.972004869732599,0.363523363873303,0,4.44089209850063e-16,FALSE,"sparse"
4,32,"Classical MDS + edge-KK",0.00234939205239639,0.00536349965992094,2200.52591418849,0.0474068096242504,1.02983370704357,0.0375414417554879,0.0488555701727061,0.00813960730667251,0.00950159575132745,0.00269834439684626,0.430322340630856,0.450161395608389,0.87228343497656,1.02355520959846,0.980167958899181,0.423595101065369,0,4.44089209850063e-16,FALSE,"sparse"
4,32,"Stress MDS + edge-KK",0.00215620038556841,0.00489539414617123,1638.14072679467,0.0409028047813558,1.00911238198309,0.0398951950151131,0.0413084136384916,0.00813960730667251,0.00947031518174895,0.00251448792870643,0.440976991722881,0.468588876751075,0.849926764273531,1.04613897941761,0.97599157076114,0.456631575652017,0,4.44089209850063e-16,FALSE,"sparse"
4,67,"Original saddle",0,4.96370106133154e-17,5966.29882805077,0.078555973888152,1.05805597741399,0.0563011675141137,0.083248664159119,0.00208195477811295,0.00208195477809785,1.963438174394e-11,7.4811030727421e-16,3.86384444491801e-16,1,1,0.978070631482811,0.568015204607556,0,4.44089209850063e-16,FALSE,"nearby"
4,67,"Classical MDS",0.0347866697275034,0.071906785650556,1439.28611436951,0.0385833812252472,1.01690186479398,0.0348246564089751,0.0392593255450414,0.00208195477811295,0.046305165399631,0.0463383616087346,0.317485157449584,0.330890062251241,0.910486288384497,0.979180942857554,0.971444572638155,0.33045046602169,0,4.44089209850063e-16,FALSE,"nearby"
4,67,"Stress MDS",0.0224709840330285,0.0496694477514293,776.955394094502,0.0283481524325059,1,0.0283481524325053,0.028359549841522,0.00208195477811295,0.0310787990914013,0.031035667504273,0.153493406422104,0.169186762654457,0.932823005166423,1.00941061118991,0.973152943587627,0.360220411631681,0,4.44089209850063e-16,FALSE,"nearby"
4,67,"Classical MDS + edge-KK",0.00208243047669889,0.00337569218646718,3528.00237457669,0.0604075400724527,1.0382197856125,0.0479270374859895,0.0627884573338885,0.00208195477811295,0.00243662753297879,0.00213682283334264,0.346088010773013,0.355520365650973,0.920210075398649,1.01490840074523,0.968763852224644,0.515117765034266,0,4.44089209850063e-16,FALSE,"nearby"
4,67,"Stress MDS + edge-KK",0.000929634970570094,0.00196938738057988,2873.19742900111,0.0545141758605235,1.01270622509144,0.0530548417126117,0.0552847082277583,0.00208195477811295,0.00224635873732374,0.000944808452388242,0.0384216516805024,0.0597091749931896,0.95626160808036,1.04373242623094,0.972480853809304,0.547947070714632,0,4.44089209850063e-16,FALSE,"nearby"
4,72,"Original saddle",0,4.9838857105727e-17,5912.47381204543,0.0782312875592441,1.05765001217945,0.0561999544731111,0.0828722991223126,0.00203231329713091,0.00203231329711544,1.96423629882212e-11,7.4811030727421e-16,3.86384444491801e-16,1,1,0.978070631482811,0.568015204607556,0,4.44089209850063e-16,TRUE,"selected"
4,72,"Classical MDS",0.0345066320977739,0.0708767669869112,1423.4913611783,0.0383860372972773,1.016908011786,0.0346029709098172,0.0390584595000143,0.00203231329713091,0.0454932944511614,0.0457967174951241,0.291900100369109,0.303923204651474,0.918701979740742,0.979525397398942,0.97148441457431,0.33037573220966,0,2.22044604925031e-16,TRUE,"selected"
4,72,"Stress MDS",0.0224610572121702,0.0496254486989905,771.469073931229,0.0282588916039353,0.99999999999994,0.0282588916039349,0.0282701816465047,0.00203231329713091,0.030475037660011,0.0307221450708276,0.153313743735303,0.168839967573533,0.933210367032379,1.00957928566932,0.973182909334676,0.360598266555099,0,4.44089209850063e-16,TRUE,"selected"
4,72,"Classical MDS + edge-KK",0.00215489531626014,0.00368142374385467,3393.42106038469,0.0592672448130156,1.03728685551816,0.047152165265836,0.0615455900550181,0.00203231329713091,0.00238346440091696,0.0022418073363445,0.304925393222188,0.312357588550053,0.933602152405105,1.01501534027409,0.969003840766808,0.51019057002341,0,2.22044604925031e-16,TRUE,"selected"
4,72,"Stress MDS + edge-KK",0.00121954243918708,0.00254544356582652,2700.05806104942,0.0528667258680941,1.01250981472614,0.0514066322323663,0.0535989470747034,0.00203231329713091,0.00224017435630842,0.00126206263624084,0.0459929661050106,0.06498589270058,0.956059903502095,1.04239014221059,0.970881845274601,0.53864192868024,0,2.22044604925031e-16,TRUE,"selected"
4,77,"Original saddle",0,5.0028994353592e-17,5865.89866726753,0.0779497232490153,1.05728590434074,0.0561223019423464,0.0825452430665141,0.00212036261029374,0.00212036261029374,6.95543687462527e-17,7.4811030727421e-16,3.86384444491801e-16,1,1,0.978070631482811,0.568015204607556,0,4.44089209850063e-16,FALSE,"nearby"
4,77,"Classical MDS",0.0342599686670104,0.0698536621135947,1409.24271308846,0.0382067589497926,1.01688426920447,0.0344150063219352,0.0388748805355988,0.00212036261029374,0.0448279011720574,0.045333966335698,0.269454208354923,0.280444992639115,0.925302290960968,0.979917373022393,0.971443549166965,0.330490953396735,0,4.44089209850063e-16,FALSE,"nearby"
4,77,"Stress MDS",0.0224761481150935,0.0496230405386806,767.056518876006,0.0281877870604969,0.999999999999936,0.0281877870604966,0.0281989920601291,0.00212036261029374,0.0301172354102463,0.0305794719993905,0.153165483446125,0.168542216621742,0.93355567448239,1.00957664786107,0.973140157497266,0.360947626679012,0,4.44089209850063e-16,FALSE,"nearby"
4,77,"Classical MDS + edge-KK",0.00223227535093865,0.00402408648695508,3265.11422699956,0.0581562626250197,1.03650835064558,0.0463054089954977,0.0603441812921212,0.00212036261029374,0.00247554903735776,0.00233414752294525,0.268144901687477,0.274174045345952,0.943970513513654,1.01497684786445,0.96930853412993,0.504682298394762,0,4.44089209850063e-16,FALSE,"nearby"
4,77,"Stress MDS + edge-KK",0.00128402834200605,0.00261972374016026,2734.64786607833,0.0532228351037105,1.01248460841369,0.0517786878764473,0.0539596837394738,0.00212036261029374,0.00227606559288216,0.00132013137695106,0.0443856447788913,0.063549209774595,0.956457543690784,1.04221815217871,0.970593309254525,0.541032333664946,0,4.44089209850063e-16,FALSE,"nearby"
4,80,"Original saddle",0,5.013585499802e-17,5839.66917010213,0.0777896367653615,1.0570937780586,0.0560651600807568,0.082360484846645,0.00219522332371176,0.00219522332367889,1.96524041341682e-11,7.4811030727421e-16,3.86384444491801e-16,1,1,0.978070631482811,0.568015204607556,0,4.44089209850063e-16,FALSE,"dense"
4,80,"Classical MDS",0.0341189278529477,0.0692064859653028,1401.57633792009,0.0381097412411744,1.01688703462595,0.0343059445302486,0.0387761262480192,0.00219522332371176,0.0444201891672045,0.0450432762213192,0.255411607992983,0.265840954882738,0.929142809626209,0.980177093349632,0.971474743866891,0.330473290770406,0,4.44089209850063e-16,FALSE,"dense"
4,80,"Stress MDS",0.0224712631025819,0.0495631332699943,764.16447163412,0.0281398023444133,0.999999999999962,0.0281398023444119,0.0281509501952068,0.00219522332371176,0.029911551717205,0.0304930803779572,0.15313255444169,0.168429152760055,0.933731909161173,1.00957396681295,0.973167592957124,0.361172475555372,0,4.44089209850063e-16,FALSE,"dense"
4,80,"Classical MDS + edge-KK",0.0022323368644601,0.00413900682711321,3258.60150383102,0.0581089794780046,1.03643935919538,0.0462947354895738,0.060291076101368,0.00219522332371176,0.00254357928401504,0.0023397590545497,0.243940839606049,0.249143568815066,0.95036490215697,1.0148093879859,0.968763211080193,0.505002602575138,0,4.44089209850063e-16,FALSE,"dense"
4,80,"Stress MDS + edge-KK",0.00132527057457709,0.00268619855579857,2737.17652180686,0.0532572852238397,1.01251421614293,0.0518072393715853,0.0539962698154808,0.00219522332371176,0.00233738594832698,0.00136364359809944,0.0442406291063662,0.063282147569922,0.956670008102227,1.04196931534385,0.969963084270939,0.541528251147172,0,4.44089209850063e-16,FALSE,"dense"
5,32,"Original saddle",0,4.83615300272967e-17,6862.31452589097,0.0831541819550146,1.06459194253669,0.0569680343804291,0.0886692707408659,0.0069719331006105,0.00697193310061051,8.07739214581713e-17,1.6719135679987e-16,3.49768317041621e-16,1,1,0.979029986865919,0.565962359092013,0,4.44089209850063e-16,FALSE,"sparse"
5,32,"Classical MDS",0.0344534415300588,0.071623582318525,1506.68441556764,0.0389636769355859,1.01749348051317,0.0349705588700262,0.0396695514198131,0.0069719331006105,0.0488735920850787,0.0448674977109877,0.43360970649397,0.457609116890512,0.860362914362021,0.984665998795677,0.978610679281807,0.331887305829794,0,4.44089209850063e-16,FALSE,"sparse"
5,32,"Stress MDS",0.0226147189348066,0.0520247675644768,789.306951588763,0.0282014701998323,0.999999999999955,0.0282014701998323,0.0282126915315457,0.0069719331006105,0.0358839204657521,0.0314588719605285,0.449871218466456,0.481919141244555,0.837877691579382,1.01392591191706,0.979834007730245,0.364120059953016,0,2.22044604925031e-16,FALSE,"sparse"
5,32,"Classical MDS + edge-KK",0.00200647284863486,0.00537964474670477,2197.19093618821,0.0470524980198672,1.03130559916817,0.0359678314823449,0.0485569235069501,0.0069719331006105,0.00838665076864577,0.00243558881721978,0.475960558981085,0.500198827448539,0.851135686316562,1.02174945952931,0.973606968057153,0.429001234294924,0,4.44089209850063e-16,FALSE,"sparse"
5,32,"Stress MDS + edge-KK",0.00193208582258713,0.00480226239362848,1616.1331510559,0.0403540711251992,1.00947651825525,0.039248701721016,0.040767899990659,0.0069719331006105,0.00820964531600234,0.00227140747857085,0.489199413195746,0.522422312265028,0.826312012985741,1.04577342679002,0.972766490825191,0.464074633266642,0,4.44089209850063e-16,FALSE,"sparse"
5,68,"Original saddle",0,4.96129232635125e-17,6084.70755317554,0.0787594631049027,1.05844130352098,0.0562499644033133,0.0834944641289289,0.00211496457920301,0.00211496457920275,6.2696516112123e-12,1.6719135679987e-16,3.49768317041621e-16,1,1,0.979029986865919,0.565962359092013,0,4.44089209850063e-16,FALSE,"nearby"
5,68,"Classical MDS",0.0351768047006592,0.0726440319237364,1492.54964623965,0.0390074252552965,1.01778592444494,0.0348793800512564,0.0397253801033069,0.00211496457920301,0.0463520062083816,0.0464785493831603,0.346940125194,0.361927470439126,0.900982773054935,0.978130792840209,0.978812176897157,0.329422703532071,0,4.44089209850063e-16,FALSE,"nearby"
5,68,"Stress MDS",0.0225056031129714,0.0500835951145899,773.638514527651,0.0280835453307835,0.999999999999989,0.0280835453307835,0.028094626428594,0.00211496457920301,0.0305718056702712,0.0306835403877878,0.168332611791256,0.183868524328147,0.930196025090471,1.0108686355243,0.980100383171695,0.361160684573685,0,4.44089209850063e-16,FALSE,"nearby"
5,68,"Classical MDS + edge-KK",0.00237856624081842,0.00314054274179018,4029.34320399293,0.0640914389572046,1.04023543730302,0.0511424272604038,0.0667575469723777,0.00211496457920301,0.00231315676158725,0.00244763772794941,0.397046140082778,0.40944135572002,0.901763863186823,1.01496901304541,0.974428997172041,0.535771249549167,0,4.44089209850063e-16,FALSE,"nearby"
5,68,"Stress MDS + edge-KK",0.00131785852950514,0.00202474736346186,2899.64403111887,0.0543694869683789,1.01265851680835,0.0529171203198749,0.0551349732217507,0.00211496457920301,0.00235694643648593,0.0013075918069637,0.0967410377929061,0.108940350767572,0.952083820560228,1.0438833658352,0.977625609032661,0.547128732142542,0,4.44089209850063e-16,FALSE,"nearby"
5,73,"Original saddle",0,4.99867337281104e-17,6037.74235555226,0.078482146966008,1.05807837995358,0.0561782582209039,0.0831716112979926,0.00211089482590296,0.0021108948259027,6.2718427191349e-12,1.6719135679987e-16,3.49768317041621e-16,1,1,0.979029986865919,0.565962359092013,0,4.44089209850063e-16,TRUE,"selected"
5,73,"Classical MDS",0.0344951034849455,0.0710052178730428,1460.14913655598,0.0385951021538243,1.01784803550378,0.0343870157149177,0.0393071955092775,0.00211089482590296,0.0455297080715505,0.0458895760207715,0.287197224780817,0.298862089789935,0.92054041928269,0.978959506559538,0.978811826003304,0.329017342784259,0,4.44089209850063e-16,TRUE,"selected"
5,73,"Stress MDS",0.0225093900458762,0.0500405454938408,770.175860848887,0.0280303511304351,1.00000000000002,0.0280303511304355,0.0280413693552638,0.00211089482590296,0.0300703995769852,0.0304141019109633,0.166904793750603,0.182316417941409,0.930746623552943,1.01105220413694,0.980091216929516,0.361351316199787,0,4.44089209850063e-16,TRUE,"selected"
5,73,"Classical MDS + edge-KK",0.00244741194374688,0.00371671017497326,3723.89377913844,0.0616356853009821,1.03876881545995,0.0490855409069306,0.0641024983516614,0.00211089482590296,0.0025337624077775,0.0025300692954485,0.300648996645992,0.307645052066313,0.935979082865342,1.01512424555131,0.976440582578344,0.524218941466041,0,4.44089209850063e-16,TRUE,"selected"
5,73,"Stress MDS + edge-KK",0.00153741100846182,0.00226633016117954,2865.7661134169,0.0540696997924015,1.01255359767276,0.0526331537080974,0.0548244604148659,0.00211089482590296,0.00238773720812464,0.00152357977102182,0.0935208240822299,0.105834173101755,0.952595690414919,1.0433904332994,0.97740261964097,0.545324309923205,0,4.44089209850063e-16,TRUE,"selected"
5,78,"Original saddle",0,5.04209004591487e-17,5986.5834472752,0.0781754324618903,1.05772719806265,0.0560548631093857,0.0828184974802631,0.00225857969475516,0.00225857969475492,6.27391263297703e-12,1.6719135679987e-16,3.49768317041621e-16,1,1,0.979029986865919,0.565962359092013,0,4.44089209850063e-16,FALSE,"nearby"
5,78,"Classical MDS",0.0338586837515167,0.0673416222135668,1433.90591812655,0.0382596595120106,1.01780432026272,0.0340316820952444,0.0389634161248361,0.00225857969475516,0.0441638160151592,0.044767997891045,0.211380676551251,0.220527682808926,0.939578129715387,0.981290458575451,0.978875219238846,0.329524195217964,0,2.22044604925031e-16,FALSE,"nearby"
5,78,"Stress MDS",0.0224702612132627,0.049899951017068,765.643089675945,0.0279572181792502,1.00000000000004,0.0279572181792503,0.0279681503535706,0.00225857969475516,0.0295717040699758,0.0301452003368098,0.165829665097861,0.181115623441752,0.931231497348013,1.01126317319452,0.980144661052961,0.361875974511997,0,2.22044604925031e-16,FALSE,"nearby"
5,78,"Classical MDS + edge-KK",0.00164145888949643,0.00276321951017364,3856.79228514202,0.0627471344309958,1.03755509361369,0.0512885588692144,0.065189406295506,0.00225857969475516,0.00239912528217961,0.00170542676613067,0.14948051582964,0.152648740748659,0.969658959664555,1.01747146714449,0.977659043617072,0.538093374132832,0,4.44089209850063e-16,FALSE,"nearby"
5,78,"Stress MDS + edge-KK",0.00168797378858934,0.00245793037444383,2837.11722446554,0.0538169910489292,1.01249865257499,0.0523860990441018,0.0545645532040673,0.00225857969475516,0.00252874480218297,0.00167330817685628,0.0915924277848401,0.103914505599559,0.953026038048503,1.04297842992119,0.977028144892387,0.544234727306323,0,4.44089209850063e-16,FALSE,"nearby"
5,80,"Original saddle",0,5.04418157066131e-17,5963.95666903198,0.078038751986274,1.05757917678728,0.0559924660228713,0.0826618396969262,0.00233814608656609,0.00233814608656585,6.27478673402007e-12,1.6719135679987e-16,3.49768317041621e-16,1,1,0.979029986865919,0.565962359092013,0,4.44089209850063e-16,FALSE,"dense"
5,80,"Classical MDS",0.0337852112288285,0.0666429562592729,1429.06415326792,0.0382004904220625,1.01776068520721,0.0339867713249686,0.0389014313328507,0.00233814608656609,0.0439795430690231,0.0446983593007509,0.199464290945059,0.208365227558958,0.942075929449281,0.981528473758623,0.978919952798696,0.329905271716337,0,4.44089209850063e-16,FALSE,"dense"
5,80,"Stress MDS",0.0224655583427947,0.0498947593828762,763.654669154141,0.0279248970995388,1.00000000000001,0.0279248970995387,0.0279357913871522,0.00233814608656609,0.0294639038133157,0.0301406454425995,0.165256659452057,0.180491608207291,0.931455099304205,1.01121091232032,0.980184421488697,0.362154597748374,0,4.44089209850063e-16,FALSE,"dense"
5,80,"Classical MDS + edge-KK",0.00159058512701079,0.00279818564639962,3760.08582843607,0.0619643580666184,1.03719809933941,0.0505632450789574,0.0643516290903386,0.00233814608656609,0.00251471115764297,0.00163969312782634,0.115729424441049,0.118761658323556,0.973856281788718,1.01710714962119,0.976024929317377,0.533976945004946,0,4.44089209850063e-16,FALSE,"dense"
5,80,"Stress MDS + edge-KK",0.00167387632134786,0.00244701341746788,2850.14374376877,0.0539481377282907,1.01242350188761,0.0525379716914945,0.0546938987814632,0.00233814608656609,0.00257037043818106,0.00166141081102894,0.0898943431262319,0.102308312324716,0.953247730537371,1.04296734031126,0.977237629461236,0.545732558740361,0,4.44089209850063e-16,FALSE,"dense"
