"start","initialization","initial_raw_stress","raw_stress","normalized_stress","iterations","converged","termination","backend_stress","warnings","error","replicate","k","selected","elapsed"
1,"classical",1166.09429556256,762.738819780371,0.000774474527353063,63,TRUE,"stress_tolerance",0.0278293824464912,"","",1,32,FALSE,2.441
2,"random",287658.059140098,811.095745307968,0.000823575485729636,228,TRUE,"stress_tolerance",0.0286980049085238,"","",1,32,FALSE,5.69
3,"random",287866.148550664,810.529251503277,0.000823000275696714,366,TRUE,"stress_tolerance",0.0286879813806534,"","",1,32,FALSE,8.856
4,"random",290239.500531286,809.643116741109,0.000822100506623339,261,TRUE,"stress_tolerance",0.0286722951056134,"","",1,32,FALSE,6.43299999999999
5,"random",289365.158810624,761.316728240613,0.000773030555124897,250,TRUE,"stress_tolerance",0.0278034270392147,"","",1,32,TRUE,5.81100000000001
6,"random",291362.1352615,807.526045399213,0.000819950861444194,251,TRUE,"stress_tolerance",0.028634784117297,"","",1,32,FALSE,5.92800000000003
1,"classical",1167.20037146198,766.276080447917,0.000787489276999919,79,TRUE,"stress_tolerance",0.0280622393439985,"","",1,66,FALSE,2.529
2,"random",284417.609562339,780.30117469466,0.000801902634809244,235,TRUE,"stress_tolerance",0.0283178854226299,"","",1,66,FALSE,5.34400000000005
3,"random",284616.45689146,781.940389362326,0.000803587228660501,366,TRUE,"stress_tolerance",0.0283476141616977,"","",1,66,FALSE,8.08600000000001
4,"random",286975.342123562,782.071662819034,0.000803722136224694,258,TRUE,"stress_tolerance",0.0283499935842093,"","",1,66,FALSE,6.03100000000001
5,"random",286125.348948858,755.719048733597,0.000776639989798998,248,TRUE,"stress_tolerance",0.0278682613343379,"","",1,66,TRUE,5.74599999999998
6,"random",288103.13675092,783.647379002153,0.000805341473731713,239,TRUE,"stress_tolerance",0.0283785389640081,"","",1,66,FALSE,5.62299999999999
1,"classical",1163.33822511433,761.294678152069,0.000782995427821668,573,TRUE,"stress_tolerance",0.0279820554609858,"","",1,71,FALSE,18.333
2,"random",284201.351953264,777.721222162919,0.000799890211437688,259,TRUE,"stress_tolerance",0.0282823303749476,"","",1,71,FALSE,7.37
3,"random",284401.207932841,779.114844210025,0.000801323558763383,385,TRUE,"stress_tolerance",0.0283076590124197,"","",1,71,FALSE,10.856
4,"random",286752.379397935,780.24456745959,0.00080248548484076,274,TRUE,"stress_tolerance",0.0283281747530751,"","",1,71,FALSE,7.809
5,"random",285909.121309372,754.661683192113,0.000776173358949445,254,TRUE,"stress_tolerance",0.0278598879924064,"","",1,71,TRUE,7.412
6,"random",287885.027411078,782.636938914454,0.000804946050984946,250,TRUE,"stress_tolerance",0.0283715711758255,"","",1,71,FALSE,7.285
1,"classical",1156.32112782372,756.118965232615,0.000778222183988189,808,TRUE,"stress_tolerance",0.0278966339185964,"","",1,76,FALSE,17.829
2,"random",284010.303115416,765.7003569163,0.000788083663338108,1000,FALSE,"iteration_limit",0.028072827847193,"Iteration limit reached! You may want to increase the itmax argument!","",1,76,FALSE,22.292
3,"random",284203.175641805,768.784285607968,0.000791257742857402,1000,FALSE,"iteration_limit",0.028129303988144,"Iteration limit reached! You may want to increase the itmax argument!","",1,76,FALSE,22.046
4,"random",286554.303497725,769.248353248549,0.000791735376337551,1000,FALSE,"iteration_limit",0.0281377926699587,"Iteration limit reached! You may want to increase the itmax argument!","",1,76,FALSE,21.985
5,"random",285716.443911469,753.155418246642,0.000775172005228203,263,TRUE,"stress_tolerance",0.0278419109478537,"","",1,76,TRUE,6.21299999999997
6,"random",287685.51778454,772.64580754857,0.000795232146590561,1000,FALSE,"iteration_limit",0.0281998607548085,"Iteration limit reached! You may want to increase the itmax argument!","",1,76,FALSE,21.782
1,"classical",1145.82319442369,751.361654858673,0.000773752050841747,861,TRUE,"stress_tolerance",0.0278163989553235,"","",1,80,FALSE,19.054
2,"random",283850.674706243,760.595672473291,0.000783261239952766,1000,FALSE,"iteration_limit",0.0279868047471087,"Iteration limit reached! You may want to increase the itmax argument!","",1,80,FALSE,21.2439999999999
3,"random",284050.152315426,763.114752686825,0.000785855388148714,1000,FALSE,"iteration_limit",0.0280331123521582,"Iteration limit reached! You may want to increase the itmax argument!","",1,80,FALSE,21.4209999999999
4,"random",286396.596334993,764.01663635707,0.000786784147734675,1000,FALSE,"iteration_limit",0.0280496728632387,"Iteration limit reached! You may want to increase the itmax argument!","",1,80,FALSE,21.154
5,"random",285560.588217925,751.091770650035,0.000773474124148825,302,TRUE,"stress_tolerance",0.0278114027720435,"","",1,80,TRUE,6.73800000000006
6,"random",287528.785675118,767.571437240121,0.000790444880826134,1000,FALSE,"iteration_limit",0.028114851605978,"Iteration limit reached! You may want to increase the itmax argument!","",1,80,FALSE,21.0410000000001
1,"classical",1118.80811766741,738.374263736176,0.000763840847801241,68,TRUE,"stress_tolerance",0.0276376708099884,"","",2,32,FALSE,2.50999999999999
2,"random",282236.844192006,736.380533658774,0.000761778353823047,266,TRUE,"stress_tolerance",0.0276003324947912,"","",2,32,TRUE,6.494
3,"random",281934.476777845,791.053320736046,0.000818336809451562,234,TRUE,"stress_tolerance",0.0286065868193248,"","",2,32,FALSE,5.39700000000002
4,"random",290126.53024122,739.65018965229,0.000765160780498468,450,TRUE,"stress_tolerance",0.027661539734774,"","",2,32,FALSE,9.89700000000002
5,"random",281404.316747212,794.430434191941,0.000821830399805347,253,TRUE,"stress_tolerance",0.0286675844780365,"","",2,32,FALSE,5.69399999999999
6,"random",275927.291688968,741.009537018308,0.0007665670118577,955,TRUE,"stress_tolerance",0.0276869465968664,"","",2,32,FALSE,19.768
1,"classical",1070.48181620876,709.151888981492,0.000742030467829271,377,TRUE,"stress_tolerance",0.0272402361926126,"","",2,65,FALSE,8.87199999999996
2,"random",279210.510196347,706.348922161895,0.000739097546387797,256,TRUE,"stress_tolerance",0.027186348529874,"","",2,65,TRUE,5.87299999999999
3,"random",278924.741694905,790.623651965995,0.000827279525670875,234,TRUE,"stress_tolerance",0.0287624673084716,"","",2,65,FALSE,5.33699999999999
4,"random",287045.399192837,707.171878270237,0.000739958657407261,274,TRUE,"stress_tolerance",0.0272021811148901,"","",2,65,FALSE,6.11500000000001
5,"random",278372.639532614,750.306617825203,0.000785093263221588,1000,FALSE,"iteration_limit",0.0280195157563768,"Iteration limit reached! You may want to increase the itmax argument!","",2,65,FALSE,20.831
6,"random",272950.864791967,714.673510175135,0.000747808089268564,1000,FALSE,"iteration_limit",0.0273460799616437,"Iteration limit reached! You may want to increase the itmax argument!","",2,65,FALSE,20.884
1,"classical",1065.45133402179,706.540838619656,0.000739837087222092,393,TRUE,"stress_tolerance",0.027199946456236,"","",2,70,FALSE,13.127
2,"random",279019.932408708,704.081245003952,0.000737261583476338,257,TRUE,"stress_tolerance",0.0271525612691757,"","",2,70,TRUE,7.224
3,"random",278733.940753442,772.5391226571,0.00080894558818194,1000,FALSE,"iteration_limit",0.0284419687817499,"Iteration limit reached! You may want to increase the itmax argument!","",2,70,FALSE,26.455
4,"random",286844.816815956,704.409161322621,0.000737604953088958,271,TRUE,"stress_tolerance",0.0271588835022526,"","",2,70,FALSE,7.639
5,"random",278180.475727377,741.29878695949,0.000776233029044502,1000,FALSE,"iteration_limit",0.0278609588680073,"Iteration limit reached! You may want to increase the itmax argument!","",2,70,FALSE,26.537
6,"random",272761.073005137,712.498268963982,0.000746075265784969,1000,FALSE,"iteration_limit",0.0273143783708326,"Iteration limit reached! You may want to increase the itmax argument!","",2,70,FALSE,26.079
1,"classical",1062.25016694766,704.816123360575,0.000738525815791024,398,TRUE,"stress_tolerance",0.0271758314645761,"","",2,75,FALSE,9.38799999999998
2,"random",278838.634915514,702.627243285958,0.000736232246746283,258,TRUE,"stress_tolerance",0.0271335999592073,"","",2,75,FALSE,6.02800000000002
3,"random",278550.529403137,766.367871919633,0.000803021439275346,1000,FALSE,"iteration_limit",0.0283376329158863,"Iteration limit reached! You may want to increase the itmax argument!","",2,75,FALSE,21.318
4,"random",286657.019964623,702.596798317836,0.000736200345667158,269,TRUE,"stress_tolerance",0.0271330121008931,"","",2,75,TRUE,6.154
5,"random",278000.095735813,735.98780617276,0.000771188366654196,1000,FALSE,"iteration_limit",0.0277702784763584,"Iteration limit reached! You may want to increase the itmax argument!","",2,75,FALSE,21.152
6,"random",272579.913167416,711.105016839527,0.000745115492208784,1000,FALSE,"iteration_limit",0.0272968036994971,"Iteration limit reached! You may want to increase the itmax argument!","",2,75,FALSE,21.485
1,"classical",1054.68532809815,700.54798317641,0.000734577228606815,399,TRUE,"stress_tolerance",0.02710308522303,"","",2,80,FALSE,9.11799999999994
2,"random",278642.753345563,698.994797354518,0.000732948596501725,263,TRUE,"stress_tolerance",0.0270730234089527,"","",2,80,FALSE,5.95100000000002
3,"random",278353.215663419,750.624133401015,0.000787085836917269,1000,FALSE,"iteration_limit",0.0280550501143311,"Iteration limit reached! You may want to increase the itmax argument!","",2,80,FALSE,20.9069999999999
4,"random",286454.812051371,698.231294539548,0.000732148006398943,266,TRUE,"stress_tolerance",0.0270582336156469,"","",2,80,TRUE,5.86500000000001
5,"random",277802.558710059,723.687864753127,0.000758841134130947,1000,FALSE,"iteration_limit",0.027547071244167,"Iteration limit reached! You may want to increase the itmax argument!","",2,80,FALSE,20.6469999999999
6,"random",272384.046751218,706.962542201612,0.000741303376000891,1000,FALSE,"iteration_limit",0.0272268870053287,"Iteration limit reached! You may want to increase the itmax argument!","",2,80,FALSE,20.208
1,"classical",1312.76435082209,852.166646246639,0.000825807899034338,56,TRUE,"stress_tolerance",0.0287368735083405,"","",3,32,FALSE,2.39400000000001
2,"random",304111.229672052,877.956806735648,0.000850800332548361,1000,FALSE,"iteration_limit",0.0291684818348222,"Iteration limit reached! You may want to increase the itmax argument!","",3,32,FALSE,23.25
3,"random",299176.424426384,861.789925791606,0.000835133516620818,810,TRUE,"stress_tolerance",0.0288986767278511,"","",3,32,FALSE,18.395
4,"random",307637.512319981,859.004835266614,0.000832434572975002,906,TRUE,"stress_tolerance",0.0288519422738751,"","",3,32,FALSE,20.856
5,"random",302754.093809542,851.601717181943,0.000825260444042905,247,TRUE,"stress_tolerance",0.0287273466237813,"","",3,32,TRUE,5.80199999999999
6,"random",300744.906892476,875.342062749122,0.000848266466376132,1000,FALSE,"iteration_limit",0.0291250144442213,"Iteration limit reached! You may want to increase the itmax argument!","",3,32,FALSE,21.056
1,"classical",1301.13127048239,842.378429326317,0.000825020213634023,58,TRUE,"stress_tolerance",0.0287231651047371,"","",3,62,FALSE,2.13300000000004
2,"random",301108.191147007,861.183057283349,0.000843437349726677,305,TRUE,"stress_tolerance",0.0290419928676859,"","",3,62,FALSE,6.85199999999998
3,"random",296214.962155197,855.73597536169,0.000838102511447067,275,TRUE,"stress_tolerance",0.0289500001977038,"","",3,62,FALSE,6.40699999999998
4,"random",304587.827546396,838.931158994498,0.000821643978433075,285,TRUE,"stress_tolerance",0.0286643328621665,"","",3,62,TRUE,6.512
5,"random",299765.594838514,839.109444662132,0.000821818590311155,253,TRUE,"stress_tolerance",0.0286673785043409,"","",3,62,FALSE,5.75399999999996
6,"random",297730.474624201,849.693990228324,0.000832185028648403,251,TRUE,"stress_tolerance",0.0288476173825222,"","",3,62,FALSE,5.76999999999998
1,"classical",1304.28533432278,844.770755576359,0.000828098796921852,59,TRUE,"stress_tolerance",0.0287767058038592,"","",3,67,FALSE,4.831
2,"random",300851.582261257,857.259607087442,0.000840341174919665,304,TRUE,"stress_tolerance",0.0289886387213968,"","",3,67,FALSE,8.584
3,"random",295968.005593268,856.510056268363,0.000839606416847828,273,TRUE,"stress_tolerance",0.0289759627423808,"","",3,67,FALSE,7.735
4,"random",304331.108413143,837.392127649628,0.000820865789779114,283,TRUE,"stress_tolerance",0.0286507554835666,"","",3,67,TRUE,8.058
5,"random",299510.789047168,840.94882634867,0.000824352295312418,256,TRUE,"stress_tolerance",0.0287115359274354,"","",3,67,FALSE,7.322
6,"random",297479.487171268,844.78436285558,0.000828112135654849,246,TRUE,"stress_tolerance",0.0287769375656069,"","",3,67,FALSE,7.079
1,"classical",1307.03392988425,847.251523216025,0.000831164224857682,62,TRUE,"stress_tolerance",0.0288299189186804,"","",3,72,FALSE,2.31299999999999
2,"random",300627.120900882,855.20533018989,0.000838967007888401,305,TRUE,"stress_tolerance",0.0289649272032302,"","",3,72,FALSE,6.99400000000003
3,"random",295740.95135461,859.280314623375,0.000842964618025598,272,TRUE,"stress_tolerance",0.0290338529655571,"","",3,72,FALSE,6.49900000000002
4,"random",304100.93379471,835.030675410296,0.0008191754219872,283,TRUE,"stress_tolerance",0.0286212407485622,"","",3,72,TRUE,6.64600000000002
5,"random",299286.747252671,842.654623028574,0.000826654608909695,263,TRUE,"stress_tolerance",0.0287516018494567,"","",3,72,FALSE,6.36099999999999
6,"random",297254.370541183,839.667813033979,0.000823724511357871,245,TRUE,"stress_tolerance",0.028700601236871,"","",3,72,FALSE,5.90199999999999
1,"classical",1308.47455296298,849.759053897635,0.000834508082350022,73,TRUE,"stress_tolerance",0.0288878535434882,"","",3,80,FALSE,2.899
2,"random",300309.096043152,852.046261023185,0.000836754240038516,312,TRUE,"stress_tolerance",0.0289267046176801,"","",3,80,FALSE,7.06799999999998
3,"random",295426.846116926,862.428136901655,0.000846949788165717,273,TRUE,"stress_tolerance",0.0291024017594028,"","",3,80,FALSE,6.269
4,"random",303784.485642872,832.070942228418,0.000817137426419065,284,TRUE,"stress_tolerance",0.0285856157257292,"","",3,80,TRUE,6.28800000000001
5,"random",298971.856796596,844.419559308469,0.000829264417843142,288,TRUE,"stress_tolerance",0.0287969515373258,"","",3,80,FALSE,6.483
6,"random",296945.209311789,833.417380894126,0.00081845970000211,242,TRUE,"stress_tolerance",0.0286087346802007,"","",3,80,FALSE,5.62600000000003
1,"classical",1202.32480757797,798.352966819239,0.000815360962504182,57,TRUE,"stress_tolerance",0.0285545261299182,"","",4,32,TRUE,2.28999999999999
2,"random",287951.686439469,813.627978415835,0.000830961390729914,327,TRUE,"stress_tolerance",0.0288264009326509,"","",4,32,FALSE,7.821
3,"random",285444.343391511,815.488954125506,0.000832862012395892,289,TRUE,"stress_tolerance",0.0288593487867608,"","",4,32,FALSE,6.839
4,"random",292477.166517927,800.633913847838,0.000817690502497087,361,TRUE,"stress_tolerance",0.0285952881170498,"","",4,32,FALSE,8.101
5,"random",284820.201076391,805.081357934374,0.000822232694286678,300,TRUE,"stress_tolerance",0.0286746001591423,"","",4,32,FALSE,6.727
6,"random",288852.222832445,815.925936210868,0.000833308303884151,256,TRUE,"stress_tolerance",0.02886707993345,"","",4,32,FALSE,5.84300000000002
1,"classical",1172.51996913388,789.009940498871,0.000816085962000193,86,TRUE,"stress_tolerance",0.0285672183105079,"","",4,67,FALSE,2.69399999999996
2,"random",284536.147511039,776.955394094507,0.000803617746336571,321,TRUE,"stress_tolerance",0.0283481524325059,"","",4,67,TRUE,7.16700000000003
3,"random",282013.013699317,788.57330119118,0.000815634338780795,317,TRUE,"stress_tolerance",0.0285593126454543,"","",4,67,FALSE,7.13
4,"random",289019.455945606,809.881302103531,0.000837673554676938,391,TRUE,"stress_tolerance",0.0289425906697553,"","",4,67,FALSE,8.59500000000003
5,"random",281425.882779883,808.828833210104,0.000836584968785581,302,TRUE,"stress_tolerance",0.028923778604906,"","",4,67,FALSE,6.83699999999999
6,"random",285436.222149353,780.715925366129,0.000807507325697882,261,TRUE,"stress_tolerance",0.0284166733749375,"","",4,67,FALSE,5.85000000000002
1,"classical",1156.73812370678,779.002464455136,0.000806362936307371,456,TRUE,"stress_tolerance",0.0283965303568482,"","",4,72,FALSE,15.129
2,"random",284321.963116612,771.469073931278,0.000798564954682991,320,TRUE,"stress_tolerance",0.0282588916039357,"","",4,72,TRUE,8.857
3,"random",281804.451093688,780.098491609857,0.000807497458616453,705,TRUE,"stress_tolerance",0.0284164997601127,"","",4,72,FALSE,18.82
4,"random",288802.35114362,813.142408280668,0.000841701958460247,393,TRUE,"stress_tolerance",0.0290121002076761,"","",4,72,FALSE,10.861
5,"random",281219.624926249,811.090351315623,0.000839577828235625,307,TRUE,"stress_tolerance",0.02897546942218,"","",4,72,FALSE,8.638
6,"random",285219.39462679,775.473167943257,0.000802709682269967,266,TRUE,"stress_tolerance",0.0283321316224179,"","",4,72,FALSE,7.66500000000001
1,"classical",1143.40768916345,772.979720054797,0.000800686855218604,435,TRUE,"stress_tolerance",0.0282964106419628,"","",4,77,FALSE,10.374
2,"random",284131.967904944,767.056518876013,0.000794551339367901,319,TRUE,"stress_tolerance",0.0281877870604961,"","",4,77,TRUE,7.46800000000002
3,"random",281616.03984494,773.541731281191,0.000801269011502635,898,TRUE,"stress_tolerance",0.0283066955242506,"","",4,77,FALSE,19.652
4,"random",288608.485398425,816.466188747262,0.000845732078215481,393,TRUE,"stress_tolerance",0.0290814731094474,"","",4,77,FALSE,8.93600000000004
5,"random",281032.353778016,813.158366940138,0.000842305688917478,315,TRUE,"stress_tolerance",0.0290225031469971,"","",4,77,FALSE,7.18399999999997
6,"random",285023.637374344,771.091140782232,0.000798730580610942,270,TRUE,"stress_tolerance",0.0282618219619849,"","",4,77,FALSE,6.423
1,"classical",1135.75202301074,769.733271556857,0.000797619021324058,390,TRUE,"stress_tolerance",0.0282421497291561,"","",4,80,FALSE,9.18699999999995
2,"random",284028.823946806,764.16447163412,0.000791848475982632,318,TRUE,"stress_tolerance",0.0281398023444127,"","",4,80,TRUE,7.125
3,"random",281514.057846869,770.13445160758,0.000798034735248942,909,TRUE,"stress_tolerance",0.028249508584202,"","",4,80,FALSE,19.215
4,"random",288502.456476198,818.184542922175,0.000847825576083146,394,TRUE,"stress_tolerance",0.0291174445321542,"","",4,80,FALSE,8.72400000000005
5,"random",280928.02442169,813.681550870435,0.000843159450496455,327,TRUE,"stress_tolerance",0.0290372080354922,"","",4,80,FALSE,7.22399999999993
6,"random",284921.333839978,768.124064714356,0.000795951516443793,271,TRUE,"stress_tolerance",0.0282126127192032,"","",4,80,FALSE,6.03300000000002
1,"classical",1213.68944317008,789.306951588781,0.000795322921432048,57,TRUE,"stress_tolerance",0.0282014701998328,"","",5,32,TRUE,2.35000000000002
2,"random",289174.609787299,803.452327724715,0.000809576111335596,343,TRUE,"stress_tolerance",0.0284530510022309,"","",5,32,FALSE,7.60000000000002
3,"random",295433.480359,789.587744241325,0.000795605854240745,214,TRUE,"stress_tolerance",0.0282064860314205,"","",5,32,FALSE,4.95099999999999
4,"random",292280.474316618,789.726613137185,0.000795745781572855,291,TRUE,"stress_tolerance",0.0282089663329379,"","",5,32,FALSE,6.49000000000001
5,"random",292906.340777122,812.483230745324,0.000818675846437464,209,TRUE,"stress_tolerance",0.0286125120609404,"","",5,32,FALSE,4.81699999999998
6,"random",292462.865213686,794.777769254866,0.000800835436784984,308,TRUE,"stress_tolerance",0.028299035969181,"","",5,32,FALSE,6.779
1,"classical",1193.3606964307,793.974746571541,0.000809417283129824,86,TRUE,"stress_tolerance",0.0284502598077736,"","",5,68,FALSE,2.815
2,"random",285969.854415405,776.103038675208,0.00079119797664331,318,TRUE,"stress_tolerance",0.0281282416201819,"","",5,68,FALSE,7.11900000000003
3,"random",292156.839607154,800.689367019488,0.000816262500642968,239,TRUE,"stress_tolerance",0.028570308024993,"","",5,68,FALSE,5.49900000000002
4,"random",289049.103875485,794.832986728945,0.000810292215763989,354,TRUE,"stress_tolerance",0.0284656321862706,"","",5,68,FALSE,7.79899999999998
5,"random",289654.21508275,773.638514527614,0.000788685518346156,203,TRUE,"stress_tolerance",0.0280835453307834,"","",5,68,TRUE,4.73099999999999
6,"random",289210.987645213,785.895718557766,0.000801181120791567,332,TRUE,"stress_tolerance",0.0283051430095583,"","",5,68,FALSE,7.29600000000005
1,"classical",1159.10238826889,781.674770985259,0.000797431282475632,395,TRUE,"stress_tolerance",0.0282388257984578,"","",5,73,FALSE,13.316
2,"random",285780.240308208,773.731313145288,0.000789327705377148,323,TRUE,"stress_tolerance",0.028094976514977,"","",5,73,FALSE,9.04
3,"random",291965.913769888,803.977117081108,0.000820183185325217,245,TRUE,"stress_tolerance",0.0286388405024577,"","",5,73,FALSE,7.018
4,"random",288857.502969075,788.977649643119,0.000804881367997212,1000,FALSE,"iteration_limit",0.0283704312268465,"Iteration limit reached! You may want to increase the itmax argument!","",5,73,FALSE,26.665
5,"random",289466.48061737,770.175860848873,0.000785700584495483,205,TRUE,"stress_tolerance",0.0280303511304349,"","",5,73,TRUE,6.113
6,"random",289018.648576533,781.667099553579,0.000797423456408027,778,TRUE,"stress_tolerance",0.0282386872288362,"","",5,73,FALSE,21.038
1,"classical",1134.50205527813,768.480049245197,0.000784502155905579,62,TRUE,"stress_tolerance",0.028008965634339,"","",5,78,FALSE,2.27999999999997
2,"random",285583.063194727,769.932599035611,0.00078598499003154,332,TRUE,"stress_tolerance",0.0280354238425523,"","",5,78,FALSE,7.58999999999997
3,"random",291765.947962103,795.566815259607,0.000812153656234945,1000,FALSE,"iteration_limit",0.0284983097083827,"Iteration limit reached! You may want to increase the itmax argument!","",5,78,FALSE,21.747
4,"random",288659.55450385,786.595884341294,0.000802995689606132,1000,FALSE,"iteration_limit",0.02833717857526,"Iteration limit reached! You may want to increase the itmax argument!","",5,78,FALSE,21.764
5,"random",289265.607537545,765.643089675968,0.000781606048322223,206,TRUE,"stress_tolerance",0.0279572181792509,"","",5,78,TRUE,4.91900000000004
6,"random",288818.378386187,775.208677698817,0.000791371070112705,1000,FALSE,"iteration_limit",0.0281313183145178,"Iteration limit reached! You may want to increase the itmax argument!","",5,78,FALSE,21.457
1,"classical",1131.18507781399,764.492242220511,0.000780655159079943,59,TRUE,"stress_tolerance",0.0279402068546374,"","",5,80,FALSE,2.226
2,"random",285500.602044717,767.95379636736,0.00078418989750361,339,TRUE,"stress_tolerance",0.0280033908215348,"","",5,80,FALSE,7.36500000000001
3,"random",291680.975599828,795.041548547057,0.000811850339714952,1000,FALSE,"iteration_limit",0.0284929875533437,"Iteration limit reached! You may want to increase the itmax argument!","",5,80,FALSE,21.128
4,"random",288575.54303861,785.561204627722,0.000802169562093213,1000,FALSE,"iteration_limit",0.0283225980816243,"Iteration limit reached! You may want to increase the itmax argument!","",5,80,FALSE,20.854
5,"random",289182.426016542,763.65466915413,0.000779799878019827,207,TRUE,"stress_tolerance",0.0279248970995388,"","",5,80,TRUE,4.82299999999998
6,"random",288734.058450959,772.98875482989,0.00078933130520202,1000,FALSE,"iteration_limit",0.0280950405801807,"Iteration limit reached! You may want to increase the itmax argument!","",5,80,FALSE,20.9680000000001
