"replicate","k","method","alignment","sample_size","seed","subdivisions","coordinate_relative_rmse","coordinate_rmse","alignment_scale","surface_rms","surface_mc_se","surface_forward_rms","surface_reverse_rms","area","reference_area","zero_area_faces"
1,32,"Original saddle","rigid",8000,1902,2,2.15398845846951e-16,2.0045380346763e-16,1,0.0340896823954885,0.000742813557766188,0.047998405082895,0.00451287061069488,7.30793046452647,6.54094176661301,0
1,32,"Original saddle","similarity",8000,1902,2,2.15398845846951e-16,2.0045380346763e-16,1,0.0340896823954885,0.000742813557766188,0.047998405082895,0.00451287061069488,7.30793046452647,6.54094176661301,0
1,32,"Classical MDS","rigid",8000,1902,2,0.396178202801423,0.368690125939408,1,0.32079418183173,0.00137864965470298,0.309391132711659,0.33180557739974,6.60608317260189,6.54094176661301,0
1,32,"Classical MDS","similarity",8000,1902,2,0.376934619433114,0.350781722283128,0.883637018040892,0.297730408605228,0.00130070366954073,0.26095096309544,0.330441200936013,5.15812473434598,6.54094176661301,0
1,32,"Stress MDS","rigid",8000,1902,2,0.312345219551529,0.290673736007496,1,0.260761710086408,0.00110557952502373,0.267212746633933,0.254146978991932,7.16020442754742,6.54094176661301,0
1,32,"Stress MDS","similarity",8000,1902,2,0.292450824199546,0.272159675728699,0.897097875236198,0.238629550124767,0.00101478356811695,0.226328897082194,0.250326496262492,5.76242224005517,6.54094176661301,0
1,32,"Classical MDS + edge-KK","rigid",8000,1902,2,0.421829515185485,0.392561670427511,1,0.3199637185898,0.0013752116428079,0.345478246037458,0.292229950454274,7.87216518444196,6.54094176661301,0
1,32,"Classical MDS + edge-KK","similarity",8000,1902,2,0.403819983791926,0.37580169637884,0.882384987202147,0.290090593617944,0.00122000875389883,0.292667018173656,0.287491080704364,6.12929352026193,6.54094176661301,0
1,32,"Stress MDS + edge-KK","rigid",8000,1902,2,0.317775053552364,0.295726831224351,1,0.238090569756535,0.00104221740324847,0.259086105892848,0.215054943089581,8.1308865864852,6.54094176661301,0
1,32,"Stress MDS + edge-KK","similarity",8000,1902,2,0.300633561281626,0.279774669042285,0.902565869502768,0.216939582012534,0.000931780649973336,0.223494181848365,0.210180672678236,6.62362469532059,6.54094176661301,0
1,66,"Original saddle","rigid",8000,1902,2,2.15398845846951e-16,2.0045380346763e-16,1,0.0340896823954885,0.000742813557766188,0.047998405082895,0.00451287061069488,7.30793046452647,6.54094176661301,0
1,66,"Original saddle","similarity",8000,1902,2,2.15398845846951e-16,2.0045380346763e-16,1,0.0340896823954885,0.000742813557766188,0.047998405082895,0.00451287061069488,7.30793046452647,6.54094176661301,0
1,66,"Classical MDS","rigid",8000,1902,2,0.37953421825948,0.35320095285136,1,0.311127065009103,0.00135349444365258,0.298114524082136,0.323616797607352,6.45806541049022,6.54094176661301,0
1,66,"Classical MDS","similarity",8000,1902,2,0.363219809599335,0.338018488644589,0.894335102341464,0.290504116334453,0.00128095125388969,0.254894459585123,0.32220195171248,5.16538852537644,6.54094176661301,0
1,66,"Stress MDS","rigid",8000,1902,2,0.287782340367221,0.26781510583587,1,0.244755544286237,0.00105338225244517,0.250683202575854,0.238680717411395,7.05384621010046,6.54094176661301,0
1,66,"Stress MDS","similarity",8000,1902,2,0.270949723809784,0.252150388608705,0.908473481578507,0.225331092422678,0.000971995011774528,0.215423203396301,0.234821306237894,5.82170904021782,6.54094176661301,0
1,66,"Classical MDS + edge-KK","rigid",8000,1902,2,0.428665647186219,0.398923490311762,1,0.311096535023683,0.0013318533932609,0.332179912259679,0.28847636662062,7.61779049870401,6.54094176661301,0
1,66,"Classical MDS + edge-KK","similarity",8000,1902,2,0.414299062417104,0.385553703911628,0.892129923486865,0.286242648092008,0.00120047908055285,0.28803147416354,0.284442572524979,6.06296746609836,6.54094176661301,0
1,66,"Stress MDS + edge-KK","rigid",8000,1902,2,0.2935202431632,0.273154895075962,1,0.206259864782203,0.000929220811348119,0.221265781154476,0.190072927399051,7.9735144221112,6.54094176661301,0
1,66,"Stress MDS + edge-KK","similarity",8000,1902,2,0.281102332277476,0.26159857749971,0.919099245332615,0.192707614139874,0.000856186083124938,0.197811485792665,0.187464837192107,6.73557386444802,6.54094176661301,0
1,71,"Original saddle","rigid",8000,1902,2,2.15398845846951e-16,2.0045380346763e-16,1,0.0340896823954885,0.000742813557766188,0.047998405082895,0.00451287061069488,7.30793046452647,6.54094176661301,0
1,71,"Original saddle","similarity",8000,1902,2,2.15398845846951e-16,2.0045380346763e-16,1,0.0340896823954885,0.000742813557766188,0.047998405082895,0.00451287061069488,7.30793046452647,6.54094176661301,0
1,71,"Classical MDS","rigid",8000,1902,2,0.36758242414392,0.342078411412915,1,0.302974518672717,0.00131862500430582,0.290467705852749,0.314985126294196,6.45759852411094,6.54094176661301,0
1,71,"Classical MDS","similarity",8000,1902,2,0.352154107908385,0.327720559780266,0.898804264083636,0.283226994883676,0.00124902027457731,0.249554620719314,0.313301057354289,5.21676518902365,6.54094176661301,0
1,71,"Stress MDS","rigid",8000,1902,2,0.283612568709388,0.263934645914567,1,0.241645520252583,0.00104514460311356,0.247308911230792,0.235846173049561,7.04794409349636,6.54094176661301,0
1,71,"Stress MDS","similarity",8000,1902,2,0.26706104091889,0.248531514640768,0.909861789805197,0.222596474655057,0.000964032335143062,0.212848093527034,0.231935487020908,5.83462978059305,6.54094176661301,0
1,71,"Classical MDS + edge-KK","rigid",8000,1902,2,0.410801448932929,0.382298765737721,1,0.296933555770114,0.00128765484657643,0.316352754011805,0.276152146675911,7.63706668129687,6.54094176661301,0
1,71,"Classical MDS + edge-KK","similarity",8000,1902,2,0.397778063380216,0.370178983211488,0.899403995376091,0.274457854496549,0.0011630173097298,0.27674864772461,0.272147779289667,6.17783361600155,6.54094176661301,0
1,71,"Stress MDS + edge-KK","rigid",8000,1902,2,0.28751425659232,0.267565622547715,1,0.200287594690958,0.000889358344063733,0.213694974963355,0.185915838081616,7.94941943581137,6.54094176661301,0
1,71,"Stress MDS + edge-KK","similarity",8000,1902,2,0.27544646085013,0.256335128036564,0.921030284392432,0.187925974551047,0.000823527740601295,0.19165887043671,0.184117411465743,6.74346694817109,6.54094176661301,0
1,71,"stress_mds","rigid",8000,1902,2,0.235446722127043,0.219110695690016,1,0.208696568136479,0.000936786560198026,0.215140333242225,0.202047400667053,7.0729293658975,6.54094176661301,0
1,71,"stress_mds","similarity",8000,1902,2,0.220078760363513,0.204809010948244,0.921003734964886,0.191814346298803,0.000861418877842036,0.186402196535302,0.197077923722798,5.99959733873403,6.54094176661301,0
1,71,"classical_kk","rigid",8000,1902,2,0.419580739040318,0.390468921370878,1,0.299516356648578,0.00126184024369846,0.315504617613491,0.28262507331205,7.54820350751163,6.54094176661301,0
1,71,"classical_kk","similarity",8000,1902,2,0.406753013832432,0.378531223665732,0.898714427640376,0.278463355541967,0.00115185455396691,0.276748871756279,0.280167347742399,6.09659054474303,6.54094176661301,0
1,71,"stress_kk","rigid",8000,1902,2,0.289112808933599,0.269053262351872,1,0.198043358025421,0.00087206030122695,0.209406481127541,0.185987281763433,7.91788792936885,6.54094176661301,0
1,71,"stress_kk","similarity",8000,1902,2,0.277384591503481,0.258138785152524,0.921794942360109,0.187048673905885,0.000818601521660936,0.188655220345361,0.185428208901298,6.72787621391474,6.54094176661301,0
1,76,"Original saddle","rigid",8000,1902,2,2.15398845846951e-16,2.0045380346763e-16,1,0.0340896823954885,0.000742813557766188,0.047998405082895,0.00451287061069488,7.30793046452647,6.54094176661301,0
1,76,"Original saddle","similarity",8000,1902,2,2.15398845846951e-16,2.0045380346763e-16,1,0.0340896823954885,0.000742813557766188,0.047998405082895,0.00451287061069488,7.30793046452647,6.54094176661301,0
1,76,"Classical MDS","rigid",8000,1902,2,0.354362029690038,0.32977528907629,1,0.293555867193154,0.00128078685389464,0.281301299292088,0.305318969839138,6.45948559530904,6.54094176661301,0
1,76,"Classical MDS","similarity",8000,1902,2,0.339830818017193,0.316252298099427,0.903512201203243,0.274781026352077,0.00121448012877518,0.242847673904488,0.303371442567326,5.27309963709927,6.54094176661301,0
1,76,"Stress MDS","rigid",8000,1902,2,0.279416704809,0.260029904111712,1,0.238821108799835,0.00103260801105672,0.244496514578023,0.23300750712362,7.04148379175769,6.54094176661301,0
1,76,"Stress MDS","similarity",8000,1902,2,0.263125549623717,0.244869079981337,0.911204944557246,0.220049663421897,0.000952750684197468,0.210669494062879,0.229046006329451,5.84650491900128,6.54094176661301,0
1,76,"Classical MDS + edge-KK","rigid",8000,1902,2,0.392194909282088,0.364983205722918,1,0.283301486118811,0.00124354929958617,0.301981555535005,0.263299457255255,7.64649752233834,6.54094176661301,0
1,76,"Classical MDS + edge-KK","similarity",8000,1902,2,0.380502762896868,0.354102296847097,0.906798210422318,0.262852682195694,0.00112634941151366,0.266562831921855,0.259089408723595,6.28758487953263,6.54094176661301,0
1,76,"Stress MDS + edge-KK","rigid",8000,1902,2,0.281994145515962,0.262428513959835,1,0.196081432300386,0.000874194678423958,0.209075739992978,0.182162540420172,7.95648168819134,6.54094176661301,0
1,76,"Stress MDS + edge-KK","similarity",8000,1902,2,0.270230213224679,0.251480799907556,0.922752388963459,0.184426770586637,0.000816917965192338,0.18795515696441,0.18082955065065,6.77472114795717,6.54094176661301,0
1,80,"Original saddle","rigid",8000,1902,2,2.15398845846951e-16,2.0045380346763e-16,1,0.0340896823954885,0.000742813557766188,0.047998405082895,0.00451287061069488,7.30793046452647,6.54094176661301,0
1,80,"Original saddle","similarity",8000,1902,2,2.15398845846951e-16,2.0045380346763e-16,1,0.0340896823954885,0.000742813557766188,0.047998405082895,0.00451287061069488,7.30793046452647,6.54094176661301,0
1,80,"Classical MDS","rigid",8000,1902,2,0.338686107764318,0.315187011406943,1,0.283838030712306,0.00123680077971022,0.27367185266938,0.293652468768423,6.47004598753516,6.54094176661301,0
1,80,"Classical MDS","similarity",8000,1902,2,0.325108788003472,0.302551728352123,0.908770452291596,0.26585762255079,0.00117320973796633,0.237555277863201,0.29142415976726,5.34337634461758,6.54094176661301,0
1,80,"Stress MDS","rigid",8000,1902,2,0.273249573488756,0.254290667558395,1,0.234469988074946,0.00101532955225993,0.240075040184413,0.228727623378076,7.03944621634004,6.54094176661301,0
1,80,"Stress MDS","similarity",8000,1902,2,0.257246433100538,0.239397874861984,0.912951956994622,0.216055570939936,0.000937036377612757,0.20711122475991,0.224644074141326,5.86724661318195,6.54094176661301,0
1,80,"Classical MDS + edge-KK","rigid",8000,1902,2,0.368220705493875,0.342672406816084,1,0.266688550628057,0.00117817703081633,0.285138139345333,0.246863945449449,7.65319063024153,6.54094176661301,0
1,80,"Classical MDS + edge-KK","similarity",8000,1902,2,0.358012468205684,0.333172448805298,0.91557124432571,0.24839465921169,0.00106760147582222,0.254177014451336,0.2424744497352,6.41544549314337,6.54094176661301,0
1,80,"Stress MDS + edge-KK","rigid",8000,1902,2,0.273205904726626,0.254250028670906,1,0.189498937410044,0.000846074625778695,0.202242730701488,0.175833934260361,7.95086796791144,6.54094176661301,0
1,80,"Stress MDS + edge-KK","similarity",8000,1902,2,0.261833826285102,0.243666980428597,0.925220901933591,0.17878047880884,0.000793162047074659,0.182585859754963,0.17489231836698,6.80621106292751,6.54094176661301,0
2,32,"Original saddle","rigid",8000,1903,2,1.79901827649064e-16,1.65973938290032e-16,1,0.0213792956223838,0.000652128898784904,0.0300594703461643,0.00325220004406674,6.88225690077133,6.46563463579793,0
2,32,"Original saddle","similarity",8000,1903,2,1.5271853765718e-15,1.40895161967459e-15,0.999999999999998,0.0213792956223837,0.000652128898784901,0.0300594703461642,0.00325220004406694,6.8822569007713,6.46563463579793,0
2,32,"Classical MDS","rigid",8000,1903,2,0.353838144414425,0.326444211896836,1,0.29042809641554,0.00128718830523149,0.281272254198564,0.299303988268059,6.44401270245228,6.46563463579793,0
2,32,"Classical MDS","similarity",8000,1903,2,0.337392407813516,0.311271694155339,0.898261930736084,0.270694177710052,0.0012112842652627,0.240650212894878,0.2977215993607,5.19950950286019,6.46563463579793,0
2,32,"Stress MDS","rigid",8000,1903,2,0.267228103398438,0.246539467232841,1,0.225250639101739,0.00100262755267084,0.228436175936962,0.222019400852225,6.87988387124262,6.46563463579793,0
2,32,"Stress MDS","similarity",8000,1903,2,0.249077791763943,0.2297943416133,0.909128320639015,0.20651297010588,0.000920991100010823,0.194970004009262,0.217444041492363,5.68632242522988,6.46563463579793,0
2,32,"Classical MDS + edge-KK","rigid",8000,1903,2,0.373190573897415,0.344298388136989,1,0.288334302875336,0.0012936789421481,0.309423951916878,0.265575146445132,7.62480850110503,6.46563463579793,0
2,32,"Classical MDS + edge-KK","similarity",8000,1903,2,0.358727029706416,0.330954602682542,0.900718162803906,0.265221978809837,0.00116432641225747,0.269106681101633,0.261279525171941,6.18595535538395,6.46563463579793,0
2,32,"Stress MDS + edge-KK","rigid",8000,1903,2,0.26088702607411,0.240689312232897,1,0.201961892009134,0.000919382850305234,0.221544855794964,0.180263941260051,7.89489628372484,6.46563463579793,0
2,32,"Stress MDS + edge-KK","similarity",8000,1903,2,0.245995388384886,0.226950576016775,0.917738160842004,0.184981221158251,0.000825443752319938,0.194032294815469,0.175463879277299,6.64942375073827,6.46563463579793,0
2,65,"Original saddle","rigid",8000,1903,2,1.79901827649064e-16,1.65973938290032e-16,1,0.0213792956223838,0.000652128898784904,0.0300594703461643,0.00325220004406674,6.88225690077133,6.46563463579793,0
2,65,"Original saddle","similarity",8000,1903,2,1.5271853765718e-15,1.40895161967459e-15,0.999999999999998,0.0213792956223837,0.000652128898784901,0.0300594703461642,0.00325220004406694,6.8822569007713,6.46563463579793,0
2,65,"Classical MDS","rigid",8000,1903,2,0.30937182221916,0.285420445143236,1,0.260733524270355,0.00116597612348384,0.252417195682562,0.268792672297127,6.35329550743967,6.46563463579793,0
2,65,"Classical MDS","similarity",8000,1903,2,0.29677202606649,0.273796117494995,0.916158270038787,0.244292773852256,0.00110164570248846,0.220393491024797,0.266053806262495,5.33261301698654,6.46563463579793,0
2,65,"Stress MDS","rigid",8000,1903,2,0.250184619269861,0.23081547921132,1,0.213958369892939,0.000967989828282473,0.216318789332503,0.211571617841827,6.7937307199732,6.46563463579793,0
2,65,"Stress MDS","similarity",8000,1903,2,0.234522951488883,0.216366328161728,0.917744486436763,0.197194390004129,0.000893200727408725,0.186755166741081,0.207108093984063,5.72205327613077,6.46563463579793,0
2,65,"Classical MDS + edge-KK","rigid",8000,1903,2,0.323777995972284,0.298711301743986,1,0.235864656692478,0.00114733966628127,0.250456026450243,0.220308990665557,7.3809974283112,6.46563463579793,0
2,65,"Classical MDS + edge-KK","similarity",8000,1903,2,0.315319980869637,0.290908100992511,0.92809626677308,0.222178173392283,0.00105668594154093,0.226421499892546,0.217852211029112,6.35771572886181,6.46563463579793,0
2,65,"Stress MDS + edge-KK","rigid",8000,1903,2,0.23820793440265,0.219766021954292,1,0.167791170932658,0.000794163557217335,0.179884411210586,0.15475578402543,7.68649915822163,6.46563463579793,0
2,65,"Stress MDS + edge-KK","similarity",8000,1903,2,0.227499898685331,0.209886995806649,0.932384434209267,0.157324564584372,0.000725396998031229,0.163094981002812,0.151334280369706,6.68218681360933,6.46563463579793,0
2,70,"Original saddle","rigid",8000,1903,2,1.79901827649064e-16,1.65973938290032e-16,1,0.0213792956223838,0.000652128898784904,0.0300594703461643,0.00325220004406674,6.88225690077133,6.46563463579793,0
2,70,"Original saddle","similarity",8000,1903,2,1.5271853765718e-15,1.40895161967459e-15,0.999999999999998,0.0213792956223837,0.000652128898784901,0.0300594703461642,0.00325220004406694,6.8822569007713,6.46563463579793,0
2,70,"Classical MDS","rigid",8000,1903,2,0.303627680057974,0.280121010951553,1,0.256496035746339,0.00115064513292596,0.248199388293086,0.264532599802203,6.35086245989845,6.46563463579793,0
2,70,"Classical MDS","similarity",8000,1903,2,0.291378059921424,0.268819748906644,0.918066409529715,0.240467763857395,0.00108768291903598,0.217160508131032,0.261707479101044,5.35279859096527,6.46563463579793,0
2,70,"Stress MDS","rigid",8000,1903,2,0.247517362640908,0.228354719957662,1,0.211751347981614,0.000959840856356534,0.213754022179716,0.209729551437213,6.79149275766113,6.46563463579793,0
2,70,"Stress MDS","similarity",8000,1903,2,0.232041655159009,0.21407713227464,0.918640142615829,0.195229190305887,0.000886091897187837,0.184694455348439,0.205223857430193,5.73133877969505,6.46563463579793,0
2,70,"Classical MDS + edge-KK","rigid",8000,1903,2,0.314652853315831,0.290292622045499,1,0.227946338157438,0.00109636663178286,0.240545186737169,0.214609131437483,7.38520652519773,6.46563463579793,0
2,70,"Classical MDS + edge-KK","similarity",8000,1903,2,0.306706213614467,0.282961206324809,0.931248668419878,0.215288803714745,0.00101390606194961,0.218293359929399,0.212241718379271,6.40462895239867,6.46563463579793,0
2,70,"Stress MDS + edge-KK","rigid",8000,1903,2,0.233731399493839,0.215636057637545,1,0.163829139681525,0.00077433362485618,0.175904036840226,0.150790397044672,7.69186338157627,6.46563463579793,0
2,70,"Stress MDS + edge-KK","similarity",8000,1903,2,0.223241615027587,0.205958385862728,0.933682423898033,0.153847305553291,0.000709082342652749,0.159870652393229,0.147578322782782,6.70548088714142,6.46563463579793,0
2,70,"stress_mds","rigid",8000,1903,2,0.236294950754809,0.21800114032932,1,0.204269319519094,0.00093026064598566,0.20656683628671,0.201945665811592,6.78719978116754,6.46563463579793,0
2,70,"stress_mds","similarity",8000,1903,2,0.22101790789759,0.203906836777361,0.921061272145134,0.188045239793873,0.000857631871886573,0.178563996241288,0.197070859501378,5.7579471807646,6.46563463579793,0
2,70,"classical_kk","rigid",8000,1903,2,0.316463882178877,0.291963442162697,1,0.226161986903702,0.00103808447392632,0.236178134000267,0.215681194499225,7.30961653619756,6.46563463579793,0
2,70,"classical_kk","similarity",8000,1903,2,0.309142630708622,0.285208997499131,0.933564538034417,0.214744059296826,0.000965936156550462,0.215768001222247,0.213715211566968,6.37064327310166,6.46563463579793,0
2,70,"stress_kk","rigid",8000,1903,2,0.233137101010321,0.215087769378786,1,0.158383641440985,0.000716786570219069,0.167490801677315,0.148719827547316,7.62373222890824,6.46563463579793,0
2,70,"stress_kk","similarity",8000,1903,2,0.222955875956833,0.205694768535899,0.934663796143011,0.149491579479194,0.00066375754716535,0.153007648064031,0.145890795817564,6.66006511985431,6.46563463579793,0
2,75,"Original saddle","rigid",8000,1903,2,1.79901827649064e-16,1.65973938290032e-16,1,0.0213792956223838,0.000652128898784904,0.0300594703461643,0.00325220004406674,6.88225690077133,6.46563463579793,0
2,75,"Original saddle","similarity",8000,1903,2,1.5271853765718e-15,1.40895161967459e-15,0.999999999999998,0.0213792956223837,0.000652128898784901,0.0300594703461642,0.00325220004406694,6.8822569007713,6.46563463579793,0
2,75,"Classical MDS","rigid",8000,1903,2,0.299789770557501,0.276580230055003,1,0.253822132276216,0.00114026532377124,0.245588426004006,0.261797010447722,6.34777957284604,6.46563463579793,0
2,75,"Classical MDS","similarity",8000,1903,2,0.287797701550427,0.265516579688801,0.919412408592493,0.238032765650444,0.00107835282827957,0.215153890337266,0.258897660319939,5.36589980476441,6.46563463579793,0
2,75,"Stress MDS","rigid",8000,1903,2,0.212325383866853,0.19588728263544,1,0.188507377551972,0.0008858481519625,0.191499253410618,0.185467244348482,6.80275751090633,6.46563463579793,0
2,75,"Stress MDS","similarity",8000,1903,2,0.197408639060833,0.182125383080133,0.926142055699011,0.173138051586026,0.000816990747292571,0.165853689385035,0.180128075355795,5.83499115481713,6.46563463579793,0
2,75,"Classical MDS + edge-KK","rigid",8000,1903,2,0.308784785055182,0.284878856037104,1,0.224962534705722,0.00111051185559596,0.238186282894727,0.210911305252325,7.39038485351086,6.46563463579793,0
2,75,"Classical MDS + edge-KK","similarity",8000,1903,2,0.301086429210029,0.277776502188479,0.932962553820976,0.212568519286093,0.00102796941698373,0.216533026121071,0.208528653622987,6.43273233114652,6.46563463579793,0
2,75,"Stress MDS + edge-KK","rigid",8000,1903,2,0.171067520844606,0.157823578109931,1,0.11494062796038,0.000474969107031096,0.122566446899419,0.106771541181651,7.66138653808275,6.46563463579793,0
2,75,"Stress MDS + edge-KK","similarity",8000,1903,2,0.161232569605909,0.148750042775086,0.945246006123415,0.107696756874465,0.000432548389244051,0.112089847319733,0.103116676684203,6.84537235055509,6.46563463579793,0
2,80,"Original saddle","rigid",8000,1903,2,1.79901827649064e-16,1.65973938290032e-16,1,0.0213792956223838,0.000652128898784904,0.0300594703461643,0.00325220004406674,6.88225690077133,6.46563463579793,0
2,80,"Original saddle","similarity",8000,1903,2,1.5271853765718e-15,1.40895161967459e-15,0.999999999999998,0.0213792956223837,0.000652128898784901,0.0300594703461642,0.00325220004406694,6.8822569007713,6.46563463579793,0
2,80,"Classical MDS","rigid",8000,1903,2,0.29011334989994,0.267652951960756,1,0.247544638539268,0.00111985826332065,0.240317146173337,0.254567015526711,6.35279447445848,6.46563463579793,0
2,80,"Classical MDS","similarity",8000,1903,2,0.278614714064502,0.257044533472127,0.922337417461235,0.232194713199174,0.0010580118453143,0.211088151985379,0.251536402468292,5.40436235603111,6.46563463579793,0
2,80,"Stress MDS","rigid",8000,1903,2,0.209706977859625,0.193471592018279,1,0.186520371391262,0.000881219412408888,0.189403883618131,0.183591575945733,6.8041086695954,6.46563463579793,0
2,80,"Stress MDS","similarity",8000,1903,2,0.194936793832507,0.179844906596098,0.926937835153022,0.171358037327315,0.000813037247297699,0.164164676759737,0.178261360977948,5.84618372703108,6.46563463579793,0
2,80,"Classical MDS + edge-KK","rigid",8000,1903,2,0.294290216070538,0.271506447709543,1,0.214785362085368,0.00108813799678395,0.227204506541058,0.201602618385079,7.35229228779544,6.46563463579793,0
2,80,"Classical MDS + edge-KK","similarity",8000,1903,2,0.287288259186546,0.265046578040847,0.937539077221133,0.203749889944057,0.0010167768992975,0.207578771054419,0.19984766476486,6.46251435570656,6.46563463579793,0
2,80,"Stress MDS + edge-KK","rigid",8000,1903,2,0.166266943995208,0.153394658981256,1,0.112453952373091,0.000482230001213246,0.120186012283342,0.104149437156844,7.65755141759664,6.46563463579793,0
2,80,"Stress MDS + edge-KK","similarity",8000,1903,2,0.156528678450843,0.14441032399348,0.946282935757027,0.10546552314626,0.000435291073385436,0.109927853643022,0.100805853691475,6.8569650953802,6.46563463579793,0
3,32,"Original saddle","rigid",8000,1904,2,2.8557931254801e-16,2.71907381243011e-16,1,0.0471108510727626,0.000815925720848296,0.066385505558987,0.00564173991581916,7.99928938894063,6.74592761052731,0
3,32,"Original saddle","similarity",8000,1904,2,4.24169993337792e-16,4.03863119710239e-16,1,0.0471108510727627,0.000815925720848296,0.0663855055589871,0.00564173991581905,7.99928938894064,6.74592761052731,0
3,32,"Classical MDS","rigid",8000,1904,2,0.438819890930834,0.417811662601744,1,0.354017518530152,0.00150822168594853,0.344388861512483,0.36339113764459,6.95360722138293,6.74592761052731,0
3,32,"Classical MDS","similarity",8000,1904,2,0.416351223978248,0.396418669052633,0.867709608680508,0.326640519175322,0.00141816668852453,0.28595500598125,0.362791664855341,5.2355097057229,6.74592761052731,0
3,32,"Stress MDS","rigid",8000,1904,2,0.418102548325267,0.398086149839866,1,0.338348228357544,0.00141113828187481,0.347096084762845,0.329368115044066,7.62247473660485,6.74592761052731,0
3,32,"Stress MDS","similarity",8000,1904,2,0.391649565853459,0.372899587389662,0.862765233373411,0.306361152159941,0.00128528153159853,0.284352959597235,0.326890968785964,5.673894625596,6.74592761052731,0
3,32,"Classical MDS + edge-KK","rigid",8000,1904,2,0.474584201714046,0.451863779333377,1,0.363143632874427,0.00154758397037159,0.383879788374011,0.341149387032128,8.33794190914615,6.74592761052731,0
3,32,"Classical MDS + edge-KK","similarity",8000,1904,2,0.452354609927244,0.43069841537574,0.861359621739669,0.327259151973124,0.00138321995131033,0.318068480276548,0.336198671851784,6.18625593826851,6.74592761052731,0
3,32,"Stress MDS + edge-KK","rigid",8000,1904,2,0.445491915225804,0.424164267898845,1,0.332987347403943,0.0014110120675416,0.360315101256921,0.303206488829714,8.76582966072111,6.74592761052731,0
3,32,"Stress MDS + edge-KK","similarity",8000,1904,2,0.41973322465303,0.399638758556447,0.858753484427036,0.296165121420344,0.0012323019509838,0.296606593409717,0.295722990377374,6.46442723915175,6.74592761052731,0
3,62,"Original saddle","rigid",8000,1904,2,2.8557931254801e-16,2.71907381243011e-16,1,0.0471108510727626,0.000815925720848296,0.066385505558987,0.00564173991581916,7.99928938894063,6.74592761052731,0
3,62,"Original saddle","similarity",8000,1904,2,4.24169993337792e-16,4.03863119710239e-16,1,0.0471108510727627,0.000815925720848296,0.0663855055589871,0.00564173991581905,7.99928938894064,6.74592761052731,0
3,62,"Classical MDS","rigid",8000,1904,2,0.427680800158038,0.407205848845714,1,0.346325527981281,0.00148526762903201,0.332812078540681,0.359331132857227,6.79136740124198,6.74592761052731,0
3,62,"Classical MDS","similarity",8000,1904,2,0.407699747566694,0.388181376673284,0.87604806270744,0.321323350467234,0.00140397781773468,0.279150359930351,0.358570031739594,5.21210423953962,6.74592761052731,0
3,62,"Stress MDS","rigid",8000,1904,2,0.279629558892114,0.266242468329042,1,0.241500133843444,0.00103648860807168,0.250626588586048,0.232014961557487,7.59497276085765,6.74592761052731,0
3,62,"Stress MDS","similarity",8000,1904,2,0.262653641678587,0.250079262554282,0.909555717056445,0.221075038218807,0.000950345313363836,0.214984939807807,0.227001807708062,6.28325718574263,6.74592761052731,0
3,62,"Classical MDS + edge-KK","rigid",8000,1904,2,0.487360938026453,0.464028837371168,1,0.355656781366442,0.00157071153052731,0.385933266914442,0.32255078011473,8.40119169274501,6.74592761052731,0
3,62,"Classical MDS + edge-KK","similarity",8000,1904,2,0.46740969123216,0.445032744061863,0.864961124416556,0.319250594143934,0.00138592286024073,0.321837870153131,0.316642178267214,6.28541664687532,6.74592761052731,0
3,62,"Stress MDS + edge-KK","rigid",8000,1904,2,0.280581041616699,0.267148399412185,1,0.196214339167857,0.000925382962797641,0.217482760711537,0.172340890630882,8.85785536536648,6.74592761052731,0
3,62,"Stress MDS + edge-KK","similarity",8000,1904,2,0.267951646024815,0.255123628249905,0.920478433396477,0.181512742257956,0.000850909198572389,0.193297841651836,0.16890735808942,7.50508853343958,6.74592761052731,0
3,67,"Original saddle","rigid",8000,1904,2,2.8557931254801e-16,2.71907381243011e-16,1,0.0471108510727626,0.000815925720848296,0.066385505558987,0.00564173991581916,7.99928938894063,6.74592761052731,0
3,67,"Original saddle","similarity",8000,1904,2,4.24169993337792e-16,4.03863119710239e-16,1,0.0471108510727627,0.000815925720848296,0.0663855055589871,0.00564173991581905,7.99928938894064,6.74592761052731,0
3,67,"Classical MDS","rigid",8000,1904,2,0.425376960730394,0.405012304292413,1,0.344088994370985,0.00147883242703972,0.329597751027462,0.357994126505046,6.7844776944368,6.74592761052731,0
3,67,"Classical MDS","similarity",8000,1904,2,0.405728246068395,0.386304259578436,0.87733583344382,0.319565780945903,0.00139922678436694,0.276925443149008,0.357151054373154,5.22213571903388,6.74592761052731,0
3,67,"Stress MDS","rigid",8000,1904,2,0.277427685542738,0.264146008291668,1,0.239851780957888,0.00103259945712342,0.248789382090168,0.230567987839885,7.59175671129908,6.74592761052731,0
3,67,"Stress MDS","similarity",8000,1904,2,0.26067706541098,0.248197313641537,0.91046495116355,0.219703131278777,0.000947370430850269,0.213643520231971,0.225600040005074,6.29315960274126,6.74592761052731,0
3,67,"Classical MDS + edge-KK","rigid",8000,1904,2,0.495775556146216,0.472040610901578,1,0.354304340185339,0.0015427599661945,0.382588934227138,0.323556545839022,8.36791396129718,6.74592761052731,0
3,67,"Classical MDS + edge-KK","similarity",8000,1904,2,0.476136200545079,0.453341477189265,0.864221855331543,0.319751795918438,0.00137364338358853,0.319994602933684,0.319508804384866,6.24982268613114,6.74592761052731,0
3,67,"Stress MDS + edge-KK","rigid",8000,1904,2,0.279537631107873,0.266154941530083,1,0.188881555603169,0.000893005583245523,0.207711191222439,0.167953997079859,8.81409511448638,6.74592761052731,0
3,67,"Stress MDS + edge-KK","similarity",8000,1904,2,0.26740671624662,0.254604786644648,0.922055423012259,0.176072034616878,0.000832016709320912,0.18573653694725,0.165845294148181,7.49362205920309,6.74592761052731,0
3,67,"stress_mds","rigid",8000,1904,2,0.286803096141941,0.273072576961374,1,0.246038817631952,0.00105325585243046,0.254561299258383,0.237210338061691,7.57571195810127,6.74592761052731,0
3,67,"stress_mds","similarity",8000,1904,2,0.269745331288159,0.256831441951039,0.908112446949253,0.225374653597322,0.000965714119824711,0.218193636680752,0.232333824227671,6.24744886772147,6.74592761052731,0
3,67,"classical_kk","rigid",8000,1904,2,0.506749203435939,0.482488901678003,1,0.354547610045073,0.0015116753079496,0.380297971310757,0.32677433894703,8.26866693296273,6.74592761052731,0
3,67,"classical_kk","similarity",8000,1904,2,0.487158940803145,0.463836510638822,0.862232287360368,0.321356328577802,0.00135530987815681,0.31812318594037,0.324557265210867,6.1472950972424,6.74592761052731,0
3,67,"stress_kk","rigid",8000,1904,2,0.278694834345994,0.265352493137032,1,0.184293718264108,0.000864471426628226,0.200676330092632,0.166305020140024,8.75666189716485,6.74592761052731,0
3,67,"stress_kk","similarity",8000,1904,2,0.266956431830134,0.254176059313496,0.923322202891994,0.172774411502742,0.000810571368701449,0.180163031804594,0.165055374075535,7.46526346707971,6.74592761052731,0
3,72,"Original saddle","rigid",8000,1904,2,2.8557931254801e-16,2.71907381243011e-16,1,0.0471108510727626,0.000815925720848296,0.066385505558987,0.00564173991581916,7.99928938894063,6.74592761052731,0
3,72,"Original saddle","similarity",8000,1904,2,4.24169993337792e-16,4.03863119710239e-16,1,0.0471108510727627,0.000815925720848296,0.0663855055589871,0.00564173991581905,7.99928938894064,6.74592761052731,0
3,72,"Classical MDS","rigid",8000,1904,2,0.419412075523747,0.399332984241239,1,0.340369950792341,0.00146230770354747,0.326331096098339,0.353852260871706,6.77832334209002,6.74592761052731,0
3,72,"Classical MDS","similarity",8000,1904,2,0.400364840623416,0.381197623820835,0.87999973410241,0.316312624538143,0.00138400256520203,0.274959500821215,0.352852130208342,5.24913042399686,6.74592761052731,0
3,72,"Stress MDS","rigid",8000,1904,2,0.274370677461878,0.261235352564231,1,0.237905718091377,0.00102656529132044,0.246981161717614,0.228470057464354,7.58795344925371,6.74592761052731,0
3,72,"Stress MDS","similarity",8000,1904,2,0.257847165836448,0.245502893742468,0.911528102822874,0.217992209725764,0.000941753851237312,0.212347439452873,0.223494456217713,6.30470518495959,6.74592761052731,0
3,72,"Classical MDS + edge-KK","rigid",8000,1904,2,0.491975004810184,0.468422008588127,1,0.351280463822648,0.00153640721858784,0.379385398302403,0.320722072957002,8.3511693496192,6.74592761052731,0
3,72,"Classical MDS + edge-KK","similarity",8000,1904,2,0.472904150740351,0.450264159751215,0.866586065022297,0.317856049444298,0.00137334348162649,0.318130376485036,0.317581485439818,6.2714894056885,6.74592761052731,0
3,72,"Stress MDS + edge-KK","rigid",8000,1904,2,0.274947475835834,0.261784537076122,1,0.186335780575728,0.000887128565001033,0.205378979069203,0.165110633219135,8.82477513496212,6.74592761052731,0
3,72,"Stress MDS + edge-KK","similarity",8000,1904,2,0.263039887681998,0.250447017271407,0.92339535547449,0.173821060651901,0.00082682921641074,0.183967173920112,0.163044782719812,7.52452378747276,6.74592761052731,0
3,80,"Original saddle","rigid",8000,1904,2,2.8557931254801e-16,2.71907381243011e-16,1,0.0471108510727626,0.000815925720848296,0.066385505558987,0.00564173991581916,7.99928938894063,6.74592761052731,0
3,80,"Original saddle","similarity",8000,1904,2,4.24169993337792e-16,4.03863119710239e-16,1,0.0471108510727627,0.000815925720848296,0.0663855055589871,0.00564173991581905,7.99928938894064,6.74592761052731,0
3,80,"Classical MDS","rigid",8000,1904,2,0.411318080296126,0.39162648398217,1,0.334396979032707,0.00143774153153502,0.320113198815244,0.348095129406708,6.77730286126935,6.74592761052731,0
3,80,"Classical MDS","similarity",8000,1904,2,0.393063726043923,0.374246045543849,0.883562092345722,0.311074160062316,0.00136239387264176,0.270506059381617,0.346930451178302,5.29091815600539,6.74592761052731,0
3,80,"Stress MDS","rigid",8000,1904,2,0.271204448959903,0.258220705275156,1,0.23563652989456,0.0010204267868911,0.244614535434935,0.226302623704302,7.5834514974816,6.74592761052731,0
3,80,"Stress MDS","similarity",8000,1904,2,0.254960254621264,0.242754191599452,0.912733193727633,0.216045823746195,0.000936547275856804,0.210613661345887,0.221344712091398,6.31763605264732,6.74592761052731,0
3,80,"Classical MDS + edge-KK","rigid",8000,1904,2,0.481821984074269,0.458755057381552,1,0.343795260557177,0.00147470165861738,0.370575565343385,0.314744519783244,8.30528381193803,6.74592761052731,0
3,80,"Classical MDS + edge-KK","similarity",8000,1904,2,0.463900966774934,0.441691997597578,0.871873641981394,0.312604529065487,0.00133355493775595,0.313139300768557,0.312068840960916,6.31337483668574,6.74592761052731,0
3,80,"Stress MDS + edge-KK","rigid",8000,1904,2,0.270477085951214,0.257528164316425,1,0.183050551454552,0.000856194128516129,0.2018873104543,0.162038645554574,8.8378701378608,6.74592761052731,0
3,80,"Stress MDS + edge-KK","similarity",8000,1904,2,0.258869439499367,0.246476226691966,0.924938495012095,0.1709452720872,0.000791375195286681,0.181306373398052,0.159914261600333,7.56089705991213,6.74592761052731,0
4,32,"Original saddle","rigid",8000,1905,2,3.86384444491801e-16,3.58504706251106e-16,1,0.0183217767473297,0.000440415997365127,0.0256823771466837,0.00343373127275297,7.06072780536756,6.49434185050729,0
4,32,"Original saddle","similarity",8000,1905,2,7.4811030727421e-16,6.94130081518994e-16,1,0.0183217767473297,0.000440415997365126,0.0256823771466837,0.00343373127275304,7.06072780536755,6.49434185050729,0
4,32,"Classical MDS","rigid",8000,1905,2,0.41673537033319,0.386665647790892,1,0.328376459023931,0.00142986269445828,0.31917566857778,0.337326385374933,6.51608727303704,6.49434185050729,0
4,32,"Classical MDS","similarity",8000,1905,2,0.395962072729269,0.367391256542673,0.8760423445928,0.304102514142899,0.00134344027844755,0.26735449823588,0.336865329900697,5.00077241261887,6.49434185050729,0
4,32,"Stress MDS","rigid",8000,1905,2,0.437226824863795,0.405678532475767,1,0.342026317128089,0.00146904028952424,0.347978055407936,0.335969159553253,6.991794776088,6.49434185050729,0
4,32,"Stress MDS","similarity",8000,1905,2,0.409339763219608,0.379803673936611,0.855867546690327,0.310407501732539,0.00133238699337816,0.283365769670761,0.335275222530043,5.12155439986882,6.49434185050729,0
4,32,"Classical MDS + edge-KK","rigid",8000,1905,2,0.450161395608389,0.417679803622627,1,0.334876662619093,0.00137081039271959,0.359106344428103,0.308751342872041,7.68687716055858,6.49434185050729,0
4,32,"Classical MDS + edge-KK","similarity",8000,1905,2,0.430322340630856,0.399272244316313,0.87228343497656,0.302144366992823,0.00121895270819548,0.302092672746131,0.302196052396597,5.84877872523704,6.49434185050729,0
4,32,"Stress MDS + edge-KK","rigid",8000,1905,2,0.468588876751075,0.434777641820269,1,0.343035246182055,0.00141511607510696,0.371386986993163,0.312118673165361,8.02562498396917,6.49434185050729,0
4,32,"Stress MDS + edge-KK","similarity",8000,1905,2,0.440976991722881,0.40915810440827,0.849926764273531,0.304356375297318,0.00124322528477248,0.303610126291887,0.305100799050523,5.79751489775363,6.49434185050729,0
4,67,"Original saddle","rigid",8000,1905,2,3.86384444491801e-16,3.58504706251106e-16,1,0.0183217767473297,0.000440415997365127,0.0256823771466837,0.00343373127275297,7.06072780536756,6.49434185050729,0
4,67,"Original saddle","similarity",8000,1905,2,7.4811030727421e-16,6.94130081518994e-16,1,0.0183217767473297,0.000440415997365126,0.0256823771466837,0.00343373127275304,7.06072780536755,6.49434185050729,0
4,67,"Classical MDS","rigid",8000,1905,2,0.330890062251241,0.307014545383202,1,0.272843528377436,0.00120720448336157,0.265712463872833,0.279792902871974,6.39862106630469,6.49434185050729,0
4,67,"Classical MDS","similarity",8000,1905,2,0.317485157449584,0.294576877338457,0.910486288384497,0.254859478289678,0.00114009765800331,0.230536631283505,0.277055173177883,5.30436268481419,6.49434185050729,0
4,67,"Stress MDS","rigid",8000,1905,2,0.169186762654457,0.15697901794879,1,0.162425458214946,0.000829116732226547,0.169337578150551,0.155205810389871,6.93891102569542,6.49434185050729,0
4,67,"Stress MDS","similarity",8000,1905,2,0.153493406422104,0.14241802268519,0.932823005166423,0.147246061424992,0.000764824033152329,0.145680589918431,0.148795063531566,6.03795420670651,6.49434185050729,0
4,67,"Classical MDS + edge-KK","rigid",8000,1905,2,0.355520365650973,0.329867638490536,1,0.243676466287682,0.00113499071931097,0.264855518006745,0.220472209192639,7.5046783568751,6.49434185050729,0
4,67,"Classical MDS + edge-KK","similarity",8000,1905,2,0.346088010773013,0.321115879295812,0.920210075398649,0.227500649950704,0.00103151309678145,0.237493606826038,0.21704810105768,6.3548609413206,6.49434185050729,0
4,67,"Stress MDS + edge-KK","rigid",8000,1905,2,0.0597091749931896,0.0554008334098024,1,0.0455285815555938,0.00047115944440401,0.0542517001810996,0.0346764546110007,7.80940724256327,6.49434185050729,0
4,67,"Stress MDS + edge-KK","similarity",8000,1905,2,0.0384216516805024,0.0356493206332822,0.95626160808036,0.0397582863386706,0.000422876979331416,0.0463030646106596,0.0318977878987952,7.14120517582533,6.49434185050729,0
4,72,"Original saddle","rigid",8000,1905,2,3.86384444491801e-16,3.58504706251106e-16,1,0.0183217767473297,0.000440415997365127,0.0256823771466837,0.00343373127275297,7.06072780536756,6.49434185050729,0
4,72,"Original saddle","similarity",8000,1905,2,7.4811030727421e-16,6.94130081518994e-16,1,0.0183217767473297,0.000440415997365126,0.0256823771466837,0.00343373127275304,7.06072780536755,6.49434185050729,0
4,72,"Classical MDS","rigid",8000,1905,2,0.303923204651474,0.281993493163991,1,0.255342745561839,0.00114224502473071,0.250280378391594,0.260306679926345,6.41220917980789,6.49434185050729,0
4,72,"Classical MDS","similarity",8000,1905,2,0.291900100369109,0.270837921218944,0.918701979740742,0.238725630960767,0.00107791443400192,0.218762618888734,0.257143481994344,5.41199000698585,6.49434185050729,0
4,72,"Stress MDS","rigid",8000,1905,2,0.168839967573533,0.156657246018299,1,0.162252312174477,0.000828268502724573,0.169231956282906,0.154958609262564,6.93563524243013,6.49434185050729,0
4,72,"Stress MDS","similarity",8000,1905,2,0.153313743735303,0.142251323637974,0.933210367032379,0.147160855402007,0.000764282495053589,0.145701146771551,0.148606226500627,6.04011704160011,6.49434185050729,0
4,72,"Classical MDS + edge-KK","rigid",8000,1905,2,0.312357588550053,0.289819290410944,1,0.213268847530315,0.00104349142595747,0.232739365117231,0.191832193801368,7.53689125665526,6.49434185050729,0
4,72,"Classical MDS + edge-KK","similarity",8000,1905,2,0.304925393222188,0.282923368380953,0.933602152405105,0.200620073430568,0.000956502515361868,0.211870058044286,0.188700572947949,6.56925224042726,6.49434185050729,0
4,72,"Stress MDS + edge-KK","rigid",8000,1905,2,0.06498589270058,0.0602968072478437,1,0.0530480256617477,0.00050478342853612,0.0630386620238497,0.040673248499004,7.8736868754558,6.49434185050729,0
4,72,"Stress MDS + edge-KK","similarity",8000,1905,2,0.0459929661050106,0.0426743235607762,0.956059903502095,0.0469512235984677,0.000453373351547983,0.0544554353389868,0.0379926355604352,7.19694773309245,6.49434185050729,0
4,72,"stress_mds","rigid",8000,1905,2,0.175260846632173,0.162614823745889,1,0.166535721288804,0.000837481639797399,0.173423509481221,0.159350491965293,6.91987967936571,6.49434185050729,0
4,72,"stress_mds","similarity",8000,1905,2,0.159893045631274,0.14835589313392,0.932224570128296,0.15129103180095,0.0007712879157457,0.14950657469893,0.153054685418595,6.01367056836138,6.49434185050729,0
4,72,"classical_kk","rigid",8000,1905,2,0.314770610494324,0.292058199703595,1,0.211503492413606,0.000981590551161901,0.225962410923708,0.195980722153608,7.43685322759867,6.49434185050729,0
4,72,"classical_kk","similarity",8000,1905,2,0.307835760377621,0.285623736723974,0.935398749939565,0.200727412867623,0.000911587826274842,0.207068163897076,0.194179721014714,6.50702957709771,6.49434185050729,0
4,72,"stress_kk","rigid",8000,1905,2,0.0525705250386398,0.0487772758585882,1,0.0360951172543429,0.000400690204735733,0.0440187645586268,0.0258469214016236,7.76743884355567,6.49434185050729,0
4,72,"stress_kk","similarity",8000,1905,2,0.0283047036614856,0.0262623654144049,0.957562814767542,0.0308834100366009,0.000351761691080429,0.0368936911703445,0.0233757477485722,7.12217085630471,6.49434185050729,0
4,77,"Original saddle","rigid",8000,1905,2,3.86384444491801e-16,3.58504706251106e-16,1,0.0183217767473297,0.000440415997365127,0.0256823771466837,0.00343373127275297,7.06072780536756,6.49434185050729,0
4,77,"Original saddle","similarity",8000,1905,2,7.4811030727421e-16,6.94130081518994e-16,1,0.0183217767473297,0.000440415997365126,0.0256823771466837,0.00343373127275304,7.06072780536755,6.49434185050729,0
4,77,"Classical MDS","rigid",8000,1905,2,0.280444992639115,0.260209361787112,1,0.239961653027708,0.00109167667083682,0.236487541876082,0.243386179527492,6.4305651080842,6.49434185050729,0
4,77,"Classical MDS","similarity",8000,1905,2,0.269454208354923,0.250011622340184,0.925302290960968,0.224409012894842,0.00102829892127201,0.20784686204051,0.239830131711569,5.50574907638473,6.49434185050729,0
4,77,"Stress MDS","rigid",8000,1905,2,0.168542216621742,0.156380979416396,1,0.162074031306103,0.000827730957042998,0.169051468631641,0.154782376907414,6.9322282886663,6.49434185050729,0
4,77,"Stress MDS","similarity",8000,1905,2,0.153165483446125,0.142113761134674,0.93355567448239,0.1470869130553,0.000764191497949007,0.145666396356946,0.148493841477199,6.04161855964078,6.49434185050729,0
4,77,"Classical MDS + edge-KK","rigid",8000,1905,2,0.274174045345952,0.254390897433019,1,0.188690355237309,0.000984016761681217,0.207213540261124,0.168138779142753,7.57452779329443,6.49434185050729,0
4,77,"Classical MDS + edge-KK","similarity",8000,1905,2,0.268144901687477,0.248796789266812,0.943970513513654,0.178479382628145,0.000914205512726453,0.190642320977324,0.165424561353587,6.74951272854579,6.49434185050729,0
4,77,"Stress MDS + edge-KK","rigid",8000,1905,2,0.063549209774595,0.058963788805464,1,0.0503354349323093,0.000474130916621392,0.0595073908212258,0.0390663852602129,7.8657604352943,6.49434185050729,0
4,77,"Stress MDS + edge-KK","similarity",8000,1905,2,0.0443856447788913,0.0411829792065038,0.956457543690784,0.0443992676043931,0.000423150898345513,0.0512302226669757,0.0363050163628266,7.19568442822189,6.49434185050729,0
4,80,"Original saddle","rigid",8000,1905,2,3.86384444491801e-16,3.58504706251106e-16,1,0.0183217767473297,0.000440415997365127,0.0256823771466837,0.00343373127275297,7.06072780536756,6.49434185050729,0
4,80,"Original saddle","similarity",8000,1905,2,7.4811030727421e-16,6.94130081518994e-16,1,0.0183217767473297,0.000440415997365126,0.0256823771466837,0.00343373127275304,7.06072780536755,6.49434185050729,0
4,80,"Classical MDS","rigid",8000,1905,2,0.265840954882738,0.246659084749391,1,0.230558021952977,0.00105485847934494,0.228188428959286,0.232903507622431,6.44125253617477,6.49434185050729,0
4,80,"Classical MDS","similarity",8000,1905,2,0.255411607992983,0.236982271936649,0.929142809626209,0.21559372203441,0.000993616641151488,0.201194534026457,0.229089644984617,5.56077428522641,6.49434185050729,0
4,80,"Stress MDS","rigid",8000,1905,2,0.168429152760055,0.156276073726998,1,0.161663111516922,0.000827361195853084,0.16839044472296,0.154643400689034,6.93140458420207,6.49434185050729,0
4,80,"Stress MDS","similarity",8000,1905,2,0.15313255444169,0.142083208136927,0.933731909161173,0.146772288105616,0.000764198113450202,0.145138224974304,0.148388357908645,6.04318167197759,6.49434185050729,0
4,80,"Classical MDS + edge-KK","rigid",8000,1905,2,0.249143568815066,0.231166505861477,1,0.172234455231548,0.000932950445354556,0.189622000272099,0.152882020364151,7.57394480942625,6.49434185050729,0
4,80,"Classical MDS + edge-KK","similarity",8000,1905,2,0.243940839606049,0.226339181849415,0.95036490215697,0.163557195985756,0.000871745112803046,0.175750893069112,0.150377978117993,6.84073732172075,6.49434185050729,0
4,80,"Stress MDS + edge-KK","rigid",8000,1905,2,0.063282147569922,0.058715996590736,1,0.0500179938846966,0.00046181243549617,0.0592212350130348,0.0386839081276697,7.86235196448584,6.49434185050729,0
4,80,"Stress MDS + edge-KK","similarity",8000,1905,2,0.0442406291063662,0.0410484272031259,0.956670008102227,0.0441002628407116,0.000410067861145544,0.0510138767006176,0.0358782768428735,7.19576214366938,6.49434185050729,0
5,32,"Original saddle","rigid",8000,1906,2,3.49768317041621e-16,3.26770347902615e-16,1,0.00725495380251706,0.000230429312746327,0.00993471833511744,0.0025632169153614,6.49626666369865,6.29963887924988,0
5,32,"Original saddle","similarity",8000,1906,2,1.6719135679987e-16,1.56198189389757e-16,1,0.00725495380251705,0.000230429312746326,0.00993471833511742,0.00256321691536142,6.49626666369865,6.29963887924988,0
5,32,"Classical MDS","rigid",8000,1906,2,0.457609116890512,0.427520398629837,1,0.343180945625524,0.00153037292706845,0.330239965091674,0.355651357845162,6.19968845547683,6.29963887924988,0
5,32,"Classical MDS","similarity",8000,1906,2,0.43360970649397,0.405098997654853,0.860362914362021,0.317628838384817,0.00144950191385999,0.271876130129006,0.357574506660433,4.58916032249854,6.29963887924988,0
5,32,"Stress MDS","rigid",8000,1906,2,0.481919141244555,0.450231990070941,1,0.359916037225281,0.0015926805875921,0.361992886077806,0.35782713442801,6.62002188872082,6.29963887924988,0
5,32,"Stress MDS","similarity",8000,1906,2,0.449871218466456,0.42029128256395,0.837877691579382,0.326530128610777,0.00145921535843952,0.289278436791359,0.359946990248132,4.64751371916338,6.29963887924988,0
5,32,"Classical MDS + edge-KK","rigid",8000,1906,2,0.500198827448539,0.467309750203559,1,0.359129175806889,0.00158572546224086,0.377618693695074,0.339634585994267,7.1598030731755,6.29963887924988,0
5,32,"Classical MDS + edge-KK","similarity",8000,1906,2,0.475960558981085,0.444665196555424,0.851135686316562,0.323603749217079,0.00141818860980169,0.310302753294088,0.336379212069963,5.18679014860964,6.29963887924988,0
5,32,"Stress MDS + edge-KK","rigid",8000,1906,2,0.522422312265028,0.488071996271228,1,0.372533976353568,0.00164162477891203,0.397997244100575,0.345197509788164,7.50984033665006,6.29963887924988,0
5,32,"Stress MDS + edge-KK","similarity",8000,1906,2,0.489199413195746,0.457033569523414,0.826312012985741,0.329281301480413,0.00144366952182776,0.316809915855919,0.341297272512738,5.1276554696771,6.29963887924988,0
5,68,"Original saddle","rigid",8000,1906,2,3.49768317041621e-16,3.26770347902615e-16,1,0.00725495380251706,0.000230429312746327,0.00993471833511744,0.0025632169153614,6.49626666369865,6.29963887924988,0
5,68,"Original saddle","similarity",8000,1906,2,1.6719135679987e-16,1.56198189389757e-16,1,0.00725495380251705,0.000230429312746326,0.00993471833511742,0.00256321691536142,6.49626666369865,6.29963887924988,0
5,68,"Classical MDS","rigid",8000,1906,2,0.361927470439126,0.338130012550088,1,0.282039399383554,0.00127172320041592,0.269300571228708,0.294227204631325,6.07041283055499,6.29963887924988,0
5,68,"Classical MDS","similarity",8000,1906,2,0.346940125194,0.324128115347651,0.900982773054935,0.26370217350798,0.0012071572636353,0.23137336540058,0.29247912474034,4.9277787645065,6.29963887924988,0
5,68,"Stress MDS","rigid",8000,1906,2,0.183868524328147,0.171778799667265,1,0.161491027391965,0.000798489072776368,0.16437279819368,0.158556889065737,6.54496389090556,6.29963887924988,0
5,68,"Stress MDS","similarity",8000,1906,2,0.168332611791256,0.157264404573954,0.930196025090471,0.146624779822113,0.000735903632625186,0.140670973033168,0.152346084497331,5.66312585821816,6.29963887924988,0
5,68,"Classical MDS + edge-KK","rigid",8000,1906,2,0.40944135572002,0.382519764471488,1,0.278816540360269,0.001284819373388,0.291007529924321,0.266067555113894,6.88774192937664,6.29963887924988,0
5,68,"Classical MDS + edge-KK","similarity",8000,1906,2,0.397046140082778,0.370939559150525,0.901763863186823,0.261336353181731,0.00119170702172665,0.256815935963913,0.265779897704158,5.60096065400288,6.29963887924988,0
5,68,"Stress MDS + edge-KK","rigid",8000,1906,2,0.108940350767572,0.101777303965231,1,0.0683075505596969,0.000351050619836502,0.0733523271302242,0.0628592000546593,7.24854776339288,6.29963887924988,0
5,68,"Stress MDS + edge-KK","similarity",8000,1906,2,0.0967410377929061,0.0903801203134309,0.952083820560228,0.0633338070538574,0.000328160467044436,0.066283260417151,0.0602401163705934,6.57054471032614,6.29963887924988,0
5,73,"Original saddle","rigid",8000,1906,2,3.49768317041621e-16,3.26770347902615e-16,1,0.00725495380251706,0.000230429312746327,0.00993471833511744,0.0025632169153614,6.49626666369865,6.29963887924988,0
5,73,"Original saddle","similarity",8000,1906,2,1.6719135679987e-16,1.56198189389757e-16,1,0.00725495380251705,0.000230429312746326,0.00993471833511742,0.00256321691536142,6.49626666369865,6.29963887924988,0
5,73,"Classical MDS","rigid",8000,1906,2,0.298862089789935,0.279211307306427,1,0.241450193704191,0.00110906843336202,0.233149499177379,0.249474854670606,6.09258311117909,6.29963887924988,0
5,73,"Classical MDS","similarity",8000,1906,2,0.287197224780817,0.268313430593331,0.92054041928269,0.226018249326036,0.00104930281928492,0.203832451578795,0.246212976384655,5.16282241554535,6.29963887924988,0
5,73,"Stress MDS","rigid",8000,1906,2,0.182316417941409,0.170328747391902,1,0.160609005674073,0.000797796489417818,0.163518010240976,0.157646331178561,6.53749095831062,6.29963887924988,0
5,73,"Stress MDS","similarity",8000,1906,2,0.166904793750603,0.155930468436364,0.930746623552943,0.145852805988568,0.00073557431314046,0.140012380419623,0.151468199166387,5.66335831733734,6.29963887924988,0
5,73,"Classical MDS + edge-KK","rigid",8000,1906,2,0.307645052066313,0.28741677217798,1,0.208420846745797,0.000995484671208015,0.216227828278027,0.200309822511624,6.94448055377942,6.29963887924988,0
5,73,"Classical MDS + edge-KK","similarity",8000,1906,2,0.300648996645992,0.280880721448799,0.935979082865342,0.198541157870284,0.00093584488881165,0.198370338540617,0.198711830358002,6.08375971411784,6.29963887924988,0
5,73,"Stress MDS + edge-KK","rigid",8000,1906,2,0.105834173101755,0.0988753637177799,1,0.0669047791469169,0.00034847273813671,0.0719485353746166,0.061448410905759,7.2562103852568,6.29963887924988,0
5,73,"Stress MDS + edge-KK","similarity",8000,1906,2,0.0935208240822299,0.087371642120041,0.952595690414919,0.0618870364459866,0.000329994465940603,0.0648800913578381,0.0587416743507737,6.5845650261174,6.29963887924988,0
5,73,"stress_mds","rigid",8000,1906,2,0.169962468374552,0.158787094814338,1,0.153308740989584,0.000785697710760913,0.156218328174761,0.150342855067694,6.52993689640223,6.29963887924988,0
5,73,"stress_mds","similarity",8000,1906,2,0.154279771843435,0.144135567069147,0.932685085942925,0.13871055023693,0.000725249408913528,0.133444669493741,0.143783704493139,5.68040170218611,6.29963887924988,0
5,73,"classical_kk","rigid",8000,1906,2,0.310431244766705,0.290019767113976,1,0.205999705265188,0.000918088839085164,0.213681328592066,0.198020319537714,6.86711891943438,6.29963887924988,0
5,73,"classical_kk","similarity",8000,1906,2,0.30387411196879,0.283893778963473,0.937543338055284,0.197155440427252,0.000869392756408876,0.197286824460583,0.197023968781431,6.03611176489319,6.29963887924988,0
5,73,"stress_kk","rigid",8000,1906,2,0.101470707440395,0.0947988046849792,1,0.0607669419703846,0.000282540213207416,0.0639875077806883,0.0573658550087118,7.15171565485999,6.29963887924988,0
5,73,"stress_kk","similarity",8000,1906,2,0.0892399959684534,0.0833722870501431,0.953752798830193,0.0568335019948859,0.000272643126233642,0.0583158876007408,0.0553114016396544,6.50551810496437,6.29963887924988,0
5,78,"Original saddle","rigid",8000,1906,2,3.49768317041621e-16,3.26770347902615e-16,1,0.00725495380251706,0.000230429312746327,0.00993471833511744,0.0025632169153614,6.49626666369865,6.29963887924988,0
5,78,"Original saddle","similarity",8000,1906,2,1.6719135679987e-16,1.56198189389757e-16,1,0.00725495380251705,0.000230429312746326,0.00993471833511742,0.00256321691536142,6.49626666369865,6.29963887924988,0
5,78,"Classical MDS","rigid",8000,1906,2,0.220527682808926,0.206027544870667,1,0.193157748777098,0.000941140942733933,0.191840473993588,0.194466100807283,6.13512965633549,6.29963887924988,0
5,78,"Classical MDS","similarity",8000,1906,2,0.211380676551251,0.197481972640543,0.939578129715387,0.180332251763346,0.000883096264878951,0.170205549245598,0.189919754259745,5.41613578591368,6.29963887924988,0
5,78,"Stress MDS","rigid",8000,1906,2,0.181115623441752,0.169206907541651,1,0.159582937925023,0.000794965974459186,0.16226665393488,0.156853311008538,6.5362026155624,6.29963887924988,0
5,78,"Stress MDS","similarity",8000,1906,2,0.165829665097861,0.154926031651272,0.931231497348013,0.14497920521648,0.000733518162207747,0.139005474851676,0.150716348985982,5.66814328301955,6.29963887924988,0
5,78,"Classical MDS + edge-KK","rigid",8000,1906,2,0.152648740748659,0.142611779543771,1,0.105682943578801,0.00059447137843189,0.110299570400796,0.100855212539363,6.90801890778757,6.29963887924988,0
5,78,"Classical MDS + edge-KK","similarity",8000,1906,2,0.14948051582964,0.139651871774599,0.969658959664555,0.102417241974271,0.000574246664169287,0.104873304423851,0.0999008154443944,6.49518532241272,6.29963887924988,0
5,78,"Stress MDS + edge-KK","rigid",8000,1906,2,0.103914505599559,0.0970819182083194,1,0.0661193834819022,0.000349158821367175,0.0710782739587621,0.0607570960061196,7.25137837522333,6.29963887924988,0
5,78,"Stress MDS + edge-KK","similarity",8000,1906,2,0.0915924277848401,0.0855700417511968,0.953026038048503,0.0610524337449032,0.000332610257499657,0.0639392631945666,0.0580221505503505,6.58612698287947,6.29963887924988,0
5,80,"Original saddle","rigid",8000,1906,2,3.49768317041621e-16,3.26770347902615e-16,1,0.00725495380251706,0.000230429312746327,0.00993471833511744,0.0025632169153614,6.49626666369865,6.29963887924988,0
5,80,"Original saddle","similarity",8000,1906,2,1.6719135679987e-16,1.56198189389757e-16,1,0.00725495380251705,0.000230429312746326,0.00993471833511742,0.00256321691536142,6.49626666369865,6.29963887924988,0
5,80,"Classical MDS","rigid",8000,1906,2,0.208365227558958,0.19466479547416,1,0.186032176015762,0.000917400861889126,0.185968906742849,0.186095423778202,6.14192546865454,6.29963887924988,0
5,80,"Classical MDS","similarity",8000,1906,2,0.199464290945059,0.186349113314655,0.942075929449281,0.173493437965137,0.000859876613969909,0.16523935968919,0.181372269223916,5.45100219606368,6.29963887924988,0
5,80,"Stress MDS","rigid",8000,1906,2,0.180491608207291,0.168623922561805,1,0.159189642071082,0.000793608141029183,0.161891168278814,0.156441471224095,6.53466304327709,6.29963887924988,0
5,80,"Stress MDS","similarity",8000,1906,2,0.165256659452057,0.154390702277207,0.931455099304205,0.144632036539897,0.00073225308214981,0.13872061948827,0.150311149673426,5.66952986764813,6.29963887924988,0
5,80,"Classical MDS + edge-KK","rigid",8000,1906,2,0.118761658323556,0.110952840829382,1,0.0850123663646304,0.000531914879772291,0.0899147736759469,0.0798093875720865,6.91994060348657,6.29963887924988,0
5,80,"Classical MDS + edge-KK","similarity",8000,1906,2,0.115729424441049,0.108119982413019,0.973856281788718,0.0822172777117542,0.000514866360790192,0.0855191373707998,0.0787771454929519,6.56284438702991,6.29963887924988,0
5,80,"Stress MDS + edge-KK","rigid",8000,1906,2,0.102308312324716,0.095581335366344,1,0.0644179436624729,0.000342564159294218,0.069136877024859,0.0593248275737283,7.24282151324669,6.29963887924988,0
5,80,"Stress MDS + edge-KK","similarity",8000,1906,2,0.0898943431262319,0.0839836095684458,0.953247730537371,0.0594174684904782,0.000325308458751475,0.0620806730663329,0.0566291546402119,6.58141600315221,6.29963887924988,0
